Date,RelativeHumidity
2012-07-01 10:00:00,61.423876914978024
2012-07-01 11:00:00,50.37580121040344
2012-07-01 12:00:00,47.79964078426361
2012-07-01 13:00:00,47.82858412742615
2012-07-01 14:00:00,52.77061732053756
2012-07-01 15:00:00,51.16915406227111
2012-07-01 16:00:00,49.716008722782135
2012-07-01 17:00:00,60.545958042144775
2012-07-01 18:00:00,58.71082466602325
2012-07-01 19:00:00,64.21548703193665
2012-07-02 08:00:00,69.21258266448974
2012-07-02 09:00:00,62.96450013160705
2012-07-02 10:00:00,65.78033652305602
2012-07-02 11:00:00,59.01725430011749
2012-07-02 12:00:00,57.08384865999221
2012-07-02 13:00:00,54.1116873216629
2012-07-02 14:00:00,55.27008964538574
2012-07-02 15:00:00,53.354793767929074
2012-07-02 16:00:00,53.52852299213409
2012-07-02 17:00:00,58.81709934711456
2012-07-02 18:00:00,58.51444613456726
2012-07-02 19:00:00,64.59508425712585
2012-07-02 20:00:00,68.26951936721801
2012-07-03 08:00:00,70.16815103530884
2012-07-03 09:00:00,68.12468276500702
2012-07-03 10:00:00,64.6177243423462
2012-07-03 11:00:00,57.770477256774896
2012-07-03 12:00:00,55.24465067386627
2012-07-03 13:00:00,55.832585098743436
2012-07-03 14:00:00,58.70353926181793
2012-07-03 16:00:00,57.530854318141934
2012-07-03 17:00:00,65.71486010551452
2012-07-03 18:00:00,67.24554658412933
2012-07-03 19:00:00,73.06748369216919
2012-07-03 20:00:00,70.41436542034148
2012-07-03 21:00:00,69.40898425102233
2012-07-04 09:00:00,69.40898425102233
2012-07-04 10:00:00,63.01509219169616
2012-07-04 11:00:00,61.7729261636734
2012-07-04 12:00:00,56.74359953403473
2012-07-04 13:00:00,60.08838854789734
2012-07-04 15:00:00,61.553852214813226
2012-07-04 16:00:00,60.04813438415527
2012-07-05 09:00:00,65.27272367954254
2012-07-05 10:00:00,59.92964973449707
2012-07-05 11:00:00,57.8816811132431
2012-07-05 12:00:00,51.07374523878097
2012-07-05 13:00:00,54.68428089857101
2012-07-05 14:00:00,55.81904024124145
2012-07-05 15:00:00,54.789940009117124
2012-07-05 16:00:00,54.64763715982437
2012-07-05 17:00:00,58.314092907905575
2012-07-05 18:00:00,61.13527346611023
2012-07-06 09:00:00,66.41063465118408
2012-07-06 10:00:00,58.899133920669556
2012-07-06 13:00:00,57.412302808761595
2012-07-06 15:00:00,47.43922077178955
2012-07-06 16:00:00,48.98489305019378
2012-07-06 18:00:00,64.71930500984192
2012-07-06 19:00:00,65.18753517150878
2012-07-07 10:00:00,62.699306807518
2012-07-07 11:00:00,64.79297981262206
2012-07-07 12:00:00,65.67355001926421
2012-07-07 13:00:00,67.02712739944458
2012-07-07 14:00:00,59.311644573211666
2012-07-07 15:00:00,63.54042516708374
2012-07-07 16:00:00,63.243863105773926
2012-07-07 17:00:00,64.282604970932
2012-07-07 18:00:00,67.55145056247711
2012-07-07 19:00:00,71.56861321926117
2012-07-07 20:00:00,72.59715551853179
2012-07-07 21:00:00,73.03607806682587
2012-07-08 09:00:00,72.10680631637572
2012-07-08 10:00:00,67.33207228660584
2012-07-08 11:00:00,67.14727201461791
2012-07-08 12:00:00,62.595568184852596
2012-07-08 13:00:00,61.72072485923767
2012-07-08 14:00:00,57.74391089200973
2012-07-08 15:00:00,59.05022767066955
2012-07-08 16:00:00,58.92800809860229
2012-07-08 17:00:00,64.38720585346222
2012-07-08 18:00:00,67.21669546127319
2012-07-08 19:00:00,73.4055402803421
2012-07-08 20:00:00,73.97224328517913
2012-07-09 08:00:00,75.78598155021668
2012-07-09 10:00:00,62.554156656265256
2012-07-09 12:00:00,62.46175190925598
2012-07-09 13:00:00,59.42768077373504
2012-07-09 15:00:00,56.4903787112236
2012-07-09 16:00:00,57.997920198440546
2012-07-09 17:00:00,55.483263800144194
2012-07-09 19:00:00,58.941094160079956
2012-07-09 20:00:00,68.52873681545258
2012-07-10 10:00:00,71.58203588485718
2012-07-10 12:00:00,66.0125288105011
2012-07-10 13:00:00,57.5303332734108
2012-07-10 14:00:00,56.973696115016935
2012-07-10 15:00:00,53.23320359945297
2012-07-10 16:00:00,52.80486563682556
2012-07-10 17:00:00,56.29251312732696
2012-07-10 18:00:00,63.84636603355408
2012-07-10 19:00:00,66.09840435981751
2012-07-10 22:00:00,66.12899383544922
2012-07-11 09:00:00,72.26493186473846
2012-07-11 10:00:00,60.468737368583675
2012-07-11 11:00:00,57.92609671831131
2012-07-11 12:00:00,57.33744758605957
2012-07-11 13:00:00,57.65516498565673
2012-07-11 14:00:00,55.84835938215255
2012-07-11 15:00:00,55.607793490886685
2012-07-11 16:00:00,57.8742389345169
2012-07-11 17:00:00,63.16463202953339
2012-07-11 18:00:00,63.84636603355408
2012-07-11 19:00:00,68.76865716457367
2012-07-11 20:00:00,69.92819840908051
2012-07-12 10:00:00,70.7845423412323
2012-07-12 11:00:00,57.9598562669754
2012-07-12 13:00:00,59.09800240039825
2012-07-12 14:00:00,60.457214441299435
2012-07-12 15:00:00,55.8145860004425
2012-07-12 16:00:00,50.90420512199402
2012-07-12 17:00:00,57.885904803276055
2012-07-12 18:00:00,64.13979260444641
2012-07-12 19:00:00,69.02963140964508
2012-07-13 09:00:00,66.81453192710876
2012-07-13 10:00:00,58.08532660484314
2012-07-13 11:00:00,57.27029045343399
2012-07-13 13:00:00,52.92736878633499
2012-07-13 14:00:00,51.42470805883407
2012-07-13 15:00:00,53.354793767929074
2012-07-13 16:00:00,51.7866427898407
2012-07-13 17:00:00,57.292679238319394
2012-07-13 18:00:00,64.4337217760086
2012-07-13 19:00:00,64.3502670097351
2012-07-14 09:00:00,70.17858115196228
2012-07-14 10:00:00,63.66200841903686
2012-07-14 11:00:00,61.800029711723326
2012-07-14 13:00:00,57.13958200216293
2012-07-14 14:00:00,58.93593443393707
2012-07-14 15:00:00,59.647215824127194
2012-07-14 16:00:00,64.0713144159317
2012-07-14 17:00:00,64.27416681289672
2012-07-14 18:00:00,69.63335164546966
2012-07-14 19:00:00,69.95880171775818
2012-07-14 21:00:00,72.22731059074401
2012-07-15 10:00:00,70.20443972587586
2012-07-15 12:00:00,61.214988698959345
2012-07-15 13:00:00,62.28670854568481
2012-07-15 14:00:00,62.79514676094055
2012-07-15 15:00:00,55.40276700019836
2012-07-15 16:00:00,55.713706207275386
2012-07-15 17:00:00,58.64424621582031
2012-07-15 18:00:00,63.283338007926936
2012-07-15 19:00:00,71.08759671211243
2012-07-16 09:00:00,71.97512494087219
2012-07-16 10:00:00,60.25024901866912
2012-07-16 11:00:00,61.748252620697016
2012-07-16 12:00:00,60.780151510238646
2012-07-16 13:00:00,49.98145334720611
2012-07-16 14:00:00,51.342742650508875
2012-07-16 16:00:00,48.396947097778316
2012-07-16 17:00:00,56.42859802246093
2012-07-16 18:00:00,60.19962468147278
2012-07-16 19:00:00,68.18837471961974
2012-07-17 09:00:00,71.24584214687347
2012-07-17 10:00:00,61.93991869449615
2012-07-17 11:00:00,57.71185280799865
2012-07-17 12:00:00,60.20634754180908
2012-07-17 13:00:00,55.48913592815399
2012-07-17 14:00:00,53.89689239501953
2012-07-17 15:00:00,51.93466099262237
2012-07-17 16:00:00,49.29689740180969
2012-07-17 17:00:00,48.8712153840065
2012-07-17 18:00:00,55.31772604465484
2012-07-18 09:00:00,60.61202466964721
2012-07-18 10:00:00,62.790323638916014
2012-07-18 11:00:00,65.64451445579529
2012-07-18 12:00:00,56.53819494009018
2012-07-18 13:00:00,55.79794484615326
2012-07-18 15:00:00,61.90903872489929
2012-07-18 16:00:00,57.24476156711578
2012-07-18 17:00:00,66.12607967376708
2012-07-18 18:00:00,61.00764978408813
2012-07-18 19:00:00,66.38886143684387
2012-07-18 20:00:00,68.61965220451354
2012-07-19 10:00:00,66.83223822593689
2012-07-19 11:00:00,70.56195940971374
2012-07-19 12:00:00,69.54487087249755
2012-07-19 13:00:00,68.34586855888367
2012-07-19 14:00:00,67.22048571586609
2012-07-19 15:00:00,62.329092998504635
2012-07-19 16:00:00,58.782567453384395
2012-07-19 17:00:00,66.90710728168487
2012-07-19 20:00:00,67.81297351837158
2012-07-20 08:00:00,72.61980943679809
2012-07-20 10:00:00,63.67633023262024
2012-07-20 12:00:00,64.18192345142364
2012-07-20 13:00:00,55.4904062628746
2012-07-20 14:00:00,55.8803390789032
2012-07-20 15:00:00,59.79762714385986
2012-07-20 16:00:00,62.58846261024475
2012-07-20 17:00:00,66.69636082649231
2012-07-20 18:00:00,71.50218693256377
2012-07-20 19:00:00,73.73953917503357
2012-07-21 09:00:00,73.78889548301696
2012-07-21 10:00:00,70.5778120803833
2012-07-21 11:00:00,68.94015465736389
2012-07-21 12:00:00,62.245043411254876
2012-07-21 13:00:00,59.844502725601195
2012-07-21 14:00:00,58.52796102046966
2012-07-21 15:00:00,59.37243619918823
2012-07-21 16:00:00,66.51448393821715
2012-07-21 17:00:00,61.85385409355163
2012-07-21 18:00:00,65.1591866493225
2012-07-22 09:00:00,70.49151231765747
2012-07-22 10:00:00,61.0667215013504
2012-07-22 11:00:00,61.65594009399414
2012-07-22 12:00:00,58.6706673336029
2012-07-22 13:00:00,54.31706194400787
2012-07-22 14:00:00,56.168412261009216
2012-07-22 15:00:00,55.58183808565139
2012-07-22 16:00:00,57.92837225437164
2012-07-22 17:00:00,61.235563049316404
2012-07-23 10:00:00,64.14978006362915
2012-07-23 11:00:00,64.16538835048675
2012-07-23 12:00:00,60.900517454147334
2012-07-23 13:00:00,57.58915369033813
2012-07-23 14:00:00,58.02787796497345
2012-07-23 15:00:00,57.08384865999221
2012-07-23 16:00:00,56.72864140033722
2012-07-23 17:00:00,57.6403636264801
2012-07-23 18:00:00,60.709602975845335
2012-07-24 10:00:00,60.470535664558405
2012-07-24 11:00:00,53.54173816204071
2012-07-24 12:00:00,57.8513959646225
2012-07-24 13:00:00,60.31836754798889
2012-07-24 14:00:00,56.119876713752745
2012-07-24 15:00:00,55.92276041984558
2012-07-24 16:00:00,52.744336838722226
2012-07-24 17:00:00,54.94456579685211
2012-07-25 10:00:00,57.321961491107935
2012-07-25 11:00:00,60.506234145164484
2012-07-25 12:00:00,57.260037860870355
2012-07-25 13:00:00,59.834275493621824
2012-07-25 14:00:00,58.53199104785919
2012-07-25 15:00:00,55.725491962432855
2012-07-25 17:00:00,55.71466068744659
2012-07-26 09:00:00,61.13527346611023
2012-07-26 11:00:00,62.19869348526001
2012-07-26 12:00:00,59.05334932804107
2012-07-26 13:00:00,54.31706194400787
2012-07-26 16:00:00,50.716299331188196
2012-07-27 09:00:00,65.01071656703948
2012-07-27 10:00:00,60.07042864322662
2012-07-27 11:00:00,54.76013440608978
2012-07-27 12:00:00,50.48107530117034
2012-07-27 13:00:00,52.12851729869842
2012-07-27 14:00:00,66.12276435375213
2012-07-27 16:00:00,50.002767765522
2012-07-27 17:00:00,59.28138247966766
2012-07-28 09:00:00,64.86321479797363
2012-07-28 10:00:00,55.310602025985716
2012-07-28 11:00:00,56.221187636852264
2012-07-28 12:00:00,53.61098869562149
2012-07-28 13:00:00,55.34007563591003
2012-07-28 14:00:00,54.01056545019149
2012-07-28 15:00:00,55.58282023191452
2012-07-28 16:00:00,59.187921810150144
2012-07-28 17:00:00,60.71430621147155
2012-07-28 18:00:00,62.28488258361816
2012-07-28 19:00:00,64.28847940444946
2012-07-29 12:00:00,63.61665447235107
2012-07-29 13:00:00,52.30617741346359
2012-07-29 14:00:00,46.593507535457604
2012-07-29 15:00:00,45.58796728610992
2012-07-29 16:00:00,51.51144817352294
2012-07-29 17:00:00,57.943888320922845
2012-07-29 18:00:00,60.85835894107818
2012-07-29 19:00:00,65.16551296234131
2012-07-30 10:00:00,62.710949621200555
2012-07-30 12:00:00,53.53065328121185
2012-07-30 13:00:00,50.19554048299789
2012-07-30 15:00:00,50.5673912024498
2012-07-30 16:00:00,56.27052550077438
2012-07-30 17:00:00,62.42016055107116
2012-07-30 18:00:00,67.8199315404892
2012-07-31 09:00:00,69.40898425102233
2012-07-31 10:00:00,62.41586769580841
2012-07-31 11:00:00,59.61580558776855
2012-07-31 12:00:00,52.70441466808319
2012-07-31 13:00:00,53.20356168746948
2012-07-31 14:00:00,57.02360805034637
2012-07-31 15:00:00,54.223633551597594
2012-07-31 16:00:00,52.00124635934829
2012-07-31 18:00:00,55.08955456256866
2012-07-31 19:00:00,69.14538172721862
2012-08-01 10:00:00,62.01432664871216
2012-08-01 11:00:00,57.35632277727127
2012-08-01 12:00:00,60.83192399024963
2012-08-01 13:00:00,54.329419465065
2012-08-01 14:00:00,54.64598411083221
2012-08-01 15:00:00,56.49580357074737
2012-08-01 16:00:00,64.52501987934112
2012-08-01 17:00:00,68.16874101638794
2012-08-02 10:00:00,68.71206156253814
2012-08-02 11:00:00,60.77156118869781
2012-08-02 12:00:00,61.25767747879028
2012-08-02 13:00:00,59.769398508071895
2012-08-02 14:00:00,58.6565945148468
2012-08-02 15:00:00,58.04984945297241
2012-08-02 16:00:00,59.8873021697998
2012-08-02 17:00:00,60.42253499507904
2012-08-03 09:00:00,58.58024532318115
2012-08-03 10:00:00,65.52225799560547
2012-08-03 11:00:00,60.341565566062926
2012-08-03 12:00:00,56.43516410827636
2012-08-03 13:00:00,57.20671377420425
2012-08-03 14:00:00,55.69217276573181
2012-08-03 15:00:00,51.16915406227111
2012-08-03 16:00:00,51.75225844860076
2012-08-03 17:00:00,49.91659941673279
2012-08-03 18:00:00,53.32350111246109
2012-08-03 19:00:00,70.42801863670348
2012-08-03 20:00:00,70.6711298084259
2012-08-04 09:00:00,69.6616448354721
2012-08-04 10:00:00,59.583473148345945
2012-08-04 11:00:00,61.27385292053222
2012-08-04 12:00:00,58.121278691291806
2012-08-04 13:00:00,58.700721931457515
2012-08-04 14:00:00,57.500748999118805
2012-08-04 15:00:00,57.92837225437164
2012-08-04 16:00:00,53.89365546226501
2012-08-04 17:00:00,56.803136963844295
2012-08-04 18:00:00,62.11338509082794
2012-08-04 19:00:00,66.72349204063416
2012-08-05 09:00:00,70.21436263084411
2012-08-05 10:00:00,65.32179410457611
2012-08-05 11:00:00,59.788626441955564
2012-08-05 12:00:00,58.700721931457515
2012-08-05 13:00:00,53.87884027004242
2012-08-05 14:00:00,56.56230363368988
2012-08-05 16:00:00,56.27557917356491
2012-08-05 17:00:00,52.52255622386932
2012-08-05 18:00:00,57.194275560379026
2012-08-05 19:00:00,70.49151231765747
2012-08-05 20:00:00,68.59397807121276
2012-08-05 21:00:00,72.95207920074462
2012-08-05 22:00:00,72.62026131629943
2012-08-06 10:00:00,75.83813213348388
2012-08-06 11:00:00,64.89043823242187
2012-08-06 12:00:00,65.85858545303344
2012-08-06 13:00:00,63.417403278350825
2012-08-06 14:00:00,62.88916536331176
2012-08-06 15:00:00,63.5071566915512
2012-08-06 16:00:00,61.22793642997741
2012-08-06 17:00:00,64.4110909128189
2012-08-06 18:00:00,68.52254422187805
2012-08-07 09:00:00,73.67313133239746
2012-08-07 10:00:00,67.69346522331237
2012-08-07 11:00:00,66.44086446762084
2012-08-07 12:00:00,66.63487293720245
2012-08-07 13:00:00,62.73577532768249
2012-08-07 14:00:00,61.00665380477905
2012-08-07 16:00:00,65.4573487329483
2012-08-07 17:00:00,70.29396719932556
2012-08-07 18:00:00,73.49165099143981
2012-08-07 19:00:00,69.46973437786102
2012-08-08 10:00:00,70.89529892921448
2012-08-08 11:00:00,58.48934376716613
2012-08-08 12:00:00,55.08630610227585
2012-08-08 13:00:00,52.03066463708877
2012-08-08 14:00:00,48.340798764228815
2012-08-08 15:00:00,47.724218406677245
2012-08-08 16:00:00,53.22215791225433
2012-08-08 17:00:00,50.4528512763977
2012-08-09 09:00:00,55.22576164960861
2012-08-09 10:00:00,59.860968661308284
2012-08-09 11:00:00,55.16865653038025
2012-08-09 12:00:00,57.08384865999221
2012-08-09 13:00:00,51.56090361833572
2012-08-09 14:00:00,56.61201960086822
2012-08-09 15:00:00,58.757169981002804
2012-08-09 16:00:00,62.73186518669128
2012-08-09 17:00:00,62.601650114059446
2012-08-09 18:00:00,63.623464941978455
2012-08-09 19:00:00,71.14010695457458
2012-08-09 22:00:00,69.07401243209839
2012-08-10 09:00:00,70.30616794586182
2012-08-10 10:00:00,57.81300004005432
2012-08-10 11:00:00,53.03225094079971
2012-08-10 12:00:00,53.1538249707222
2012-08-10 13:00:00,53.354793767929074
2012-08-10 14:00:00,52.57049233913421
2012-08-10 15:00:00,51.220866599082946
2012-08-10 16:00:00,52.32465836286544
2012-08-10 17:00:00,59.34512976646423
2012-08-10 19:00:00,58.6388006067276
2012-08-10 20:00:00,66.46125437736511
2012-08-11 09:00:00,69.07309945106506
2012-08-11 10:00:00,66.36988249778747
2012-08-11 11:00:00,62.64767726898193
2012-08-11 12:00:00,55.078393599987024
2012-08-11 13:00:00,50.89916067123413
2012-08-11 14:00:00,53.166710453033446
2012-08-11 15:00:00,54.3320477437973
2012-08-11 16:00:00,51.93466099262237
2012-08-11 17:00:00,55.80180887699127
2012-08-11 19:00:00,61.484756150245666
2012-08-12 09:00:00,68.05617691040038
2012-08-12 10:00:00,56.26263605356216
2012-08-12 11:00:00,63.96556077957153
2012-08-12 12:00:00,59.00047020435333
2012-08-12 13:00:00,53.52852299213409
2012-08-12 14:00:00,52.985234723091125
2012-08-12 15:00:00,62.40920016765594
2012-08-12 16:00:00,58.98707520484924
2012-08-12 17:00:00,57.51781667232513
2012-08-12 19:00:00,67.15877188682556
2012-08-12 20:00:00,70.17930047035217
2012-08-13 10:00:00,69.66958961486816
2012-08-13 11:00:00,58.99829380512237
2012-08-13 12:00:00,56.76684827327728
2012-08-13 13:00:00,55.08630610227585
2012-08-13 14:00:00,52.89890268325805
2012-08-13 15:00:00,52.95796056747436
2012-08-13 16:00:00,56.26045273780822
2012-08-13 17:00:00,55.26389244079589
2012-08-13 18:00:00,61.94186454296112
2012-08-13 19:00:00,66.06059403419495
2012-08-14 09:00:00,69.45188513755798
2012-08-14 10:00:00,61.049001369476315
2012-08-14 11:00:00,57.42821542263031
2012-08-14 12:00:00,51.02203039646148
2012-08-14 13:00:00,51.21835129022598
2012-08-14 15:00:00,56.602509381771085
2012-08-14 16:00:00,52.69587045669555
2012-08-14 17:00:00,56.307337541580196
2012-08-14 18:00:00,61.33680711269378
2012-08-15 10:00:00,64.32246258735657
2012-08-15 11:00:00,51.60499645233154
2012-08-15 12:00:00,48.23111193180084
2012-08-15 13:00:00,46.71317491054535
2012-08-15 14:00:00,47.20079439163208
2012-08-15 15:00:00,48.35753674983978
2012-08-15 16:00:00,48.31361452341079
2012-08-15 17:00:00,51.79301060199737
2012-08-15 19:00:00,53.38571523666381
2012-08-16 09:00:00,63.09148749351501
2012-08-16 10:00:00,59.498206253051755
2012-08-16 11:00:00,54.26754425048828
2012-08-16 12:00:00,49.35483250379562
2012-08-16 13:00:00,51.56090361833572
2012-08-16 14:00:00,56.95963482379913
2012-08-16 15:00:00,58.28576513528824
2012-08-16 16:00:00,64.04856827735901
2012-08-16 17:00:00,59.63270956993103
2012-08-16 22:00:00,68.03373970985412
2012-08-17 09:00:00,70.34410737991332
2012-08-17 10:00:00,56.39051795244217
2012-08-17 13:00:00,53.38835734844208
2012-08-17 14:00:00,46.847323179244995
2012-08-17 15:00:00,47.69466640949249
2012-08-17 16:00:00,50.869931445121765
2012-08-17 17:00:00,48.59811647415161
2012-08-17 18:00:00,55.880767903327936
2012-08-17 19:00:00,65.15749440670014
2012-08-17 20:00:00,68.74087579727173
2012-08-18 09:00:00,69.45461485862732
2012-08-18 10:00:00,58.239638843536376
2012-08-18 11:00:00,53.78579459190368
2012-08-18 12:00:00,52.70441466808319
2012-08-18 13:00:00,50.56383380413055
2012-08-18 14:00:00,52.22764260053634
2012-08-18 15:00:00,53.48480365037918
2012-08-18 16:00:00,44.12999651908874
2012-08-18 17:00:00,50.89343840122223
2012-08-18 18:00:00,57.53984579801559
2012-08-18 19:00:00,61.939803419113154
2012-08-19 09:00:00,71.8479208612442
2012-08-19 10:00:00,58.959897880554195
2012-08-19 11:00:00,61.064711098670955
2012-08-19 12:00:00,55.95544790744781
2012-08-19 13:00:00,56.42923434257507
2012-08-19 14:00:00,53.95692320346832
2012-08-19 15:00:00,51.99855583190918
2012-08-19 16:00:00,51.99855583190918
2012-08-19 17:00:00,57.699965610504144
2012-08-20 09:00:00,67.40347846984864
2012-08-20 10:00:00,65.51857379436493
2012-08-20 11:00:00,60.70027028083801
2012-08-20 12:00:00,54.634869258403775
2012-08-20 13:00:00,53.354793767929074
2012-08-20 14:00:00,50.54195223093033
2012-08-20 15:00:00,52.63932327032089
2012-08-20 16:00:00,49.04660918474197
2012-08-20 17:00:00,56.59562513589859
2012-08-20 19:00:00,67.76941786766052
2012-08-21 09:00:00,69.42775108337402
2012-08-21 10:00:00,62.527855424880975
2012-08-21 11:00:00,63.56603474617004
2012-08-21 12:00:00,59.751931982040404
2012-08-21 13:00:00,57.194275560379026
2012-08-21 14:00:00,57.8458512187004
2012-08-21 15:00:00,57.81400524139404
2012-08-21 16:00:00,50.33660296916961
2012-08-21 17:00:00,55.58838803291321
2012-08-21 18:00:00,62.01419292926788
2012-08-22 09:00:00,66.66428660392761
2012-08-22 10:00:00,59.715200634002684
2012-08-22 11:00:00,55.040751576423645
2012-08-22 12:00:00,49.89923433303833
2012-08-22 13:00:00,48.401668777465815
2012-08-22 14:00:00,49.60394030094147
2012-08-22 16:00:00,45.14865741252899
2012-08-22 17:00:00,48.95876242637634
2012-08-22 18:00:00,59.72187738418579
2012-08-22 19:00:00,65.27853816986084
2012-08-23 10:00:00,68.76183286190033
2012-08-23 11:00:00,58.948416452407834
2012-08-23 12:00:00,52.926923823356624
2012-08-23 13:00:00,50.90888069152832
2012-08-23 14:00:00,51.69340806007385
2012-08-23 15:00:00,51.75225844860076
2012-08-23 16:00:00,51.89335321187973
2012-08-23 17:00:00,50.609220027923584
2012-08-23 18:00:00,56.44979485988617
2012-08-24 09:00:00,64.91088808536529
2012-08-24 10:00:00,53.57377319097519
2012-08-24 11:00:00,47.947423825263975
2012-08-24 12:00:00,50.206943523883815
2012-08-24 13:00:00,60.94096989154816
2012-08-24 14:00:00,50.51733402013778
2012-08-24 15:00:00,49.77998425483703
2012-08-24 16:00:00,48.58238138437271
2012-08-24 17:00:00,51.31947316169738
2012-08-24 18:00:00,54.29892220973968
2012-08-24 19:00:00,57.60179248332977
2012-08-25 09:00:00,67.27465592384338
2012-08-25 10:00:00,54.58434866905212
2012-08-25 12:00:00,54.52310746908188
2012-08-25 13:00:00,50.77856878757476
2012-08-25 14:00:00,50.715123522281644
2012-08-25 15:00:00,47.418505785465236
2012-08-25 16:00:00,47.24343014478683
2012-08-25 17:00:00,53.033668828010555
2012-08-25 19:00:00,58.53839113712311
2012-08-26 09:00:00,69.57497158050536
2012-08-26 10:00:00,58.07785676002502
2012-08-26 11:00:00,55.20606569766998
2012-08-26 12:00:00,52.91749429702759
2012-08-26 13:00:00,55.4904062628746
2012-08-26 14:00:00,49.39340364694595
2012-08-26 16:00:00,49.17906982183456
2012-08-26 17:00:00,54.42025185585022
2012-08-26 18:00:00,64.98703900337219
2012-08-26 19:00:00,71.14202513694762
2012-08-27 08:00:00,67.60698101997376
2012-08-27 09:00:00,64.62073994636535
2012-08-27 10:00:00,60.87241792678833
2012-08-27 12:00:00,58.03367401123047
2012-08-27 13:00:00,49.0673979473114
2012-08-27 14:00:00,48.169236717224116
2012-08-27 15:00:00,48.91173468112945
2012-08-27 16:00:00,60.602452201843256
2012-08-27 17:00:00,61.28735858440399
2012-08-27 18:00:00,71.94576199531555
2012-08-27 19:00:00,72.1038460445404
2012-08-27 20:00:00,74.1181865310669
2012-08-27 22:00:00,72.82616159439087
2012-08-28 08:00:00,71.81368407249451
2012-08-28 09:00:00,65.49121202945709
2012-08-28 10:00:00,64.96975691795349
2012-08-28 12:00:00,62.16082782745361
2012-08-28 13:00:00,50.97144294738769
2012-08-28 15:00:00,51.41569121837615
2012-08-28 16:00:00,49.71491360664368
2012-08-28 17:00:00,51.78533787250519
2012-08-28 18:00:00,58.8763278388977
2012-08-28 19:00:00,64.26797883033753
2012-08-28 20:00:00,69.53453758716583
2012-08-29 08:00:00,68.27524163722991
2012-08-29 09:00:00,62.89269740104675
2012-08-29 10:00:00,63.214546270370484
2012-08-29 11:00:00,56.208149991035455
2012-08-29 12:00:00,52.51814348220825
2012-08-29 13:00:00,50.331489353179926
2012-08-29 14:00:00,47.62951737403869
2012-08-29 15:00:00,48.808136694431305
2012-08-29 16:00:00,51.27281199216842
2012-08-29 17:00:00,56.041330373287195
2012-08-29 18:00:00,63.417403278350825
2012-08-29 19:00:00,67.73228075027465
2012-08-30 10:00:00,72.98624682426453
2012-08-30 11:00:00,51.12152688503265
2012-08-30 12:00:00,51.18866557359695
2012-08-30 13:00:00,47.50967708587646
2012-08-30 14:00:00,49.5887723660469
2012-08-30 16:00:00,46.18258537769317
2012-08-30 17:00:00,49.22020699501037
2012-08-30 19:00:00,61.13527346611023
2012-08-31 09:00:00,66.37398630142212
2012-08-31 10:00:00,57.46698483943939
2012-08-31 11:00:00,55.11452321052551
2012-08-31 13:00:00,52.271182112693786
2012-08-31 14:00:00,53.72122654438019
2012-08-31 15:00:00,49.00154342651367
2012-08-31 16:00:00,47.754595775604244
2012-08-31 17:00:00,56.09643431186676
2012-08-31 18:00:00,63.79487021446228
2012-08-31 19:00:00,57.347836203575135
2012-09-01 10:00:00,52.52323173761368
2012-09-01 13:00:00,52.23900644779205
2012-09-01 14:00:00,50.50959904193878
2012-09-01 15:00:00,46.31600049495697
2012-09-01 16:00:00,41.930971035957334
2012-09-01 17:00:00,44.752455921173095
2012-09-01 18:00:00,54.74876364231109
2012-09-01 19:00:00,67.71830015182495
2012-09-02 09:00:00,68.22045816421509
2012-09-02 10:00:00,55.75663937091827
2012-09-02 11:00:00,59.247496128082275
2012-09-02 12:00:00,59.82580044746398
2012-09-02 13:00:00,51.16915406227111
2012-09-02 14:00:00,59.089956178665155
2012-09-02 15:00:00,54.44012533187866
2012-09-02 16:00:00,56.87903658151626
2012-09-02 17:00:00,66.22818599700928
2012-09-02 18:00:00,66.64387825012207
2012-09-02 19:00:00,69.40898425102233
2012-09-03 09:00:00,70.61354283809662
2012-09-03 10:00:00,62.39484146595001
2012-09-03 11:00:00,56.19488871097565
2012-09-03 12:00:00,53.20356168746948
2012-09-03 13:00:00,53.1538249707222
2012-09-03 14:00:00,53.514019043445586
2012-09-03 16:00:00,52.53153848171234
2012-09-03 17:00:00,52.09323842048645
2012-09-03 18:00:00,59.84730622291565
2012-09-03 19:00:00,65.34566994190216
2012-09-04 08:00:00,67.71046142578125
2012-09-04 09:00:00,58.2763010263443
2012-09-04 10:00:00,51.08794947147369
2012-09-04 11:00:00,48.99196865320205
2012-09-04 12:00:00,51.5316029214859
2012-09-04 13:00:00,49.39496908664703
2012-09-04 14:00:00,49.55454710483551
2012-09-04 15:00:00,49.56730117321014
2012-09-04 16:00:00,54.99108863592148
2012-09-04 17:00:00,62.34026548862457
2012-09-04 18:00:00,65.84184746742248
2012-09-04 19:00:00,71.20643179893493
2012-09-04 20:00:00,70.49577289581299
2012-09-05 08:00:00,69.09657413005829
2012-09-05 09:00:00,58.78474385261536
2012-09-05 10:00:00,62.00629426002502
2012-09-05 12:00:00,57.476986131668085
2012-09-05 13:00:00,52.33089937210082
2012-09-05 14:00:00,57.000610611438745
2012-09-05 15:00:00,48.85814546108246
2012-09-05 16:00:00,49.11850183010101
2012-09-05 17:00:00,54.43438231229782
2012-09-05 18:00:00,61.522073097229004
2012-09-05 19:00:00,71.76876356124878
2012-09-05 20:00:00,73.36400886535644
2012-09-06 09:00:00,71.76876356124878
2012-09-06 10:00:00,58.45637500762939
2012-09-06 11:00:00,60.55875360965729
2012-09-06 12:00:00,55.605739283561704
2012-09-06 13:00:00,59.20663331031799
2012-09-06 14:00:00,54.34094700336456
2012-09-06 15:00:00,53.04972438335418
2012-09-06 16:00:00,46.548766853809354
2012-09-06 17:00:00,53.14540064573288
2012-09-06 18:00:00,60.20634754180908
2012-09-06 19:00:00,68.02814193725585
2012-09-06 20:00:00,71.8752272939682
2012-09-07 10:00:00,71.37448947429657
2012-09-07 11:00:00,63.79067880153656
2012-09-07 12:00:00,56.588952996730804
2012-09-07 13:00:00,61.850801601409906
2012-09-07 15:00:00,56.33250907421112
2012-09-07 16:00:00,49.96487674713134
2012-09-07 18:00:00,60.737642560005185
2012-09-07 19:00:00,71.97802526950836
2012-09-07 20:00:00,71.76468742370605
2012-09-07 21:00:00,71.79108087539673
2012-09-07 22:00:00,75.99617007255554
2012-09-08 08:00:00,75.96251888275147
2012-09-08 09:00:00,69.43226987838744
2012-09-08 10:00:00,72.59616415023804
2012-09-08 11:00:00,63.874889774322504
2012-09-08 12:00:00,61.96120775222778
2012-09-08 13:00:00,59.18363356590271
2012-09-08 14:00:00,55.44313874483108
2012-09-08 15:00:00,56.360338857173915
2012-09-08 16:00:00,56.667628445625304
2012-09-08 17:00:00,63.18207550048828
2012-09-08 18:00:00,67.21579170227051
2012-09-08 19:00:00,71.82770155906677
2012-09-08 20:00:00,71.93741144657135
2012-09-08 21:00:00,74.2941244316101
2012-09-08 22:00:00,73.05399186134338
2012-09-09 08:00:00,75.93100720405579
2012-09-09 09:00:00,64.34845949172973
2012-09-09 10:00:00,55.823955583572385
2012-09-09 11:00:00,50.19865522384643
2012-09-09 12:00:00,47.003355326652525
2012-09-09 13:00:00,44.176517052650446
2012-09-09 14:00:00,47.977224817275996
2012-09-09 15:00:00,49.15439397335052
2012-09-09 16:00:00,45.2277409362793
2012-09-09 17:00:00,46.57019654750824
2012-09-09 18:00:00,53.936881425380705
2012-09-09 19:00:00,52.77842146396637
2012-09-09 20:00:00,53.49627816200256
2012-09-09 21:00:00,65.84418986320496
2012-09-10 09:00:00,70.1573243713379
2012-09-10 10:00:00,50.492985553741455
2012-09-10 11:00:00,56.03746403694152
2012-09-10 12:00:00,62.165632505416866
2012-09-10 13:00:00,48.58184650659561
2012-09-10 14:00:00,49.272276885509484
2012-09-10 16:00:00,49.09429399967193
2012-09-10 17:00:00,45.05445206403732
2012-09-10 18:00:00,57.653740181922906
2012-09-10 19:00:00,67.46371216297149
2012-09-10 20:00:00,72.20017015457152
2012-09-10 21:00:00,72.49601750850677
2012-09-10 22:00:00,72.49601750850677
2012-09-11 08:00:00,75.91759837150573
2012-09-11 09:00:00,62.93102416038513
2012-09-11 10:00:00,64.84198568344117
2012-09-11 11:00:00,56.60891638755798
2012-09-11 12:00:00,48.82498073339462
2012-09-11 13:00:00,55.40147130489349
2012-09-11 14:00:00,57.36097529172897
2012-09-11 15:00:00,52.55522987842559
2012-09-11 16:00:00,50.97466604709625
2012-09-11 17:00:00,59.42563809394836
2012-09-11 18:00:00,60.81955263614654
2012-09-11 19:00:00,67.97521670341492
2012-09-11 20:00:00,57.10516999483108
2012-09-12 09:00:00,58.329371507167814
2012-09-12 10:00:00,53.64532001018524
2012-09-12 11:00:00,48.81716736793518
2012-09-12 12:00:00,44.56392072677612
2012-09-12 13:00:00,48.629706540107726
2012-09-12 14:00:00,47.46624362707138
2012-09-12 15:00:00,44.39352526664734
2012-09-12 16:00:00,51.741602392196654
2012-09-12 17:00:00,50.697698495388025
2012-09-12 18:00:00,56.769822378158565
2012-09-12 19:00:00,67.94177762031555
2012-09-12 20:00:00,60.720263643264765
2012-09-13 10:00:00,63.008000450134276
2012-09-13 13:00:00,52.505412468910215
2012-09-13 14:00:00,45.49300342559814
2012-09-13 15:00:00,48.15174713611602
2012-09-13 16:00:00,44.23914847373962
2012-09-13 17:00:00,53.819295923709866
2012-09-13 18:00:00,50.94436706542968
2012-09-13 19:00:00,65.82013880729674
2012-09-13 20:00:00,66.73423109531403
2012-09-14 09:00:00,60.42554598808288
2012-09-14 10:00:00,58.630168786048884
2012-09-14 11:00:00,56.948658301830285
2012-09-14 12:00:00,54.181309041976924
2012-09-14 13:00:00,52.97408528804779
2012-09-14 14:00:00,54.05318045377731
2012-09-14 15:00:00,53.604443359375
2012-09-14 16:00:00,50.80854038715362
2012-09-14 19:00:00,53.08933069944381
2012-09-14 20:00:00,71.41802206993103
2012-09-14 21:00:00,70.68463086128234
2012-09-15 08:00:00,66.99651947975158
2012-09-15 09:00:00,62.077617444992065
2012-09-15 10:00:00,56.48660690069198
2012-09-15 11:00:00,60.960492930412286
2012-09-15 12:00:00,60.80231204986572
2012-09-15 13:00:00,58.45074956893921
2012-09-15 14:00:00,54.45322522640228
2012-09-15 15:00:00,53.36431320905685
2012-09-15 16:00:00,55.963819205760956
2012-09-15 18:00:00,53.58074965715408
2012-09-15 19:00:00,64.4337217760086
2012-09-15 21:00:00,60.126590809822076
2012-09-15 22:00:00,69.32587531089783
2012-09-16 09:00:00,73.41717387199401
2012-09-16 10:00:00,58.51896492958068
2012-09-16 11:00:00,59.32737735748291
2012-09-16 12:00:00,58.70008561134338
2012-09-16 13:00:00,58.94713920116424
2012-09-16 14:00:00,55.66536662817001
2012-09-16 15:00:00,56.517848834991455
2012-09-16 16:00:00,60.51293395042419
2012-09-16 18:00:00,62.134480485916136
2012-09-16 19:00:00,70.92443593502044
2012-09-16 21:00:00,71.55268216133118
2012-09-16 22:00:00,70.38497941970824
2012-09-16 23:00:00,70.5031044101715
2012-09-17 00:00:00,72.28907052993775
2012-09-17 08:00:00,71.56861321926117
2012-09-17 09:00:00,62.98010841846466
2012-09-17 10:00:00,55.21504565000534
2012-09-17 11:00:00,52.2461466050148
2012-09-17 12:00:00,46.548766853809354
2012-09-17 13:00:00,45.30392643690109
2012-09-17 14:00:00,45.93035822868347
2012-09-17 15:00:00,49.42665598392486
2012-09-17 16:00:00,47.73179891586303
2012-09-17 17:00:00,56.4762713098526
2012-09-17 18:00:00,60.73706618309021
2012-09-17 19:00:00,63.928428273200986
2012-09-17 20:00:00,62.38916530609131
2012-09-17 21:00:00,63.76479717254638
2012-09-17 22:00:00,69.40898425102233
2012-09-18 09:00:00,69.6198920917511
2012-09-18 10:00:00,49.865629253387446
2012-09-18 11:00:00,52.9459903717041
2012-09-18 12:00:00,48.76021671772003
2012-09-18 13:00:00,50.78248353958129
2012-09-18 14:00:00,50.56180495738983
2012-09-18 15:00:00,44.25517866849899
2012-09-18 16:00:00,49.324042448997496
2012-09-18 17:00:00,53.28647235393524
2012-09-18 18:00:00,64.30542027473449
2012-09-18 19:00:00,64.93734148025513
2012-09-18 20:00:00,62.90979043483734
2012-09-18 21:00:00,69.20535259246826
2012-09-18 22:00:00,72.97706629276276
2012-09-19 08:00:00,73.51127547264099
2012-09-19 10:00:00,66.5652235507965
2012-09-19 12:00:00,54.637760365009306
2012-09-19 13:00:00,55.23839813709259
2012-09-19 16:00:00,53.332174432277675
2012-09-19 17:00:00,52.62745451688766
2012-09-19 18:00:00,63.23328543663025
2012-09-19 19:00:00,69.48729312419891
2012-09-19 20:00:00,73.13354570865631
2012-09-19 21:00:00,75.48406148910522
2012-09-19 22:00:00,75.55097654342651
2012-09-20 08:00:00,74.98482224941253
2012-09-20 09:00:00,70.03468519687652
2012-09-20 10:00:00,66.76245512008667
2012-09-20 11:00:00,44.295345222949976
2012-09-20 12:00:00,48.915349717140195
2012-09-20 13:00:00,48.915349717140195
2012-09-20 14:00:00,46.86895575761795
2012-09-20 15:00:00,47.353181531429286
2012-09-20 16:00:00,51.464328207969665
2012-09-20 18:00:00,54.58992338657379
2012-09-20 19:00:00,58.28576513528824
2012-09-20 20:00:00,66.71562564849853
2012-09-21 09:00:00,69.72868438720702
2012-09-21 10:00:00,58.12354731082916
2012-09-21 11:00:00,57.01035368680954
2012-09-21 12:00:00,50.701919879913326
2012-09-21 13:00:00,51.02616186618805
2012-09-21 14:00:00,46.34111438989639
2012-09-21 15:00:00,45.66824967384338
2012-09-21 16:00:00,44.24446266889572
2012-09-21 17:00:00,53.374210753440856
2012-09-21 18:00:00,63.243863105773926
2012-09-21 19:00:00,66.63091207504272
2012-09-21 20:00:00,70.15426265716552
2012-09-22 08:00:00,71.37237301826477
2012-09-22 09:00:00,67.23839489936829
2012-09-22 10:00:00,59.520044021606445
2012-09-22 11:00:00,57.71393468141555
2012-09-22 12:00:00,50.85136058092117
2012-09-22 13:00:00,51.6034287071228
2012-09-22 14:00:00,49.0704688835144
2012-09-22 16:00:00,47.171613581180566
2012-09-22 17:00:00,54.578483457565305
2012-09-22 18:00:00,59.76729588508606
2012-09-22 19:00:00,69.12001653194427
2012-09-22 20:00:00,68.19147332191467
2012-09-23 08:00:00,69.46973437786102
2012-09-23 09:00:00,66.18898314476013
2012-09-23 10:00:00,56.99476153850555
2012-09-23 11:00:00,57.14271518707275
2012-09-23 12:00:00,51.9528675866127
2012-09-23 13:00:00,51.27281199216842
2012-09-23 14:00:00,53.95244821310043
2012-09-23 15:00:00,48.959915180206295
2012-09-23 16:00:00,44.24446266889572
2012-09-23 17:00:00,47.114575321674344
2012-09-23 18:00:00,46.867081379890436
2012-09-23 19:00:00,61.13527346611023
2012-09-23 20:00:00,71.93741144657135
2012-09-24 08:00:00,73.45487814426421
2012-09-24 09:00:00,60.96204684257507
2012-09-24 10:00:00,57.000133371353144
2012-09-24 11:00:00,54.519713761806486
2012-09-24 12:00:00,46.90724332332611
2012-09-24 13:00:00,43.39368423223495
2012-09-24 14:00:00,42.64811763763427
2012-09-24 15:00:00,45.58254934310913
2012-09-24 16:00:00,45.43019678592682
2012-09-24 17:00:00,49.808448052406305
2012-09-24 18:00:00,54.944224581718444
2012-09-24 19:00:00,64.8493909740448
2012-09-25 08:00:00,68.72751307487488
2012-09-25 10:00:00,63.8352073764801
2012-09-25 11:00:00,57.95939516544342
2012-09-25 12:00:00,56.07842368602753
2012-09-25 13:00:00,47.24445609569549
2012-09-25 14:00:00,46.67393055915832
2012-09-25 15:00:00,41.73585822820663
2012-09-25 16:00:00,43.69833170890808
2012-09-25 17:00:00,46.4950946354866
2012-09-25 18:00:00,58.74824305534362
2012-09-25 19:00:00,68.47937128543853
2012-09-25 20:00:00,63.56040930747986
2012-09-25 21:00:00,63.11659447193146
2012-09-26 08:00:00,61.14311680316925
2012-09-26 10:00:00,63.171737604141235
2012-09-26 12:00:00,53.84190834283829
2012-09-26 13:00:00,47.33364235401153
2012-09-26 14:00:00,45.318222889900206
2012-09-26 15:00:00,45.45822945356369
2012-09-26 16:00:00,42.33161062955856
2012-09-26 17:00:00,49.631668641567224
2012-09-26 18:00:00,53.834765880107874
2012-09-26 19:00:00,66.5149819278717
2012-09-26 20:00:00,69.73680438518524
2012-09-26 21:00:00,67.73228075027465
2012-09-27 10:00:00,72.16648668766021
2012-09-27 11:00:00,56.883970367908475
2012-09-27 12:00:00,53.26717986583709
2012-09-27 13:00:00,53.2134868979454
2012-09-27 14:00:00,51.622610530853265
2012-09-27 15:00:00,51.19164659500122
2012-09-27 16:00:00,51.38017256736755
2012-09-27 17:00:00,56.432936987876886
2012-09-27 18:00:00,62.99448095321655
2012-09-27 19:00:00,68.12262164115906
2012-09-27 20:00:00,67.57331599712371
2012-09-27 21:00:00,70.77774570465088
2012-09-27 22:00:00,66.44802998542785
2012-09-28 09:00:00,67.25609197616576
2012-09-28 10:00:00,55.18064978122711
2012-09-28 11:00:00,52.80696364879608
2012-09-28 12:00:00,51.576343603134156
2012-09-28 13:00:00,48.70784711122513
2012-09-28 15:00:00,52.101199338436125
2012-09-28 16:00:00,55.90295841455459
2012-09-28 17:00:00,54.82241539001465
2012-09-28 18:00:00,57.69044616937637
2012-09-28 19:00:00,63.925869159698486
2012-09-28 23:00:00,69.2994726371765
2012-09-29 08:00:00,72.2272368144989
2012-09-29 10:00:00,63.60573558807373
2012-09-29 11:00:00,55.95761508464813
2012-09-29 12:00:00,48.31392346143722
2012-09-29 13:00:00,53.18443519592285
2012-09-29 15:00:00,49.1691123342514
2012-09-29 16:00:00,48.915349717140195
2012-09-29 17:00:00,53.14956208705902
2012-09-29 18:00:00,56.04912529468536
2012-09-29 19:00:00,66.7076393699646
2012-09-29 21:00:00,71.20305653572082
2012-09-29 22:00:00,72.95207920074462
2012-09-30 08:00:00,76.30680495262146
2012-09-30 09:00:00,59.72913512229919
2012-09-30 10:00:00,55.48239923477173
2012-09-30 12:00:00,53.880783812999724
2012-09-30 13:00:00,47.28887400627136
2012-09-30 14:00:00,49.97974496603012
2012-09-30 15:00:00,46.607525022029876
2012-09-30 16:00:00,55.80304462909698
2012-09-30 17:00:00,61.19538266181946
2012-09-30 18:00:00,69.90958374023437
2012-09-30 19:00:00,74.58039470672607
2012-09-30 20:00:00,74.93135752677917
2012-09-30 22:00:00,75.42031881332397
2012-10-01 10:00:00,71.86065648555756
2012-10-01 12:00:00,53.50679588794708
2012-10-01 13:00:00,45.552695324420924
2012-10-01 14:00:00,48.5627361536026
2012-10-01 15:00:00,48.53185157299041
2012-10-01 16:00:00,43.61572536945343
2012-10-01 17:00:00,53.97609580516815
2012-10-01 18:00:00,59.612780761718746
2012-10-01 19:00:00,67.09120206832885
2012-10-01 21:00:00,68.34060739040375
2012-10-01 22:00:00,73.90441986083984
2012-10-02 08:00:00,75.73174678802489
2012-10-02 10:00:00,62.38673991203308
2012-10-02 11:00:00,52.251523048877715
2012-10-02 12:00:00,46.608758468627926
2012-10-02 13:00:00,48.85726245164871
2012-10-02 14:00:00,48.22546113252639
2012-10-02 15:00:00,48.80898281574249
2012-10-02 16:00:00,53.470795385837555
2012-10-02 17:00:00,54.936796236038205
2012-10-02 18:00:00,58.46582758903503
2012-10-02 19:00:00,69.48729312419891
2012-10-02 20:00:00,69.14719846725464
2012-10-02 21:00:00,74.05779145240784
2012-10-02 22:00:00,73.94246995925903
2012-10-02 23:00:00,76.79973171234131
2012-10-03 07:00:00,69.4836135339737
2012-10-03 08:00:00,64.37583970069885
2012-10-03 09:00:00,60.38264049053192
2012-10-03 10:00:00,60.741792473793026
2012-10-03 11:00:00,52.52401561021804
2012-10-03 12:00:00,53.42468753814697
2012-10-03 13:00:00,50.99038499832153
2012-10-03 14:00:00,50.21470155715942
2012-10-03 15:00:00,51.38634902238846
2012-10-03 16:00:00,48.84257867336273
2012-10-03 17:00:00,58.686040458679194
2012-10-03 18:00:00,61.93996941566467
2012-10-03 19:00:00,69.41959880828857
2012-10-03 20:00:00,70.37972286224365
2012-10-03 22:00:00,58.57604007720947
2012-10-04 09:00:00,70.9293558883667
2012-10-04 10:00:00,52.63106494188308
2012-10-04 12:00:00,50.5100808930397
2012-10-04 13:00:00,46.97597281217575
2012-10-04 14:00:00,45.43142331600189
2012-10-04 15:00:00,45.334476718902586
2012-10-04 16:00:00,45.447264459133144
2012-10-04 17:00:00,50.506357498168946
2012-10-04 18:00:00,56.6549988746643
2012-10-04 19:00:00,63.79132895469665
2012-10-04 21:00:00,65.4018274974823
2012-10-04 22:00:00,71.53751192092895
2012-10-04 23:00:00,71.49418220996857
2012-10-05 08:00:00,70.07643332958222
2012-10-05 09:00:00,55.002346429824826
2012-10-05 10:00:00,53.54957227706909
2012-10-05 11:00:00,52.3222859954834
2012-10-05 12:00:00,45.00005591630935
2012-10-05 13:00:00,43.87389842271804
2012-10-05 14:00:00,45.39872430086135
2012-10-05 15:00:00,45.632509694099426
2012-10-05 16:00:00,45.48093639850616
2012-10-05 19:00:00,48.80760873317718
2012-10-05 20:00:00,66.83890575408935
2012-10-05 21:00:00,70.35898251533509
2012-10-05 22:00:00,70.35898251533509
2012-10-05 23:00:00,73.04572892189026
2012-10-06 00:00:00,76.06194159507751
2012-10-06 09:00:00,74.6976528263092
2012-10-06 10:00:00,58.010028724670406
2012-10-06 11:00:00,49.84309522151947
2012-10-06 12:00:00,45.36325867652893
2012-10-06 13:00:00,46.74356150150299
2012-10-06 14:00:00,45.335479614734645
2012-10-06 15:00:00,42.71682176589965
2012-10-06 16:00:00,45.270528852939606
2012-10-06 17:00:00,51.40770493984222
2012-10-06 18:00:00,59.32630760192871
2012-10-06 19:00:00,66.8243118906021
2012-10-06 21:00:00,71.04185544013977
2012-10-06 22:00:00,74.76265892028809
2012-10-07 00:00:00,73.287359957695
2012-10-07 08:00:00,71.20876958370208
2012-10-07 09:00:00,64.06035403251647
2012-10-07 10:00:00,54.598430709838865
2012-10-07 12:00:00,52.28494138240814
2012-10-07 13:00:00,46.93890255451202
2012-10-07 14:00:00,51.073623046875
2012-10-07 15:00:00,48.915349717140195
2012-10-07 16:00:00,51.30254381895065
2012-10-07 17:00:00,60.474994516372675
2012-10-07 18:00:00,51.27281199216842
2012-10-07 19:00:00,59.485913286209104
2012-10-07 20:00:00,60.13197647571563
2012-10-07 21:00:00,70.35898251533509
2012-10-07 22:00:00,68.77556907653808
2012-10-08 08:00:00,68.55573431015014
2012-10-08 10:00:00,65.12844039916992
2012-10-08 11:00:00,52.31195271015167
2012-10-08 12:00:00,55.65854924201965
2012-10-08 13:00:00,53.57135010242462
2012-10-08 14:00:00,53.55004721164703
2012-10-08 15:00:00,45.59495527982711
2012-10-08 16:00:00,45.51479508399963
2012-10-08 17:00:00,56.54523826599121
2012-10-08 18:00:00,62.70804007053375
2012-10-08 19:00:00,69.77631156444549
2012-10-08 20:00:00,72.4459234380722
2012-10-08 21:00:00,69.21231061458587
2012-10-08 22:00:00,75.57993371963501
2012-10-09 07:00:00,75.51767579078674
2012-10-09 09:00:00,63.081015877723694
2012-10-09 10:00:00,65.37027893066406
2012-10-09 11:00:00,61.41341913223266
2012-10-09 13:00:00,53.15345378398895
2012-10-09 14:00:00,49.15671792507171
2012-10-09 15:00:00,43.78740269184112
2012-10-09 16:00:00,45.30392643690109
2012-10-09 17:00:00,45.06756809711456
2012-10-09 18:00:00,47.98158914327621
2012-10-09 19:00:00,49.95443740844726
2012-10-09 21:00:00,56.31889044046402
2012-10-09 22:00:00,73.56260529518127
2012-10-09 23:00:00,74.51646297931671
2012-10-10 00:00:00,72.37898532867432
2012-10-10 07:00:00,73.1876467514038
2012-10-10 09:00:00,70.71505434036254
2012-10-10 10:00:00,58.221999404430385
2012-10-10 12:00:00,49.208550348281854
2012-10-10 13:00:00,47.89668651819229
2012-10-10 14:00:00,50.34514718055725
2012-10-10 15:00:00,50.143212375640864
2012-10-10 16:00:00,49.80193038225173
2012-10-10 17:00:00,54.75333315849304
2012-10-10 18:00:00,50.89159860610962
2012-10-10 19:00:00,66.69636082649231
2012-10-10 20:00:00,50.631818614006036
2012-10-10 21:00:00,45.3089063334465
2012-10-10 22:00:00,59.231233077049254
2012-10-10 23:00:00,65.98055603027343
2012-10-11 08:00:00,65.3899910211563
2012-10-11 09:00:00,61.17669421672821
2012-10-11 10:00:00,55.973195705413815
2012-10-11 11:00:00,55.09996162414551
2012-10-11 12:00:00,55.43006651639938
2012-10-11 13:00:00,50.27578367710113
2012-10-11 14:00:00,46.14073580265045
2012-10-11 15:00:00,45.560764601230616
2012-10-11 16:00:00,46.976348609924315
2012-10-11 17:00:00,46.31208343744277
2012-10-11 19:00:00,59.990095534324645
2012-10-11 22:00:00,68.82043425559998
2012-10-12 07:00:00,78.19861231803894
2012-10-12 08:00:00,64.40880384922028
2012-10-12 09:00:00,63.45316631317139
2012-10-12 10:00:00,57.28284855365753
2012-10-12 11:00:00,58.162853910923
2012-10-12 12:00:00,48.40577258110046
2012-10-12 13:00:00,48.709112834930416
2012-10-12 16:00:00,51.945764317512506
2012-10-12 17:00:00,55.48854571819305
2012-10-12 18:00:00,56.55320148944855
2012-10-12 19:00:00,63.79487021446228
2012-10-12 20:00:00,69.22063349723815
2012-10-12 22:00:00,73.38015664100647
2012-10-12 23:00:00,74.28708802223206
2012-10-13 01:00:00,73.94246995925903
2012-10-13 07:00:00,74.96512860298157
2012-10-13 08:00:00,63.9517139005661
2012-10-13 09:00:00,61.19044426441192
2012-10-13 10:00:00,58.94713920116424
2012-10-13 11:00:00,59.69846725940704
2012-10-13 12:00:00,56.76658544540405
2012-10-13 13:00:00,57.243885474205015
2012-10-13 14:00:00,57.525685369968414
2012-10-13 16:00:00,61.80994339466095
2012-10-13 17:00:00,65.57092726230621
2012-10-13 18:00:00,62.7225417137146
2012-10-13 19:00:00,69.53805579185486
2012-10-13 20:00:00,71.636026263237
2012-10-13 21:00:00,71.93244999408722
2012-10-13 22:00:00,72.2658955669403
2012-10-14 00:00:00,73.22593662261963
2012-10-14 01:00:00,75.84845158576965
2012-10-14 07:00:00,77.17158704280853
2012-10-14 08:00:00,66.701359167099
2012-10-14 09:00:00,62.827327036857604
2012-10-14 10:00:00,57.63988408088684
2012-10-14 12:00:00,57.71833128452301
2012-10-14 13:00:00,45.60147986650467
2012-10-14 14:00:00,50.50826184749603
2012-10-14 15:00:00,51.695044970512384
2012-10-14 16:00:00,49.47721115589142
2012-10-14 17:00:00,57.811070330142975
2012-10-14 18:00:00,59.94955548763275
2012-10-14 19:00:00,63.17861723899841
2012-10-14 20:00:00,68.89032341480255
2012-10-14 21:00:00,69.70306097507476
2012-10-14 22:00:00,75.85083548069
2012-10-14 23:00:00,74.29136704444885
2012-10-15 00:00:00,72.53327912330627
2012-10-15 01:00:00,74.90861138820648
2012-10-15 08:00:00,75.811014752388
2012-10-15 09:00:00,60.51454319477081
2012-10-15 10:00:00,57.81173201084137
2012-10-15 11:00:00,58.43362425804138
2012-10-15 12:00:00,58.24585910320282
2012-10-15 13:00:00,51.55779579401016
2012-10-15 14:00:00,49.433897583484644
2012-10-15 15:00:00,53.005804462432856
2012-10-15 16:00:00,57.243885474205015
2012-10-15 17:00:00,59.90013462543487
2012-10-15 18:00:00,62.85233257293701
2012-10-15 19:00:00,69.21425646305084
2012-10-15 20:00:00,68.67509505271912
2012-10-15 21:00:00,68.83702007770538
2012-10-15 22:00:00,69.35477715492249
2012-10-16 00:00:00,72.32865609645843
2012-10-16 01:00:00,73.81209811210633
2012-10-16 02:00:00,75.04493144512176
2012-10-16 07:00:00,75.14135238647461
2012-10-16 08:00:00,65.20166332244872
2012-10-16 10:00:00,66.09192588329314
2012-10-16 11:00:00,59.62583915710449
2012-10-16 13:00:00,54.06681292057037
2012-10-16 14:00:00,57.459950735568995
2012-10-16 15:00:00,60.019167985916134
2012-10-16 16:00:00,57.08020826339721
2012-10-16 17:00:00,59.82560217380524
2012-10-16 18:00:00,65.05058340549469
2012-10-16 19:00:00,69.77631156444549
2012-10-16 20:00:00,69.6648079919815
2012-10-16 21:00:00,73.79012201309204
2012-10-16 22:00:00,73.94246995925903
2012-10-16 23:00:00,74.98356344223022
2012-10-17 00:00:00,74.85129185676574
2012-10-17 01:00:00,74.1767556476593
2012-10-17 07:00:00,75.13450963973999
2012-10-17 08:00:00,71.11233019828796
2012-10-17 10:00:00,57.60811879634857
2012-10-17 11:00:00,58.82702225208282
2012-10-17 12:00:00,55.5539391374588
2012-10-17 13:00:00,54.33545528411865
2012-10-17 14:00:00,52.20694605827331
2012-10-17 15:00:00,71.19857001781463
2012-10-17 16:00:00,64.51348311901093
2012-10-17 17:00:00,78.03649363040924
2012-10-17 18:00:00,75.72768909454345
2012-10-17 19:00:00,75.85774739265442
2012-10-17 20:00:00,74.38643234729767
2012-10-17 21:00:00,73.98755646705627
2012-10-17 22:00:00,73.54291625976562
2012-10-18 07:00:00,74.60669132709504
2012-10-18 08:00:00,72.46510065078735
2012-10-18 09:00:00,70.50694999694824
2012-10-18 10:00:00,68.40827865123748
2012-10-18 11:00:00,59.25558384895324
2012-10-18 12:00:00,58.94713920116424
2012-10-18 13:00:00,50.97505106687545
2012-10-18 14:00:00,49.47140127658844
2012-10-18 15:00:00,51.51314041614532
2012-10-18 16:00:00,53.91944717645645
2012-10-18 17:00:00,58.98202614307403
2012-10-18 18:00:00,59.21162242889404
2012-10-18 19:00:00,62.05648055076599
2012-10-18 20:00:00,68.92805996418
2012-10-18 21:00:00,65.59414372444152
2012-10-18 22:00:00,73.82707468986511
2012-10-18 23:00:00,72.86649414539337
2012-10-19 01:00:00,73.31088074684143
2012-10-19 02:00:00,72.68853200912476
2012-10-19 07:00:00,74.63525656700133
2012-10-19 10:00:00,63.0886009979248
2012-10-19 11:00:00,58.11714491605758
2012-10-19 12:00:00,51.011429672241206
2012-10-19 13:00:00,56.56499185562134
2012-10-19 15:00:00,52.75206951141357
2012-10-19 16:00:00,54.36867764949798
2012-10-19 17:00:00,53.729858365058895
2012-10-19 18:00:00,59.960963139533995
2012-10-19 19:00:00,64.47621689319611
2012-10-19 20:00:00,63.758212642669676
2012-10-19 21:00:00,66.02247477054595
2012-10-19 22:00:00,66.65296656131744
2012-10-19 23:00:00,70.80441581726073
2012-10-20 01:00:00,71.79393970489501
2012-10-20 07:00:00,66.60655208110809
2012-10-20 08:00:00,62.43944381713867
2012-10-20 10:00:00,58.92166334152221
2012-10-20 11:00:00,54.77485507249832
2012-10-20 12:00:00,48.634958486557004
2012-10-20 13:00:00,53.649857249259945
2012-10-20 14:00:00,50.55486537933349
2012-10-20 15:00:00,48.80898281574249
2012-10-20 16:00:00,55.99798221826553
2012-10-20 17:00:00,60.47465791225433
2012-10-20 18:00:00,59.28144242286682
2012-10-20 19:00:00,66.38764412879944
2012-10-20 20:00:00,70.7996157503128
2012-10-20 21:00:00,69.27754725933075
2012-10-20 22:00:00,69.66985244274139
2012-10-20 23:00:00,75.53920923233032
2012-10-21 00:00:00,73.29674337387085
2012-10-21 01:00:00,70.39581069469452
2012-10-21 07:00:00,69.24920334815978
2012-10-21 08:00:00,64.79124607086182
2012-10-21 09:00:00,60.922862434387206
2012-10-21 10:00:00,54.04399761676788
2012-10-21 11:00:00,55.260166740417475
2012-10-21 12:00:00,55.31140664815902
2012-10-21 13:00:00,53.21824777126312
2012-10-21 14:00:00,45.000051305294036
2012-10-21 15:00:00,43.08172599077224
2012-10-21 16:00:00,42.03095859766006
2012-10-21 17:00:00,47.96666789770126
2012-10-21 18:00:00,50.88626135587692
2012-10-21 19:00:00,58.456670112609864
2012-10-21 20:00:00,65.84196735382079
2012-10-21 21:00:00,66.24200059890747
2012-10-21 22:00:00,67.31807785511016
2012-10-22 10:00:00,65.16397288322449
2012-10-22 11:00:00,55.92049180030823
2012-10-22 13:00:00,46.79606252193451
2012-10-22 14:00:00,43.61186594963073
2012-10-22 16:00:00,43.93244678974151
2012-10-22 17:00:00,42.78512934684753
2012-10-22 18:00:00,52.81733382225036
2012-10-22 19:00:00,43.67241549730301
2012-10-22 20:00:00,49.91513541936874
2012-10-22 22:00:00,54.64763715982437
2012-10-23 08:00:00,65.80072643280029
2012-10-23 09:00:00,55.400585989952084
2012-10-23 10:00:00,55.19845521688461
2012-10-23 11:00:00,48.734551806449886
2012-10-23 13:00:00,48.23773796081542
2012-10-23 14:00:00,43.71988590002059
2012-10-23 15:00:00,46.86533841609955
2012-10-23 16:00:00,44.81543547391891
2012-10-23 17:00:00,47.477054152488705
2012-10-23 18:00:00,50.5983380317688
2012-10-23 19:00:00,55.95018212795257
2012-10-23 20:00:00,63.03036387443542
2012-10-23 21:00:00,66.8542004919052
2012-10-23 22:00:00,70.64165158748627
2012-10-24 09:00:00,68.17932790756225
2012-10-24 10:00:00,54.91671065330505
2012-10-24 11:00:00,49.8780144405365
2012-10-24 12:00:00,53.21425693750381
2012-10-24 13:00:00,49.041986641883845
2012-10-24 14:00:00,44.73994623661041
2012-10-24 15:00:00,41.85633714199066
2012-10-24 16:00:00,46.78018910169601
2012-10-24 17:00:00,52.204451498985286
2012-10-24 18:00:00,58.55210890769958
2012-10-24 19:00:00,57.31668187856674
2012-10-24 21:00:00,66.50034656524657
2012-10-24 22:00:00,73.67575038909912
2012-10-25 10:00:00,67.57950859069824
2012-10-25 12:00:00,51.52731698274612
2012-10-25 13:00:00,50.518389942646024
2012-10-25 14:00:00,49.113459684848785
2012-10-25 15:00:00,43.80016137123108
2012-10-25 16:00:00,47.486170129776
2012-10-25 18:00:00,46.272592396736144
2012-10-25 19:00:00,58.93650158882141
2012-10-25 20:00:00,67.1351496553421
2012-10-25 21:00:00,66.38764412879944
2012-10-25 22:00:00,66.8964604473114
2012-10-26 01:00:00,73.139452419281
2012-10-26 07:00:00,70.02650986671448
2012-10-26 08:00:00,64.76749011993408
2012-10-26 09:00:00,65.37865253448486
2012-10-26 10:00:00,55.235543918609615
2012-10-26 11:00:00,56.682932405471796
2012-10-26 12:00:00,53.18443519592285
2012-10-26 13:00:00,51.08221336841583
2012-10-26 14:00:00,54.36014496564865
2012-10-26 15:00:00,49.45162002086639
2012-10-26 16:00:00,55.172294621467586
2012-10-26 17:00:00,56.637426295280456
2012-10-26 18:00:00,59.293901386260984
2012-10-26 19:00:00,63.12193863868713
2012-10-26 20:00:00,69.01644390583039
2012-10-26 21:00:00,72.8000263595581
2012-10-26 22:00:00,72.79776696205138
2012-10-26 23:00:00,75.7333975315094
2012-10-27 00:00:00,75.66284899711609
2012-10-27 01:00:00,74.91599362373351
2012-10-27 07:00:00,75.03687139034271
2012-10-27 08:00:00,73.69122495651244
2012-10-27 09:00:00,60.98929794311523
2012-10-27 10:00:00,58.12698021173477
2012-10-27 11:00:00,54.377860486507416
2012-10-27 13:00:00,51.58664922237396
2012-10-27 16:00:00,55.28342931270599
2012-10-27 17:00:00,58.45138588905334
2012-10-27 18:00:00,64.76379208564758
2012-10-27 19:00:00,70.94516244888305
2012-10-27 20:00:00,70.3905725812912
2012-10-27 21:00:00,71.2441037940979
2012-10-27 22:00:00,73.48277478694915
2012-10-28 01:00:00,73.09753367900848
2012-10-28 04:00:00,75.08199017524718
2012-10-28 06:00:00,73.41657444000244
2012-10-28 07:00:00,74.16123958110809
2012-10-28 08:00:00,70.59597025871277
2012-10-28 09:00:00,66.54860084056854
2012-10-28 10:00:00,61.35551400184631
2012-10-28 11:00:00,58.67572100639343
2012-10-28 13:00:00,53.77201226711273
2012-10-28 14:00:00,53.18014695167541
2012-10-28 15:00:00,48.959915180206295
2012-10-28 16:00:00,56.385033149719234
2012-10-28 17:00:00,56.53362081289291
2012-10-28 18:00:00,50.66520697593689
2012-10-28 19:00:00,69.10545494556426
2012-10-28 20:00:00,68.02254416465759
2012-10-28 21:00:00,68.1974584197998
2012-10-28 22:00:00,70.43255587577819
2012-10-28 23:00:00,74.22126116752624
2012-10-29 00:00:00,75.92388779640197
2012-10-29 01:00:00,75.52760791778564
2012-10-29 07:00:00,75.307099943161
2012-10-29 08:00:00,69.7923625087738
2012-10-29 09:00:00,62.16691436767578
2012-10-29 10:00:00,62.50420091629028
2012-10-29 11:00:00,59.66120103359222
2012-10-29 13:00:00,58.26321035385131
2012-10-29 14:00:00,63.11345437049865
2012-10-29 15:00:00,62.4103298664093
2012-10-29 16:00:00,62.5330474281311
2012-10-29 17:00:00,70.97551215171814
2012-10-29 18:00:00,69.40607931137085
2012-10-29 19:00:00,67.84537051200867
2012-10-29 20:00:00,71.30475708961487
2012-10-29 21:00:00,75.21878977775573
2012-10-29 22:00:00,75.69809559822082
2012-10-30 04:00:00,73.68938977241515
2012-10-30 07:00:00,77.32489869117737
2012-10-30 09:00:00,71.57849462509155
2012-10-30 10:00:00,60.671608209609985
2012-10-30 11:00:00,54.5891810131073
2012-10-30 12:00:00,50.86300570011139
2012-10-30 13:00:00,45.33751076698303
2012-10-30 14:00:00,47.64595333814621
2012-10-30 15:00:00,45.773602151870726
2012-10-30 16:00:00,51.364605779647825
2012-10-30 17:00:00,54.26836040019989
2012-10-30 18:00:00,55.38755064964294
2012-10-30 19:00:00,62.3557400560379
2012-10-30 20:00:00,66.48604319572449
2012-10-30 21:00:00,66.38764412879944
2012-10-30 22:00:00,67.91107748031617
2012-10-30 23:00:00,70.31999638080596
2012-10-31 01:00:00,68.33522172451019
2012-10-31 04:00:00,72.04162961483001
2012-10-31 07:00:00,64.43743364334107
2012-10-31 09:00:00,69.10936047554016
2012-10-31 10:00:00,55.06863899707794
2012-10-31 11:00:00,51.07673548221588
2012-10-31 12:00:00,46.73958911180496
2012-10-31 13:00:00,43.11128720998764
2012-10-31 16:00:00,46.16666123628616
2012-10-31 17:00:00,55.32223561763763
2012-10-31 18:00:00,59.20663331031799
2012-10-31 19:00:00,59.562991018295286
2012-10-31 20:00:00,63.87855092048645
2012-10-31 21:00:00,69.82400790691375
2012-10-31 22:00:00,65.93476864814758
2012-10-31 23:00:00,70.13763533592224
2012-11-01 01:00:00,71.43656757354736
2012-11-01 07:00:00,73.32593110084534
2012-11-01 10:00:00,72.8140300130844
2012-11-01 11:00:00,56.73846286296844
2012-11-01 12:00:00,51.29166182279587
2012-11-01 13:00:00,47.1865647983551
2012-11-01 14:00:00,50.07202982664108
2012-11-01 15:00:00,42.35343917608261
2012-11-01 16:00:00,44.39125203609466
2012-11-01 17:00:00,48.443373105525964
2012-11-01 18:00:00,47.76721381902694
2012-11-01 19:00:00,56.33060011386871
2012-11-01 20:00:00,56.77786859989166
2012-11-01 21:00:00,61.37582091331482
2012-11-01 22:00:00,62.348878865242
2012-11-01 23:00:00,66.71285903930664
2012-11-02 00:00:00,67.18534977912903
2012-11-02 01:00:00,69.77659283638
2012-11-02 05:00:00,72.97252444267272
2012-11-02 09:00:00,72.35777465820313
2012-11-02 10:00:00,53.241127629280086
2012-11-02 13:00:00,60.02179626464844
2012-11-02 15:00:00,51.54541521787643
2012-11-02 16:00:00,53.410716161727905
2012-11-02 19:00:00,64.55260758399963
2012-11-02 20:00:00,65.61047132968902
2012-11-02 21:00:00,64.9663171005249
2012-11-02 22:00:00,69.65194787025452
2012-11-03 00:00:00,67.13751971721649
2012-11-03 01:00:00,73.42799592494964
2012-11-03 03:00:00,71.30946032524109
2012-11-03 04:00:00,75.03775670528411
2012-11-03 06:00:00,75.15059747219085
2012-11-03 07:00:00,72.68327545166015
2012-11-03 10:00:00,71.5772957611084
2012-11-03 11:00:00,59.73353864192962
2012-11-03 12:00:00,58.096077187061304
2012-11-03 13:00:00,53.64634826660156
2012-11-03 14:00:00,59.477498183250425
2012-11-03 16:00:00,56.56980575561523
2012-11-03 17:00:00,61.424688453674314
2012-11-03 19:00:00,57.78473682165146
2012-11-03 20:00:00,69.25803344249725
2012-11-03 21:00:00,68.17837803840636
2012-11-03 23:00:00,70.644358253479
2012-11-04 00:00:00,67.21422395706176
2012-11-04 01:00:00,70.74594814300536
2012-11-04 07:00:00,72.06580055713653
2012-11-04 10:00:00,70.95917993545532
2012-11-04 11:00:00,59.11870124816894
2012-11-04 12:00:00,53.463922667503354
2012-11-04 13:00:00,53.84509685993194
2012-11-04 14:00:00,51.01903554201126
2012-11-04 15:00:00,45.47889141321182
2012-11-04 16:00:00,51.03695855855941
2012-11-04 17:00:00,56.514879341125486
2012-11-04 18:00:00,55.73487998962402
2012-11-04 19:00:00,54.714335496425626
2012-11-04 20:00:00,64.93536796569823
2012-11-04 21:00:00,68.97677534103393
2012-11-04 22:00:00,58.00364016294479
2012-11-04 23:00:00,68.1796875667572
2012-11-05 00:00:00,71.17123130798339
2012-11-05 01:00:00,70.11177676200866
2012-11-05 07:00:00,70.83722780227662
2012-11-05 08:00:00,62.892826509475704
2012-11-05 09:00:00,60.6192086315155
2012-11-05 10:00:00,50.083605780601495
2012-11-05 11:00:00,56.081061186790464
2012-11-05 12:00:00,48.49711679458618
2012-11-05 13:00:00,46.94006683588027
2012-11-05 14:00:00,49.79899777650833
2012-11-05 15:00:00,51.37351195573807
2012-11-05 16:00:00,53.66480385541916
2012-11-05 17:00:00,50.26277139186859
2012-11-05 18:00:00,58.55210890769958
2012-11-05 19:00:00,55.006194322109216
2012-11-05 21:00:00,61.32275734901428
2012-11-05 22:00:00,61.72102918624878
2012-11-06 00:00:00,63.33232543468475
2012-11-06 01:00:00,64.63356779098511
2012-11-06 07:00:00,74.69946034431457
2012-11-06 08:00:00,63.59745420455932
2012-11-06 09:00:00,59.20146436214447
2012-11-06 10:00:00,57.996693668365474
2012-11-06 11:00:00,62.01081305503845
2012-11-06 12:00:00,47.060799355506894
2012-11-06 13:00:00,48.99304763078689
2012-11-06 14:00:00,54.04416361331939
2012-11-06 15:00:00,49.18135457992553
2012-11-06 16:00:00,47.68762308359146
2012-11-06 17:00:00,49.337976937294
2012-11-06 18:00:00,60.91528192520141
2012-11-06 19:00:00,65.92193158149719
2012-11-06 20:00:00,65.80057426929474
2012-11-06 21:00:00,65.22062381744385
2012-11-06 22:00:00,65.11125975608826
2012-11-06 23:00:00,70.45332388877868
2012-11-07 01:00:00,68.77561518669128
2012-11-07 07:00:00,74.04723222732544
2012-11-07 10:00:00,64.30216950893401
2012-11-07 11:00:00,55.22818473815918
2012-11-07 12:00:00,53.012190718650814
2012-11-07 13:00:00,49.041986641883845
2012-11-07 14:00:00,49.104516620635984
2012-11-07 15:00:00,49.35427918195724
2012-11-07 16:00:00,49.401887915134424
2012-11-07 17:00:00,56.12842323064804
2012-11-07 18:00:00,59.077400383949275
2012-11-07 19:00:00,64.42924909114838
2012-11-07 20:00:00,69.23601584434509
2012-11-07 21:00:00,65.08829689979552
2012-11-07 22:00:00,65.61324254989624
2012-11-07 23:00:00,67.10194112300873
2012-11-08 00:00:00,68.144145860672
2012-11-08 07:00:00,66.68973940849304
2012-11-08 08:00:00,69.12361312389373
2012-11-08 10:00:00,60.43273917198181
2012-11-08 13:00:00,53.84800641059875
2012-11-08 14:00:00,43.18121095180511
2012-11-08 15:00:00,43.83717860221862
2012-11-08 16:00:00,42.794432070255276
2012-11-08 17:00:00,49.140173602104184
2012-11-08 19:00:00,45.39556114435196
2012-11-08 21:00:00,65.16021951675415
2012-11-08 22:00:00,68.6450173997879
2012-11-09 01:00:00,64.93465786933899
2012-11-09 07:00:00,73.45766780853272
2012-11-09 08:00:00,62.8178145122528
2012-11-09 10:00:00,57.245093560218805
2012-11-09 11:00:00,55.22651785612106
2012-11-09 12:00:00,46.80646497249603
2012-11-09 13:00:00,46.698788542747494
2012-11-09 14:00:00,48.91967946052551
2012-11-09 15:00:00,46.95593795061111
2012-11-09 16:00:00,45.24425067663192
2012-11-09 17:00:00,49.773143813610076
2012-11-09 19:00:00,50.67420306682586
2012-11-09 20:00:00,64.13582713127136
2012-11-09 21:00:00,60.877379379272455
2012-11-09 22:00:00,66.44288409233093
2012-11-09 23:00:00,63.03981184482574
2012-11-10 01:00:00,65.07442235469817
2012-11-10 02:00:00,71.14578311443329
2012-11-10 06:00:00,73.82562683105469
2012-11-10 08:00:00,78.4681353855133
2012-11-10 09:00:00,60.602867193222046
2012-11-10 10:00:00,56.39540793418884
2012-11-10 11:00:00,49.0404995894432
2012-11-10 12:00:00,49.376169977188106
2012-11-10 13:00:00,51.08793563842773
2012-11-10 14:00:00,50.83308482170105
2012-11-10 16:00:00,44.80259840726852
2012-11-10 17:00:00,54.310938515663146
2012-11-10 18:00:00,55.26670516014099
2012-11-10 19:00:00,58.5291322183609
2012-11-10 20:00:00,64.3139598751068
2012-11-10 21:00:00,64.36469948768615
2012-11-10 22:00:00,68.10784794807434
2012-11-10 23:00:00,70.55288493156432
2012-11-11 01:00:00,63.561294622421265
2012-11-11 07:00:00,70.91733958244323
2012-11-11 08:00:00,72.74450973510741
2012-11-11 09:00:00,58.322466511726375
2012-11-11 10:00:00,53.19593967914581
2012-11-11 11:00:00,50.97201932430267
2012-11-11 12:00:00,47.495076305866235
2012-11-11 13:00:00,47.1865647983551
2012-11-11 14:00:00,48.04652837753296
2012-11-11 15:00:00,49.228497600555414
2012-11-11 16:00:00,44.22944228649139
2012-11-11 17:00:00,52.99367749214172
2012-11-11 18:00:00,52.35491123437881
2012-11-11 19:00:00,54.85351207733154
2012-11-11 20:00:00,59.211110606193536
2012-11-11 21:00:00,67.21954506874084
2012-11-11 23:00:00,63.72160118103027
2012-11-12 07:00:00,67.31844673633576
2012-11-12 10:00:00,70.05646302223205
2012-11-12 13:00:00,47.776366684436795
2012-11-12 14:00:00,46.94396083831787
2012-11-12 16:00:00,44.0533706665039
2012-11-12 19:00:00,47.37358757972717
2012-11-12 20:00:00,60.68347696304321
2012-11-12 21:00:00,58.01195612907409
2012-11-12 22:00:00,58.05314171791076
2012-11-13 07:00:00,63.83926506996154
2012-11-13 09:00:00,68.32884469032287
2012-11-13 11:00:00,52.870074615478515
2012-11-13 12:00:00,48.4865160703659
2012-11-13 13:00:00,47.39584495067596
2012-11-13 14:00:00,49.398588733673094
2012-11-13 15:00:00,47.38611340284347
2012-11-13 16:00:00,45.81645001173019
2012-11-13 17:00:00,55.09552121639251
2012-11-13 18:00:00,61.09678993225097
2012-11-13 19:00:00,62.11946702003479
2012-11-13 20:00:00,67.781996717453
2012-11-13 21:00:00,69.3961149072647
2012-11-13 22:00:00,69.03831395149231
2012-11-13 23:00:00,72.50139856338501
2012-11-14 00:00:00,65.90942650794983
2012-11-14 01:00:00,69.76006234645843
2012-11-14 08:00:00,73.22755047798157
2012-11-14 10:00:00,57.68860867977142
2012-11-14 11:00:00,56.99614023208618
2012-11-14 12:00:00,48.61058927059173
2012-11-14 13:00:00,45.34271890878677
2012-11-14 15:00:00,46.21231028795242
2012-11-14 16:00:00,52.990253813266754
2012-11-14 17:00:00,58.738813529014585
2012-11-14 19:00:00,52.60614009857177
2012-11-14 20:00:00,64.05851884841918
2012-11-14 21:00:00,68.23933566093444
2012-11-14 23:00:00,67.34559178352356
2012-11-15 00:00:00,72.52162708759307
2012-11-15 02:00:00,72.49941121578216
2012-11-15 07:00:00,69.8000629043579
2012-11-15 08:00:00,61.87555353164672
2012-11-15 09:00:00,54.203511080741876
2012-11-15 10:00:00,50.66899953603744
2012-11-15 12:00:00,48.36195640802383
2012-11-15 13:00:00,46.94006683588027
2012-11-15 15:00:00,46.7625219964981
2012-11-15 16:00:00,52.28029808998107
2012-11-15 17:00:00,59.304354557991026
2012-11-15 18:00:00,53.85859791278839
2012-11-15 19:00:00,58.82521012306213
2012-11-15 21:00:00,62.89937415122986
2012-11-15 22:00:00,64.03615542411804
2012-11-15 23:00:00,69.85752537727356
2012-11-16 00:00:00,68.94119674682617
2012-11-16 01:00:00,72.62836748123169
2012-11-16 04:00:00,71.7460911989212
2012-11-16 05:00:00,74.67172047615051
2012-11-16 06:00:00,69.66010936737061
2012-11-16 07:00:00,72.89240344047546
2012-11-16 08:00:00,67.72187829971313
2012-11-16 09:00:00,60.55277773380279
2012-11-16 10:00:00,53.12965402841568
2012-11-16 11:00:00,55.25142194986343
2012-11-16 12:00:00,49.239824559688564
2012-11-16 13:00:00,49.05741509914398
2012-11-16 15:00:00,61.802136945724484
2012-11-16 16:00:00,55.06738018989563
2012-11-16 18:00:00,64.32746553897857
2012-11-16 19:00:00,71.41274706840515
2012-11-16 20:00:00,72.5111416387558
2012-11-16 21:00:00,71.04501398563384
2012-11-16 22:00:00,70.84510341644287
2012-11-17 01:00:00,74.22370039463043
2012-11-17 02:00:00,80.40306035518645
2012-11-17 07:00:00,73.25563156127929
2012-11-17 08:00:00,72.8018154335022
2012-11-17 09:00:00,61.61074753284454
2012-11-17 10:00:00,60.967985830307
2012-11-17 11:00:00,59.18262836456299
2012-11-17 12:00:00,61.59210058689117
2012-11-17 13:00:00,53.504043111801145
2012-11-17 14:00:00,55.07037965536117
2012-11-17 15:00:00,66.36358385086059
2012-11-17 16:00:00,63.05378783226013
2012-11-17 17:00:00,68.75078948020935
2012-11-17 18:00:00,69.48928969383239
2012-11-17 19:00:00,71.052700548172
2012-11-17 22:00:00,77.43160219669342
2012-11-17 23:00:00,75.69580392360687
2012-11-18 01:00:00,74.37732098102569
2012-11-18 07:00:00,80.03078081130981
2012-11-18 08:00:00,69.85148494720458
2012-11-18 10:00:00,66.78545025348663
2012-11-18 11:00:00,60.267365107536314
2012-11-18 13:00:00,55.8518015050888
2012-11-18 14:00:00,56.8319788646698
2012-11-18 16:00:00,58.12648222208023
2012-11-18 17:00:00,57.69569350481033
2012-11-18 19:00:00,62.15951368808746
2012-11-18 20:00:00,67.14376764297485
2012-11-19 07:00:00,69.62352557182312
2012-11-19 09:00:00,70.92001397132873
2012-11-19 10:00:00,60.21634422302246
2012-11-19 11:00:00,57.971895627975464
2012-11-19 12:00:00,50.554067673683164
2012-11-19 13:00:00,51.73742481231689
2012-11-19 14:00:00,57.0190339231491
2012-11-19 15:00:00,49.73452656030655
2012-11-19 16:00:00,53.22939259529114
2012-11-19 17:00:00,61.40590317726135
2012-11-19 18:00:00,65.73972270011902
2012-11-19 19:00:00,71.95345316886902
2012-11-19 20:00:00,72.91754730701446
2012-11-19 21:00:00,73.28294721603393
2012-11-20 07:00:00,73.22343745231628
2012-11-20 09:00:00,67.34205052375793
2012-11-20 10:00:00,55.07308401584625
2012-11-20 11:00:00,55.22374663591385
2012-11-20 12:00:00,50.95209512710571
2012-11-20 13:00:00,51.94780469179153
2012-11-20 15:00:00,50.71368719100952
2012-11-20 16:00:00,52.87430752754211
2012-11-20 17:00:00,62.61546010494232
2012-11-20 18:00:00,58.94474608421326
2012-11-20 21:00:00,61.29991899013519
2012-11-21 07:00:00,67.4755301952362
2012-11-21 08:00:00,71.90005761146546
2012-11-21 09:00:00,70.85452833175658
2012-11-21 10:00:00,61.062151985168455
2012-11-21 11:00:00,60.765599145889276
2012-11-21 12:00:00,54.137585089206695
2012-11-21 13:00:00,50.67021684408188
2012-11-21 15:00:00,59.64785214424133
2012-11-21 16:00:00,61.25552874565124
2012-11-21 19:00:00,67.33914558410645
2012-11-22 07:00:00,74.37244713783264
2012-11-22 09:00:00,71.63387291908263
2012-11-22 10:00:00,67.48305998325348
2012-11-22 12:00:00,68.32100596427917
2012-11-22 13:00:00,73.30078723430633
2012-11-22 14:00:00,69.93539620399474
2012-11-22 15:00:00,61.70373787879944
2012-11-22 16:00:00,61.373413963317866
2012-11-22 17:00:00,74.67438103199005
2012-11-22 18:00:00,72.25003828525543
2012-11-23 07:00:00,75.5066185760498
2012-11-23 08:00:00,74.01734823703765
2012-11-23 09:00:00,60.64716982841492
2012-11-23 10:00:00,62.038677420616146
2012-11-23 11:00:00,58.5091526889801
2012-11-23 12:00:00,55.06738018989563
2012-11-23 13:00:00,58.02161620616913
2012-11-23 14:00:00,67.30445230484008
2012-11-23 15:00:00,67.79837504386902
2012-11-23 16:00:00,67.69022367954254
2012-11-23 17:00:00,73.06154470443725
2012-11-23 18:00:00,66.68513761520386
2012-11-23 19:00:00,65.33913613319396
2012-11-24 07:00:00,70.95562945365906
2012-11-24 08:00:00,75.15454911231994
2012-11-24 09:00:00,65.52104990959167
2012-11-24 10:00:00,58.06353494644165
2012-11-24 11:00:00,56.4058887720108
2012-11-24 12:00:00,55.46876907348633
2012-11-24 13:00:00,59.331582603454585
2012-11-24 14:00:00,71.18511968612671
2012-11-24 15:00:00,62.94409177780151
2012-11-24 16:00:00,61.784052543640136
2012-11-24 18:00:00,64.57360614776611
2012-11-24 19:00:00,65.10086191654204
2012-11-24 20:00:00,68.35200120925903
2012-11-25 07:00:00,74.78889559745788
2012-11-25 09:00:00,75.67211713790893
2012-11-25 10:00:00,63.0625718164444
2012-11-25 12:00:00,61.16062482833862
2012-11-25 13:00:00,48.760908370018
2012-11-25 14:00:00,51.67792427062988
2012-11-25 15:00:00,49.0536409831047
2012-11-25 16:00:00,59.95851007938385
2012-11-25 17:00:00,67.39375844955444
2012-11-25 18:00:00,61.9087620639801
2012-11-25 19:00:00,69.63404790878296
2012-11-25 20:00:00,71.64187764167785
2012-11-25 21:00:00,69.76970397949218
2012-11-25 22:00:00,67.72172613620758
2012-11-26 07:00:00,69.57119054794312
2012-11-26 09:00:00,79.21526280879974
2012-11-26 10:00:00,65.11525289535523
2012-11-26 11:00:00,67.55598780155182
2012-11-26 12:00:00,60.80231204986572
2012-11-26 13:00:00,55.98994060754776
2012-11-26 14:00:00,57.67677681446075
2012-11-26 15:00:00,53.64790217876434
2012-11-26 16:00:00,61.754191608428954
2012-11-26 17:00:00,67.18471807003021
2012-11-26 18:00:00,61.911533284187314
2012-11-26 19:00:00,69.66985244274139
2012-11-26 20:00:00,70.97919635295868
2012-11-27 09:00:00,69.05431417465209
2012-11-27 10:00:00,66.78859957695008
2012-11-27 11:00:00,64.81454092025757
2012-11-27 12:00:00,57.87954851865768
2012-11-27 13:00:00,60.06314785003662
2012-11-27 14:00:00,61.72441367149353
2012-11-27 16:00:00,61.99614080429077
2012-11-27 17:00:00,62.81896726608276
2012-11-27 20:00:00,65.45564726829528
2012-11-28 01:00:00,71.81710544586181
2012-11-28 02:00:00,75.7861521577835
2012-11-28 07:00:00,74.44098988056183
2012-11-28 09:00:00,71.74249921798706
2012-11-28 10:00:00,62.8802661037445
2012-11-28 11:00:00,59.301191401481624
2012-11-28 12:00:00,57.98555114984512
2012-11-28 13:00:00,53.42997406721115
2012-11-28 15:00:00,57.343372740745544
2012-11-28 16:00:00,61.46478123188019
2012-11-28 17:00:00,68.61375932693481
2012-11-28 18:00:00,71.44063910007476
2012-11-28 19:00:00,70.05470161437988
2012-11-29 07:00:00,72.34181593418121
2012-11-29 08:00:00,72.2607312297821
2012-11-29 09:00:00,66.59098990440368
2012-11-29 10:00:00,60.43931447982788
2012-11-29 11:00:00,59.43397480964661
2012-11-29 12:00:00,55.76318470716476
2012-11-29 13:00:00,55.377694604396815
2012-11-29 14:00:00,56.65697700023651
2012-11-29 15:00:00,65.90614807605743
2012-11-29 16:00:00,65.98672556877136
2012-11-29 17:00:00,74.08601086616515
2012-11-29 18:00:00,72.86708435535431
2012-11-29 19:00:00,73.40833916664123
2012-11-30 07:00:00,76.97629671096801
2012-11-30 10:00:00,74.90557272911072
2012-11-30 13:00:00,58.31531482696533
2012-11-30 16:00:00,55.85480558156967
2012-11-30 17:00:00,64.20266379833221
2012-11-30 19:00:00,67.23231297016143
2012-11-30 20:00:00,71.07609683990478
2012-11-30 21:00:00,69.42221786499023
2012-11-30 22:00:00,69.89162844657898
2012-11-30 23:00:00,71.29567338943481
2012-12-01 01:00:00,77.69495111465454
2012-12-01 10:00:00,80.08886116027831
2012-12-01 11:00:00,59.19143540382385
2012-12-01 13:00:00,58.22978510379791
2012-12-01 14:00:00,57.255366902351376
2012-12-01 15:00:00,49.30724221467972
2012-12-01 16:00:00,54.05837937355041
2012-12-01 17:00:00,56.989728615283965
2012-12-01 18:00:00,63.213149132728574
2012-12-01 19:00:00,63.38727029323577
2012-12-01 20:00:00,65.45745478630066
2012-12-01 21:00:00,70.56735429763793
2012-12-01 22:00:00,66.74079718112945
2012-12-01 23:00:00,74.45728059768676
2012-12-02 00:00:00,69.98518594741822
2012-12-02 01:00:00,70.41997241497039
2012-12-02 06:00:00,73.51556371688842
2012-12-02 07:00:00,79.45000498771667
2012-12-02 09:00:00,74.30557819366454
2012-12-02 10:00:00,65.89372600078582
2012-12-02 12:00:00,64.9632461643219
2012-12-02 13:00:00,56.62859620094299
2012-12-02 14:00:00,59.010333166122436
2012-12-02 15:00:00,54.25962713718414
2012-12-02 16:00:00,55.46362779140472
2012-12-02 18:00:00,70.85247181892395
2012-12-03 07:00:00,71.88733120918273
2012-12-03 09:00:00,77.078356924057
2012-12-03 10:00:00,60.744171757698055
2012-12-03 11:00:00,60.43058121681213
2012-12-03 13:00:00,59.43677830696106
2012-12-03 15:00:00,61.28837761878967
2012-12-03 16:00:00,59.50555621147156
2012-12-03 17:00:00,65.41587265014648
2012-12-03 20:00:00,65.53069615364075
2012-12-03 21:00:00,73.45453231811523
2012-12-04 07:00:00,75.21416031837462
2012-12-04 08:00:00,75.13344910621643
2012-12-04 09:00:00,67.20253964424133
2012-12-04 10:00:00,63.40465843200683
2012-12-04 11:00:00,61.96047921180725
2012-12-04 13:00:00,59.239071803092955
2012-12-04 14:00:00,65.57411347389221
2012-12-04 16:00:00,67.41417602539062
2012-12-05 09:00:00,71.29499095916748
2012-12-05 10:00:00,73.99709204673766
2012-12-05 12:00:00,62.87215993881225
2012-12-05 13:00:00,58.27432290077209
2012-12-05 14:00:00,57.94383529424667
2012-12-05 15:00:00,59.86742869377136
2012-12-05 16:00:00,65.2012852191925
2012-12-05 17:00:00,66.4099891090393
2012-12-06 10:00:00,65.71705494880676
2012-12-06 11:00:00,73.48701231002808
2012-12-06 12:00:00,59.3936653137207
2012-12-06 13:00:00,59.05879493713378
2012-12-06 14:00:00,75.2450172328949
2012-12-06 15:00:00,74.75218269348144
2012-12-06 16:00:00,71.37761113166809
2012-12-06 18:00:00,66.17756627082825
2012-12-06 19:00:00,69.30074527740479
2012-12-06 20:00:00,74.241254529953
2012-12-06 22:00:00,72.45340711593627
2012-12-07 07:00:00,74.38287725448608
2012-12-07 08:00:00,78.2116292142868
2012-12-07 09:00:00,76.72807192325591
2012-12-07 10:00:00,71.45338855743408
2012-12-07 11:00:00,78.10217293262481
2012-12-07 12:00:00,71.68941259860992
2012-12-07 13:00:00,65.26795127868652
2012-12-07 15:00:00,63.70579000949859
2012-12-07 16:00:00,71.41105021476746
2012-12-07 17:00:00,69.44062042713165
2012-12-07 19:00:00,68.73999970436095
2012-12-07 20:00:00,73.98520484924316
2012-12-07 21:00:00,73.05330943107604
2012-12-07 22:00:00,76.50278232574463
2012-12-07 23:00:00,77.07854597568512
2012-12-08 07:00:00,74.78958263874054
2012-12-08 09:00:00,74.9453657913208
2012-12-08 10:00:00,59.45060674190521
2012-12-08 11:00:00,60.63728381156921
2012-12-08 13:00:00,56.95598981618881
2012-12-08 14:00:00,55.934631478786464
2012-12-08 15:00:00,66.12520358085632
2012-12-08 16:00:00,63.91388513088226
2012-12-08 17:00:00,64.11781650543213
2012-12-08 18:00:00,65.45564726829528
2012-12-08 19:00:00,72.63100498199462
2012-12-08 22:00:00,74.17122704029083
2012-12-08 23:00:00,73.39762316703796
2012-12-09 00:00:00,73.42530770301819
2012-12-09 01:00:00,75.98349900245667
2012-12-09 02:00:00,71.08750449180603
2012-12-09 11:00:00,71.83378809928894
2012-12-09 12:00:00,67.81390494346618
2012-12-09 13:00:00,62.24940082073211
2012-12-09 14:00:00,59.49741315841675
2012-12-09 15:00:00,58.19885210752487
2012-12-09 16:00:00,55.49554985046387
2012-12-09 18:00:00,57.07426466464996
2012-12-09 19:00:00,65.3508665561676
2012-12-09 20:00:00,76.09287228584289
2012-12-10 07:00:00,73.97493611812591
2012-12-10 08:00:00,74.66449962615967
2012-12-10 09:00:00,65.5692719078064
2012-12-10 10:00:00,59.20249722957611
2012-12-10 11:00:00,59.393895864486694
2012-12-10 12:00:00,57.09043549537658
2012-12-10 13:00:00,56.70113208293915
2012-12-10 14:00:00,54.44043426990509
2012-12-10 15:00:00,55.43219449996948
2012-12-10 16:00:00,64.41369152545929
2012-12-10 17:00:00,65.72561299324035
2012-12-10 18:00:00,63.426408591270445
2012-12-10 19:00:00,74.24895031452179
2012-12-11 08:00:00,78.26448528289795
2012-12-11 09:00:00,72.46842980384827
2012-12-11 10:00:00,68.5080195236206
2012-12-11 11:00:00,63.76406863212585
2012-12-11 12:00:00,64.90614796161651
2012-12-11 13:00:00,63.56212460517883
2012-12-11 14:00:00,63.78165504455566
2012-12-11 15:00:00,59.024452095031734
2012-12-11 16:00:00,59.23561354160309
2012-12-11 17:00:00,65.21925895690917
2012-12-11 18:00:00,72.10173419952392
2012-12-11 19:00:00,75.40357160568237
2012-12-11 22:00:00,75.56012479782105
2012-12-12 07:00:00,72.79092421531676
2012-12-12 08:00:00,72.2749423789978
2012-12-12 09:00:00,70.393712682724
2012-12-12 10:00:00,72.2596153640747
2012-12-12 11:00:00,70.94537455558776
2012-12-12 12:00:00,58.5064321899414
2012-12-12 13:00:00,56.001871609687804
2012-12-12 16:00:00,56.31078658103942
2012-12-13 08:00:00,78.09506274700165
2012-12-13 10:00:00,72.73576725006103
2012-12-13 11:00:00,65.01599617958068
2012-12-13 12:00:00,67.5164206790924
2012-12-13 13:00:00,59.17425476074219
2012-12-13 14:00:00,63.39581911563873
2012-12-13 16:00:00,68.85044274330139
2012-12-13 17:00:00,74.3217536354065
2012-12-13 18:00:00,71.58461344242096
2012-12-13 20:00:00,73.87415315628051
2012-12-14 07:00:00,72.96022225379943
2012-12-14 08:00:00,77.45984005451201
2012-12-14 09:00:00,70.7902876663208
2012-12-14 10:00:00,65.58147726535798
2012-12-14 13:00:00,65.73119232177734
2012-12-14 14:00:00,72.04919629096985
2012-12-14 15:00:00,70.69367767333983
2012-12-14 16:00:00,68.87953824996949
2012-12-14 17:00:00,69.9781126499176
2012-12-14 18:00:00,68.86761416435242
2012-12-14 19:00:00,72.80735787391663
2012-12-14 20:00:00,73.73136845588684
2012-12-14 21:00:00,75.15723272323608
2012-12-15 07:00:00,73.5852453804016
2012-12-15 09:00:00,75.29739375591278
2012-12-15 10:00:00,66.0161346244812
2012-12-15 11:00:00,62.35409392356872
2012-12-15 13:00:00,71.16559664726257
2012-12-15 14:00:00,71.46507287025452
2012-12-16 08:00:00,71.08707105636596
2012-12-16 09:00:00,75.77909269332885
2012-12-16 10:00:00,75.05070443630218
2012-12-16 11:00:00,72.24111597061157
2012-12-16 12:00:00,61.95451255798339
2012-12-16 13:00:00,60.77580793380737
2012-12-16 14:00:00,62.42132252693176
2012-12-16 15:00:00,59.526029119491575
2012-12-17 07:00:00,61.5257941865921
2012-12-17 08:00:00,74.09023916721344
2012-12-17 09:00:00,66.48107252120971
2012-12-17 10:00:00,63.746860322952266
2012-12-17 11:00:00,64.8115714263916
2012-12-17 12:00:00,58.64649639129638
2012-12-17 13:00:00,62.56259481430053
2012-12-18 09:00:00,60.18312646865844
2012-12-18 10:00:00,63.4958043718338
2012-12-18 11:00:00,64.43524802207946
2012-12-18 12:00:00,59.52981937408447
2012-12-18 13:00:00,63.75932389736175
2012-12-18 15:00:00,63.077954163551325
2012-12-18 16:00:00,66.72711629867554
2012-12-18 17:00:00,74.27548670768738
2012-12-18 19:00:00,70.49489680290222
2012-12-18 20:00:00,74.71647960186004
2012-12-19 08:00:00,74.75541962623596
2012-12-19 09:00:00,72.18220102787018
2012-12-19 10:00:00,69.97576103210449
2012-12-19 11:00:00,66.90730555534363
2012-12-19 12:00:00,58.15703711509704
2012-12-19 13:00:00,59.32612777233123
2012-12-19 14:00:00,60.06728854179382
2012-12-19 15:00:00,64.1053206539154
2012-12-19 16:00:00,61.00369353294372
2012-12-19 17:00:00,67.74768154144287
2012-12-19 18:00:00,63.63677694320678
2012-12-19 19:00:00,63.8835630941391
2012-12-19 20:00:00,73.82366253852844
2012-12-19 22:00:00,77.41816108703613
2012-12-20 00:00:00,78.84204261779784
2012-12-20 01:00:00,74.99835557937622
2012-12-20 07:00:00,75.69569325923919
2012-12-20 08:00:00,56.2190227651596
2012-12-20 09:00:00,67.57981752872466
2012-12-20 10:00:00,65.35012418270111
2012-12-20 11:00:00,62.76912680149078
2012-12-20 12:00:00,59.32413581371307
2012-12-20 13:00:00,58.01925306081772
2012-12-20 15:00:00,60.687262606620784
2012-12-20 16:00:00,70.49818445682526
2012-12-20 17:00:00,71.94033944129943
2012-12-20 19:00:00,70.7321842622757
2012-12-20 20:00:00,71.42444060325623
2012-12-20 21:00:00,70.01123818397522
2012-12-21 08:00:00,72.44079137802123
2012-12-21 09:00:00,77.03862380504607
2012-12-21 11:00:00,72.41670343399048
2012-12-21 13:00:00,72.86599615573883
2012-12-21 14:00:00,66.90215044021606
2012-12-21 15:00:00,79.83476655006409
2012-12-21 16:00:00,74.43691835403442
2012-12-21 17:00:00,70.23955721855164
2012-12-21 18:00:00,65.35099566459655
2012-12-22 08:00:00,70.79123753547668
2012-12-22 09:00:00,72.82693163394927
2012-12-22 11:00:00,63.7658484840393
2012-12-22 12:00:00,62.3351564836502
2012-12-22 13:00:00,64.3294713306427
2012-12-22 14:00:00,64.55609351158142
2012-12-22 15:00:00,62.40896500587463
2012-12-22 16:00:00,58.15448261260986
2012-12-22 17:00:00,63.749294939041135
2012-12-22 18:00:00,60.77774456024169
2012-12-22 19:00:00,65.25597186088562
2012-12-22 20:00:00,70.78388757705689
2012-12-22 21:00:00,67.79065620422362
2012-12-22 22:00:00,68.71469445228577
2012-12-23 08:00:00,71.31251281738281
2012-12-23 10:00:00,64.78355489730835
2012-12-23 11:00:00,64.40957849979401
2012-12-23 12:00:00,59.46215272426605
2012-12-23 13:00:00,58.27535115718841
2012-12-23 14:00:00,61.566016073226926
2012-12-23 15:00:00,64.16918782711029
2012-12-23 16:00:00,71.07495791912079
2012-12-23 17:00:00,65.41649052619934
2012-12-23 19:00:00,61.92461473464966
2012-12-23 20:00:00,70.93004754066467
2012-12-23 21:00:00,69.03504935264587
2012-12-23 22:00:00,72.77515915393829
2012-12-24 10:00:00,74.82529034137725
2012-12-24 12:00:00,76.30069996833801
2012-12-24 13:00:00,63.58746213436127
2012-12-24 14:00:00,62.00657092094421
2012-12-24 15:00:00,63.645436429977416
2012-12-24 16:00:00,63.306305475234986
2012-12-24 17:00:00,68.43778453826904
2012-12-24 18:00:00,72.67444074630737
2012-12-24 19:00:00,71.1633003616333
2012-12-24 20:00:00,73.79308228492737
2012-12-24 21:00:00,72.15503292560577
2012-12-24 22:00:00,76.03711127758025
2012-12-25 07:00:00,77.62485445976257
2012-12-25 10:00:00,77.74307167053222
2012-12-25 11:00:00,67.29006593704223
2012-12-25 12:00:00,62.31074115753174
2012-12-25 13:00:00,59.13459541797638
2012-12-25 14:00:00,59.95595557689666
2012-12-25 16:00:00,58.04913935661315
2012-12-25 17:00:00,69.0601978302002
2012-12-25 18:00:00,70.58775342941284
2012-12-25 19:00:00,69.54549335956573
2012-12-25 20:00:00,72.99216275691985
2012-12-25 21:00:00,70.2052881526947
2012-12-25 22:00:00,73.65487171173095
2012-12-26 07:00:00,75.3979277229309
2012-12-26 08:00:00,75.09133209228516
2012-12-26 09:00:00,66.94962084293365
2012-12-26 10:00:00,61.57408996105194
2012-12-26 13:00:00,66.56913369178771
2012-12-26 15:00:00,63.03189012050628
2012-12-26 16:00:00,67.38953475952148
2012-12-27 08:00:00,75.97054666042328
2012-12-27 09:00:00,74.50469105720519
2012-12-27 10:00:00,70.22997552871703
2012-12-27 11:00:00,68.02031704425812
2012-12-27 12:00:00,69.96337584495544
2012-12-27 13:00:00,69.8714921426773
2012-12-27 14:00:00,76.66228656768799
2012-12-27 15:00:00,75.15378829479218
2012-12-27 16:00:00,73.92602707862854
2012-12-28 08:00:00,79.3084283733368
2012-12-28 09:00:00,75.25368594169616
2012-12-28 10:00:00,69.21345875740052
2012-12-28 13:00:00,78.56177588462829
2012-12-28 14:00:00,80.87402023792266
2012-12-28 15:00:00,74.20716529369354
2012-12-28 16:00:00,76.51592371940613
2012-12-28 18:00:00,70.69483042716979
2012-12-28 20:00:00,71.253058385849
2012-12-28 22:00:00,77.82631894111633
2012-12-28 23:00:00,78.6475361585617
2012-12-29 00:00:00,75.3688506603241
2012-12-29 08:00:00,77.61397707462311
2012-12-29 09:00:00,75.30443016529082
2012-12-29 10:00:00,65.3701498222351
2012-12-29 12:00:00,65.7710499382019
2012-12-29 13:00:00,78.17330706596374
2012-12-29 15:00:00,77.38682001590729
2012-12-29 16:00:00,72.56152620315551
2012-12-29 17:00:00,74.27656568527222
2012-12-29 18:00:00,76.07446972370147
2012-12-29 19:00:00,75.3136106967926
2012-12-29 20:00:00,78.9550032711029
2012-12-29 22:00:00,78.13776535987854
2012-12-30 00:00:00,76.02729442596436
2012-12-30 01:00:00,72.44655514717101
2012-12-30 07:00:00,80.01127621650696
2012-12-30 08:00:00,77.28054072380066
2012-12-30 09:00:00,68.8779151725769
2012-12-30 10:00:00,62.83874391078949
2012-12-30 12:00:00,68.39775170326233
2012-12-30 13:00:00,63.97946760177612
2012-12-30 14:00:00,65.51306824207306
2012-12-30 15:00:00,67.6543269252777
2012-12-30 16:00:00,64.22161968231201
2012-12-30 17:00:00,65.30883254051209
2012-12-30 18:00:00,67.51671578407287
2012-12-30 19:00:00,71.38924472332
2012-12-30 20:00:00,73.72788252830505
2012-12-30 21:00:00,71.66356324672698
2012-12-30 22:00:00,73.57794614315033
2012-12-31 09:00:00,75.12392274856568
2012-12-31 10:00:00,63.239713191986084
2012-12-31 11:00:00,62.99713689804077
2012-12-31 12:00:00,62.16691436767578
2012-12-31 13:00:00,59.616783123016354
2012-12-31 14:00:00,68.84472508430481
2012-12-31 15:00:00,69.10911148071288
2012-12-31 16:00:00,64.39557484626769
