Date,Temperature,HeatIndex,Precipitation,WindSpeed,WindDirection,Visibility,CloudCover,RelativeHumidity
12/1/2010 13:00,30.33720821,35.66394151,0.214721009,9.288074652,116.3466096,8.816697091,37.12726235,68.77384456
12/1/2010 15:00,28.46880096,32.40945209,0.179469761,11.08958123,205.7820368,9.205962849,43.97150576,72.64456137
12/1/2010 16:00,27.7442202,30.95594492,0.625588458,6.696974442,145.263108,9.22275902,38.67548704,77.69667563
12/2/2010 8:00,27.59618378,30.93098477,0.271594227,5.801382828,133.1542325,8.863440448,39.52354789,80.70774241
12/2/2010 9:00,29.14240831,32.89153955,0.162049452,7.259438734,198.5469818,7.590899873,21.1785987,68.48100358
12/2/2010 10:00,29.90069058,34.31961352,0.189788627,7.960180875,163.1851029,8.317438769,38.91385794,68.92094978
12/2/2010 11:00,30.30425555,34.92185626,0.127253897,12.09815114,173.777554,8.818576854,40.77367187,66.87709418
12/2/2010 12:00,31.96310097,36.64427987,0.091990978,11.76778254,181.3348389,8.832790917,39.99257386,60.81164474
12/2/2010 13:00,30.33791834,34.80406723,0.116628943,15.74513969,219.6422768,10.33656734,45.59576511,65.75422434
12/2/2010 14:00,30.50619748,35.33073471,0.121345594,12.10476993,98.51436138,9.328653347,44.85663772,65.46332922
12/2/2010 15:00,30.61216339,35.46170626,0.186407712,11.16153038,110.1890302,9.361074138,36.96626127,66.7792761
12/2/2010 16:00,30.0502686,34.98061211,0.204814177,12.51108686,84.1393733,9.290040481,37.41313219,68.53845222
12/2/2010 18:00,26.63228599,30.08438792,0.140904086,-4.275202154,209.3238616,5.421891677,34.89653468,88.34239414
12/2/2010 22:00,28.5488972,33.50225199,0.146074082,5.209655497,124.8581386,6.955728191,38.4630084,79.37308403
12/3/2010 11:00,28.64259055,33.72893745,-0.003085044,4.580029917,95.25297761,6.51372568,45.11999786,80.24136588
12/3/2010 12:00,30.1932905,35.80218194,0.126019463,9.4181502,165.9396887,8.814049,40.92735052,71.04641112
12/3/2010 13:00,29.27702333,34.6444057,0.651405478,6.120194183,103.8717091,6.526173249,40.65442681,76.5948643
12/3/2010 14:00,27.72266158,31.49732078,0.210295137,5.761470216,172.7722192,7.886291087,39.12451565,80.48957684
12/3/2010 15:00,29.7825122,35.46734354,0.089324301,8.639036263,203.933115,9.891190201,44.62547898,69.43623074
12/4/2010 8:00,29.34547586,34.18928812,0.240729193,9.832768318,93.67926121,8.667005152,38.55985999,71.93855037
12/4/2010 10:00,29.06534997,33.92803541,0.23671286,5.982133404,133.6054873,6.735767624,37.85001636,75.34142434
12/4/2010 11:00,30.05287182,34.87764702,0.282637035,8.485839656,128.0015695,7.608540618,38.2226944,69.1753856
12/4/2010 12:00,30.60417421,35.36627657,0.235863234,11.10750738,101.061784,7.611143255,38.34283054,64.44119162
12/4/2010 13:00,30.45500903,34.30357794,0.212393778,9.898086355,89.8454833,8.191334051,38.38473558,61.06650939
12/4/2010 14:00,30.39888805,33.85769618,0.183011952,13.25014662,77.64214039,10.28622795,37.14165092,61.45348424
12/4/2010 15:00,30.53032204,34.80101747,0.194814804,13.02416788,83.82667065,9.450149566,37.4204874,62.29789026
12/4/2010 16:00,27.94210976,30.86241973,0.33808444,8.380810485,190.3654289,8.431369013,40.33797681,73.65330397
12/4/2010 17:00,27.74538695,31.40051127,0.19732262,5.911719756,165.2825475,7.93603884,42.38357544,77.66431553
12/5/2010 7:00,27.73166932,31.07967906,0.242935086,7.286684538,173.9021373,7.563825852,38.97586465,78.96975852
12/5/2010 9:00,28.16180934,32.50378127,0.083172794,5.147982517,128.5814738,7.15476979,38.5540843,81.29074075
12/5/2010 10:00,30.72518781,36.07525111,0.199919272,8.577539319,126.0604548,8.825987405,37.24286556,67.57728147
12/5/2010 12:00,29.38724517,33.87444872,0.214518091,8.347700092,134.4240332,9.320581508,39.00086284,70.34175576
12/5/2010 13:00,30.77291515,37.22003955,0.092639687,10.7244141,206.9787741,10.29726826,45.83854079,66.47760043
12/5/2010 15:00,31.07827976,36.67553476,0.166522519,10.10692024,68.70271862,9.928690898,36.70730293,66.27602989
12/5/2010 16:00,29.72255123,34.36630309,0.201298518,10.39833191,82.61585712,10.26685993,37.51357198,68.94305499
12/6/2010 7:00,29.38985941,35.15037788,0.153556861,6.836421762,101.5213001,8.560847628,41.97098315,74.01416203
12/6/2010 9:00,29.38454314,34.0530825,0.065121531,5.633694628,180.9982967,6.412073651,18.23128164,74.02565268
12/6/2010 10:00,28.78252515,33.5532246,0.269085602,8.611572979,89.99768794,8.151172066,39.33162093,75.1911698
12/6/2010 11:00,30.23996454,35.53902916,0.226417021,10.80778302,189.7402811,8.397780335,42.12688208,67.62300891
12/6/2010 12:00,30.06597614,34.72999865,0.165363582,12.38513359,193.7681437,8.425121951,41.85220599,67.24451833
12/6/2010 13:00,29.45671306,33.60789312,0.252376059,11.72217563,85.51649988,8.189398569,39.6474719,69.02009122
12/7/2010 11:00,28.24158514,31.4256627,0.278499761,10.5105322,188.6506605,8.323120582,43.66528392,74.84509465
12/7/2010 12:00,31.07091205,36.4725737,0.184000306,10.2080126,71.60697699,10.48326515,37.06768453,65.9151165
12/7/2010 13:00,31.11386343,37.01178149,0.182079506,12.3625271,82.44005442,10.25822944,36.98897362,67.58665566
12/7/2010 14:00,31.44309546,37.21085191,0.088027115,10.41167127,177.8633952,9.381873971,42.51276553,65.48315659
12/7/2010 15:00,31.18901192,35.86043227,0.119457657,14.68223739,220.8162045,10.59581123,47.56295681,63.0698895
12/7/2010 16:00,30.43334037,35.0018375,0.122670882,14.80031376,221.48592,10.61663966,46.15186453,65.51729654
12/7/2010 19:00,29.18996407,33.58252434,0.087986846,18.86786545,219.155767,10.32770298,48.95018041,72.57024102
12/8/2010 8:00,27.58753266,30.87288491,0.230662556,5.202116307,158.3040404,8.746909767,38.73450458,78.47394526
12/8/2010 9:00,28.75959281,33.42471469,0.110594079,5.705351198,129.0680802,7.059612623,37.99880743,76.80569837
12/8/2010 10:00,29.48084335,34.50138853,-0.003211803,5.601415995,143.1930327,7.694025874,38.92948031,73.93280527
12/8/2010 11:00,29.66819454,34.9420136,0.240213922,9.149932626,102.3401463,8.714618742,37.91772723,70.88584635
12/8/2010 13:00,30.16807251,35.45468128,0.1951443,9.685515907,88.50429833,10.5300327,37.51357198,70.25891426
12/8/2010 14:00,31.11771048,36.1384739,0.125849558,12.34946021,192.632432,10.24557036,44.65073347,63.80787789
12/8/2010 15:00,30.78144553,35.01901687,0.110322773,13.69587431,219.5266199,10.30243394,47.56436348,62.48000231
12/8/2010 16:00,31.18901192,35.86043227,0.119457657,14.68223739,220.8162045,10.59581123,47.56295681,63.0698895
12/8/2010 17:00,29.99654707,34.58038039,0.113215263,13.35670554,204.9251461,10.16647733,46.40991688,66.79790461
12/8/2010 18:00,31.38730572,36.23405702,0.138235788,11.53502333,199.6374607,10.29907838,41.81219637,62.92632554
12/9/2010 8:00,28.66284447,32.42482579,0.151705987,9.580350503,183.6035585,8.332492274,42.16012657,71.98147892
12/9/2010 9:00,28.00469667,32.19838128,0.132995998,6.439932497,196.6301465,9.027020937,38.87266517,77.83786492
12/9/2010 10:00,28.92162104,33.02356735,0.138779657,8.734927146,205.0482702,9.66029526,40.836972,71.3902822
12/9/2010 11:00,29.41150823,33.98485774,0.130859005,8.477258611,185.5551553,10.19938272,44.67566013,71.00218226
12/9/2010 12:00,31.06754974,36.27507291,0.12268209,11.44976683,208.1171036,10.30388189,43.21710765,63.71865935
12/9/2010 13:00,30.98364902,36.30693657,0.12663425,11.07095423,210.7494235,10.57703266,44.50677335,63.97228364
12/10/2010 10:00,29.35269537,34.19299877,0.210146871,12.31853201,85.08856416,10.10155657,37.31733561,72.71421536
12/10/2010 12:00,28.01363912,32.36525465,0.231668697,7.290339853,113.7706804,7.985739672,40.44673145,78.38943458
12/10/2010 13:00,28.67724444,33.18132586,0.211510495,6.232813016,151.3367987,7.422702819,40.46128392,75.81046604
12/10/2010 14:00,27.85803095,32.56250466,0.120471039,6.643477501,122.7524436,8.853732246,35.80454588,80.96062894
12/10/2010 15:00,29.39072083,34.06597686,0.15218727,9.728234839,190.3174067,8.834555578,41.27200544,71.93731462
12/10/2010 16:00,28.60111214,32.3077488,0.228978545,7.955956828,184.1858768,8.754167092,42.49728024,72.02268295
12/10/2010 17:00,28.02517531,31.52450555,0.145493547,7.190095255,159.2447662,7.705817652,41.09970033,76.73955796
12/10/2010 18:00,28.49942895,32.39129416,0.183307873,6.319194252,153.4509051,7.306746185,37.04224527,76.54177307
12/11/2010 10:00,28.19368491,31.86204604,0.148485125,7.130883909,166.568656,7.609148389,37.33133078,77.49722156
12/11/2010 11:00,27.51132912,32.14064088,0.369384751,5.269394541,147.6026487,7.737431991,39.69669342,78.82954677
12/11/2010 12:00,28.57415301,32.05728435,0.16555382,5.623401641,176.4547205,8.577301425,38.8908565,74.38420523
12/11/2010 13:00,28.3630987,32.15337739,0.12312155,10.41110418,227.8754568,9.887216598,42.52634346,70.0287001
12/12/2010 7:00,28.22385494,30.99169183,0.130045516,18.73507427,231.6084266,10.09688209,45.66016197,70.70270604
12/12/2010 9:00,27.37709591,30.88078222,0.37163055,5.20716678,181.2256408,8.596090996,40.4197216,80.48173811
12/12/2010 10:00,29.19797751,33.65016294,0.148260469,11.59925068,213.85746,10.18713053,41.56113863,73.45584185
12/12/2010 11:00,29.51266114,33.36306546,0.144313368,13.14902553,211.5094972,10.19368698,43.1127727,68.20020658
12/12/2010 13:00,29.43879794,33.29288063,0.139594733,15.18866022,217.0964098,10.3210351,43.84479225,68.78875197
12/13/2010 8:00,27.53494706,32.78671176,0.135410049,5.490787725,133.2711661,10.9408175,48.90041947,77.48454126
12/13/2010 9:00,29.81346724,34.28950635,0.14286413,9.136723758,179.8219442,8.884916967,40.20433426,71.33017301
12/13/2010 10:00,30.46927249,34.68655751,0.156322097,11.50258589,198.2241511,10.58935302,41.24444425,66.27626044
12/13/2010 11:00,29.18318784,33.04157481,0.125800824,15.92021567,214.9232626,10.30873746,45.92737854,69.39947634
12/13/2010 12:00,30.55977875,35.03662798,0.133216389,13.63950662,215.2174044,10.60143366,45.02494931,65.00008818
12/13/2010 13:00,30.40632545,34.95916838,0.122424538,16.23200404,224.8587871,10.62916604,46.20837569,65.5359066
12/13/2010 14:00,29.87709442,34.68152211,0.111151305,16.01644221,209.1968107,10.27756447,47.21462131,67.3249621
12/13/2010 15:00,30.76090337,35.93702052,0.111292645,16.39364382,231.502018,10.38265821,44.60341334,64.2873912
12/13/2010 16:00,29.74296724,34.41661874,0.121205081,15.04361627,232.4482155,10.62330387,44.09271777,67.45900432
12/13/2010 17:00,29.10848749,32.68075592,0.113172944,22.45237881,228.9037514,10.35245882,46.93361521,69.74630769
12/13/2010 18:00,27.76264035,31.30070954,0.147261139,8.943536985,219.6189523,9.430626857,39.83406425,74.41216642
12/13/2010 19:00,27.84213231,31.68594668,0.135325873,7.84483738,208.2716632,9.12233023,39.16350007,76.09603544
12/13/2010 20:00,27.86208652,31.47309873,0.196157616,9.230567861,205.2268624,9.341497177,41.97028875,78.00871226
12/13/2010 21:00,27.97495061,32.09487774,0.14034362,7.975114816,205.6033373,9.392343169,39.72811103,78.06145306
12/13/2010 22:00,28.07486256,32.18773515,0.144409611,7.764801242,200.2477813,9.173333848,38.91769946,77.82713048
12/13/2010 23:00,27.6111222,31.32635025,0.311370581,5.089757219,171.5355921,8.615912092,39.26652074,81.4815169
12/14/2010 0:00,27.94773897,31.79896929,0.31693223,6.403678073,172.6438701,8.105220497,37.63826489,80.43748158
12/14/2010 7:00,28.7350962,33.57111404,-0.01077003,5.052605791,134.0687156,7.436424214,36.89590693,80.19081071
12/14/2010 8:00,29.11400136,33.99576548,0.260682957,4.016347734,106.0025203,6.977458376,28.64609659,82.77387383
12/14/2010 9:00,28.71645154,32.85584033,0.224367775,10.37395521,186.4240837,8.876631051,42.00688004,73.59339766
12/14/2010 10:00,29.87361523,35.15157968,0.106416999,12.11982287,181.1521268,8.881976354,42.44344831,71.91293157
12/14/2010 11:00,29.09545947,33.10047129,0.106450854,11.98285688,208.7902308,10.15979185,46.6034919,70.47622219
12/14/2010 13:00,29.83367947,34.38137192,0.094309084,24.67792904,242.3393869,10.40233781,47.98716903,66.84671681
12/14/2010 14:00,29.45786117,34.55590362,0.076860209,21.42360044,223.5186911,10.18729256,50.55794716,70.42844285
12/14/2010 15:00,30.47316939,35.34346188,0.091542691,19.46764408,234.8146534,10.34916191,49.53942597,65.01362151
12/14/2010 16:00,29.99735644,34.59420413,0.100362562,19.11672889,230.9384537,10.36622494,47.27426171,66.54315523
12/14/2010 17:00,29.09967791,32.86767156,0.098505175,15.32908538,219.2592573,10.19342232,47.36412764,69.88345312
12/14/2010 18:00,28.80916538,33.01877487,0.09166026,14.6827495,226.983161,10.30845667,46.77638412,70.09163585
12/14/2010 19:00,28.53753623,32.7578359,0.112972853,13.32098456,228.3450365,9.813344967,42.23996997,71.8020182
12/15/2010 8:00,28.2686584,32.03775889,0.13204583,9.610826509,202.7735424,9.865935093,44.98910606,75.50759611
12/15/2010 9:00,27.5968556,31.31273991,0.172002736,8.770456908,208.3438253,8.961680824,38.62041235,79.80886187
12/15/2010 10:00,27.99199284,31.69827948,0.153792725,8.607425255,207.273345,9.243479675,38.98593187,75.9667979
12/15/2010 11:00,28.14429538,31.33587424,0.138533147,10.75436733,212.5389934,10.1048073,45.75631618,72.73622835
12/15/2010 12:00,29.44117842,34.08684821,0.103905679,10.82450194,205.3684402,9.691515172,60.09702682,69.68546073
12/15/2010 16:00,29.55293564,34.63830028,0.095017337,12.9780505,235.0401735,10.07242317,62.55778074,68.94125669
12/15/2010 17:00,28.20472963,30.63533055,0.181200984,2.844979248,269.2730355,10.61438379,73.97090197,77.95165556
12/15/2010 18:00,27.8989471,31.29931743,0.157480125,18.59912674,226.3688064,9.456335777,39.36546147,74.39481056
12/15/2010 19:00,27.63469625,31.10209987,0.332456337,6.039624602,167.7644062,7.792688537,38.59965205,77.18315608
12/16/2010 8:00,27.9969331,32.73133711,0.016252859,5.111611966,118.7352777,7.231317371,39.7259295,78.49796865
12/16/2010 9:00,27.59138589,31.33218866,0.220297138,9.574413693,208.7695885,8.749523401,38.55402768,79.73923553
12/16/2010 10:00,29.05010115,33.70463968,0.126326807,9.837669428,208.1392479,9.762141937,41.38197899,73.46155028
12/16/2010 12:00,29.54319274,33.6163815,0.119241002,23.40655395,234.0307617,10.27796403,44.76934373,68.6345089
12/16/2010 13:00,29.54052513,33.33711446,0.137109268,24.3990188,237.0095158,10.67380236,44.87397075,68.89114418
12/16/2010 14:00,29.8376981,34.00186697,0.109530707,21.73744216,226.0463619,10.24123092,46.78907394,66.93916767
12/16/2010 15:00,30.15070697,34.23597178,0.120339387,28.96807908,242.6740408,10.41771023,45.48519254,65.79318742
12/16/2010 17:00,28.01494404,30.80547742,0.239496544,21.56106623,193.0837727,7.644720936,39.67138827,77.07974023
12/16/2010 18:00,27.90779682,32.05778494,0.170400554,10.02350946,182.4491358,8.070485926,38.30944896,82.14230306
12/16/2010 19:00,27.78531774,31.67783742,0.344371104,7.647192666,183.8469315,8.193177891,38.10759187,80.51912422
12/16/2010 20:00,26.95571722,30.69596631,0.118388203,5.259058058,140.011847,9.369374716,35.84923148,82.14763339
12/17/2010 8:00,27.69637796,31.58261377,0.211373552,9.232896134,199.09338,8.786583483,38.53353858,81.64621314
12/17/2010 9:00,28.02212164,32.04940817,0.127732006,6.693842311,170.4398453,7.843143034,37.57936358,79.99309037
12/17/2010 10:00,28.19345003,32.1495733,0.176554077,6.117196644,163.1333685,7.856630558,37.45914698,79.60014887
12/17/2010 11:00,27.89824579,31.18739385,0.288517036,8.586382982,191.7685461,8.833504993,40.48509002,76.22447066
12/17/2010 12:00,28.05657495,31.17400087,0.339159747,10.476977,192.4431753,8.583778691,40.65936208,75.05289467
12/17/2010 13:00,28.02114753,31.4868497,0.295092001,8.873204584,184.6594048,8.461524409,40.43112397,77.02955394
12/17/2010 14:00,27.81608819,31.46773977,0.303823794,7.567467566,166.6865015,8.38220337,41.76888466,81.07192963
12/17/2010 15:00,28.48326732,32.41699929,0.272316846,16.92250572,199.0069485,8.69911949,39.72282112,76.24761796
12/17/2010 16:00,28.13080898,31.13917301,0.341400256,18.91189501,202.7064872,8.720985305,40.86836278,75.33283863
12/17/2010 17:00,27.87350968,30.81119584,0.175393603,18.53232327,221.2897968,9.494777089,40.99106789,74.90357155
12/18/2010 8:00,27.47530873,30.7216439,0.319864197,11.0489296,212.5750208,8.927419859,40.3801322,78.77804173
12/18/2010 9:00,28.27402594,31.45079938,0.258900917,8.384945078,193.08815,8.424226058,39.31493759,72.48117465
12/18/2010 10:00,29.52666436,33.44141412,0.155346307,9.799996866,187.5157642,8.903625894,39.97004628,69.75787211
12/18/2010 12:00,29.03631846,32.75039787,0.124848971,12.50681521,188.5060358,8.863462442,43.52642298,70.24462011
12/18/2010 13:00,30.61457474,34.45072866,0.135729659,17.20377623,234.6270704,10.65234637,44.21722293,61.12155108
12/18/2010 14:00,29.43334053,34.46115351,0.089337228,10.49977799,226.7733049,9.414982444,61.29222512,69.69485798
12/18/2010 15:00,30.89851019,36.05312092,0.117160315,13.68574464,222.7914262,10.35549841,43.98449659,64.00907954
12/18/2010 16:00,29.62945631,34.38411582,0.11502805,15.00656414,233.8683271,10.5913039,44.58525777,67.66097601
12/18/2010 17:00,29.4739476,33.59445882,0.123284446,12.31086028,212.2832394,10.19135487,44.40661669,69.29847666
12/18/2010 19:00,28.6277001,32.77042539,0.121322616,15.85589394,230.17941,9.911162323,42.03644991,71.76898489
12/18/2010 20:00,27.74507842,31.07643113,0.201602836,8.385448977,203.8312769,9.409565294,42.59821177,77.07048131
12/19/2010 8:00,27.55926128,30.96814494,0.25636295,4.584022122,129.2165995,8.830853969,39.26212788,79.95528005
12/19/2010 9:00,29.04678074,33.74830014,0.167593478,6.218410466,154.0132463,8.084409666,38.73392344,75.38154017
12/19/2010 11:00,29.27080374,33.34590871,0.194870778,8.843530384,133.3453989,10.22643988,38.2260263,71.43278654
12/19/2010 12:00,32.26284717,36.77776814,0.145666561,10.38547512,160.5673206,10.23596333,41.52600169,58.09119873
12/19/2010 13:00,30.97334375,35.84025822,0.184262273,9.907252546,71.77925527,10.50849973,37.20769286,63.58090527
12/19/2010 14:00,29.72651472,34.49951205,0.192481474,10.52608083,83.45615029,10.12531754,37.23933101,70.72840784
12/19/2010 15:00,29.89564954,34.61668641,0.197676135,9.142167338,86.27816141,10.24077564,37.51380444,68.51565075
12/19/2010 16:00,28.17758757,31.6439719,0.747686509,10.53478744,158.3609676,8.307637459,39.8604691,74.94225797
12/20/2010 10:00,27.98248383,32.90938178,0.246350402,5.534271121,119.5684254,7.291274059,39.96290565,80.35619861
12/20/2010 12:00,29.00784843,34.09916035,0.194074647,5.136392033,130.6930804,7.029236552,37.43638098,77.02926805
12/20/2010 13:00,28.60974485,33.28536884,0.251239009,8.437283217,106.1636782,9.329733992,38.06203604,74.77953524
12/20/2010 14:00,29.63271585,34.03904436,0.16668196,9.274890404,96.46208525,9.217237765,44.03972328,69.7385289
12/20/2010 15:00,30.04633466,34.12537295,0.110945329,11.48456455,211.597023,10.27416344,46.41224146,64.81941015
12/20/2010 16:00,28.95659868,33.4258329,0.078332524,9.930339136,230.4521585,9.929636645,62.57637143,69.74830887
12/21/2010 8:00,27.77607194,31.20103664,0.158289151,8.165516195,209.7193694,9.645872253,46.76706195,74.05304211
12/21/2010 10:00,29.16159461,33.64728824,0.166976311,6.785758634,182.1662378,7.792404079,20.81418335,72.96204822
12/21/2010 11:00,30.90889308,35.31520266,0.177864173,11.56583253,113.6703873,10.1364363,37.96337247,63.9371477
12/21/2010 12:00,31.11632286,35.75642273,0.182227491,13.74133103,91.14863992,10.58368807,37.40465045,62.34481656
12/21/2010 13:00,28.21998385,32.33734358,0.218769544,9.892647699,85.67687988,10.52631496,37.58242726,74.31917147
12/21/2010 14:00,30.82340626,36.0293139,0.182870695,12.02958895,87.50376999,10.12157195,36.9258821,65.98922474
12/21/2010 18:00,28.33884369,32.43886001,0.226187951,10.3899585,96.0781002,10.51754518,37.59615421,73.71812562
12/21/2010 19:00,28.01726629,31.85777136,0.212699436,4.009609118,110.5359793,7.99963702,39.05174434,79.43817312
12/21/2010 20:00,27.93866254,32.06629398,0.338033524,5.266656748,98.7374568,7.857469267,39.78269398,81.34654325
12/22/2010 9:00,28.45226917,33.67876539,0.296209428,5.284464304,149.9629712,7.191548347,37.0015204,79.87908763
12/22/2010 11:00,28.3024179,32.846932,0.249910546,4.996829817,88.34749639,8.586499363,39.04901147,78.9012665
12/22/2010 12:00,28.0195891,31.74546472,0.647641309,5.850510871,109.489156,9.563782156,37.5672102,76.84228216
12/22/2010 13:00,28.61631685,32.99720428,0.201733431,5.712281853,83.6045301,10.10539601,37.6313448,74.13673203
12/22/2010 14:00,28.38012098,32.43980119,0.247964007,9.220851813,209.2175603,9.262011182,62.30713725,74.21234346
12/23/2010 9:00,27.41357183,31.31382567,0.206242288,6.262634938,204.6157694,8.690771991,38.60213161,79.98373923
12/23/2010 10:00,28.86295594,33.08856434,0.206932175,5.75859619,173.4476423,8.243426377,39.09202814,75.83305079
12/23/2010 11:00,27.83145522,31.26750737,0.235844339,4.758988125,98.87285471,9.133841217,38.85146379,75.4478558
12/23/2010 13:00,29.35911609,33.33364082,0.131963638,7.703134417,188.1481218,9.052965927,40.40108621,70.35341241
12/23/2010 14:00,30.32305899,34.76038907,0.186008985,10.36219156,113.1614649,9.328029448,37.53128648,66.23526852
12/24/2010 8:00,29.6596549,34.75373486,0.269347618,10.00914589,115.325439,8.167135394,38.15008402,70.89149484
12/24/2010 9:00,28.50211961,31.43117115,0.242274922,7.287945104,116.2749195,8.005478656,22.37270325,69.52604871
12/24/2010 10:00,27.85555994,30.92099363,0.313554456,7.726584569,89.3772769,10.11857122,37.56738305,74.00572387
12/24/2010 11:00,27.78137575,31.04624332,0.234425089,6.529799168,95.04229546,10.05028976,37.78810501,75.63456503
12/24/2010 12:00,28.38878621,32.3159805,0.210573519,8.566771157,81.99591279,10.21305573,37.73153424,72.44685947
12/24/2010 13:00,29.64537512,33.45907343,0.197140415,8.448705462,79.05420542,10.5114726,37.51256764,64.79849459
12/24/2010 14:00,29.21981201,32.49402124,0.206380338,7.970203858,85.68339229,10.13538938,37.51456439,64.77679976
12/24/2010 15:00,29.69658915,33.58678377,0.197630311,7.919177989,82.49837637,10.21803226,37.51332164,64.87688185
12/24/2010 16:00,29.5213331,33.0382782,0.197910726,8.077283091,79.95890915,10.23546407,37.51168251,63.3692735
12/24/2010 17:00,28.61903652,31.87818194,0.226827403,8.230816177,103.1802678,10.1063183,37.61145175,68.1299716
12/24/2010 18:00,27.95200383,31.30497192,0.504640731,7.109662728,104.3244338,9.706935978,37.55278885,75.29213259
12/24/2010 19:00,27.66877685,30.92272357,1.021247311,4.974064934,108.4489417,9.079384524,38.61623704,78.0645701
12/24/2010 21:00,28.21111043,32.4654837,0.502254551,6.770390143,118.2508922,9.054174137,54.76304889,76.47147353
12/25/2010 8:00,27.66764638,30.71109513,0.921724357,4.19717012,105.6656456,9.125212926,38.40377331,76.39345515
12/25/2010 10:00,28.91589766,32.96135754,0.276946643,6.678422527,141.9189191,6.417519394,37.36517429,71.63366081
12/25/2010 11:00,30.0046002,33.63274852,0.122955017,11.70068362,184.0694475,8.359429199,40.9255743,64.12132088
12/25/2010 12:00,31.08644272,35.27795348,0.116532799,12.65844268,203.8288736,9.480361414,41.60830379,61.85774579
12/25/2010 13:00,32.47415444,36.24450055,0.133125468,14.76233919,192.1709204,10.28782179,44.29605901,55.1279989
12/25/2010 14:00,31.57200562,34.61851174,0.12222448,17.01402647,213.1333065,10.19992378,46.07397914,56.53946758
12/25/2010 15:00,31.28178045,35.43407646,0.126797146,18.15987833,235.0572109,10.65425912,46.42931223,58.45500093
12/25/2010 16:00,30.95899163,35.04876114,0.120788037,16.73367184,230.1413012,10.6159747,47.80631065,61.87450222
12/25/2010 17:00,28.41475932,32.19360453,0.236375926,9.514434189,132.303865,9.913281089,57.40618706,73.22890612
12/26/2010 7:00,28.12839421,32.32021338,0.283883437,4.379305186,111.4410424,7.572946811,43.90006661,79.38612398
12/26/2010 8:00,27.49560686,31.18224437,0.313113674,5.166862294,173.8123477,8.491036111,38.7276262,79.63527558
12/26/2010 9:00,27.85106727,31.03860072,0.171445394,10.63521751,222.2336125,9.558194917,39.5234853,72.56241152
12/26/2010 10:00,30.09659023,33.48630098,0.160548803,8.935734766,184.3759918,10.11669658,40.1891917,63.14379485
12/26/2010 12:00,29.7123033,33.70727638,0.092390466,18.25894443,240.1861739,9.687883943,56.66581392,66.16102195
12/26/2010 13:00,31.43446716,35.19610659,0.125970862,20.89553296,228.5730457,10.3839324,44.57307756,58.09979136
12/26/2010 14:00,30.24425179,34.31804291,0.098410915,13.6977192,231.9239616,9.631764495,56.33904934,64.63059369
12/26/2010 15:00,31.8407046,36.33510531,0.13119227,13.32314213,210.0173521,10.32233935,43.8033998,58.92707667
12/26/2010 16:00,28.29538298,30.90810419,0.177768591,15.68464398,178.1712484,6.948654518,41.75699949,73.37066717
12/26/2010 17:00,26.98420302,30.00947601,0.146958225,8.33700333,142.9304445,9.018362588,31.31270409,80.40588691
12/26/2010 18:00,27.89430314,31.28843919,0.215733299,5.352813528,146.4771831,9.524653161,39.45261538,76.09859917
12/26/2010 19:00,27.85270244,31.50771858,0.313150372,5.378080258,172.7670801,8.025026292,37.46719658,78.37931801
12/26/2010 21:00,27.93289196,31.62285665,0.38101016,5.10047696,143.3314455,7.774707615,37.9993856,77.96972152
12/27/2010 8:00,28.58038253,32.5591333,-0.017694062,4.987089149,139.5728016,7.357463145,36.50848567,76.41786587
12/27/2010 9:00,28.00240176,31.39262969,0.168243493,8.775998149,209.8521066,9.285268492,38.91760707,74.08461834
12/27/2010 10:00,28.65662796,32.26199747,0.143836185,16.97792306,231.036365,9.970701122,41.36168361,69.87545762
12/27/2010 11:00,29.54555426,32.72517464,0.125936643,19.79420472,227.4406385,10.22678519,45.95243037,64.38686925
12/27/2010 12:00,31.55372044,36.43750981,0.120853632,13.61828955,202.0865536,10.22802492,45.42599916,61.26059164
12/27/2010 13:00,29.95126417,34.27625499,0.106109258,13.07660039,230.5871916,9.847213703,57.49089718,65.68829144
12/27/2010 14:00,29.04689123,32.18238602,0.123650442,24.961138,233.9631701,10.25652856,46.07224464,68.0925486
12/27/2010 16:00,30.36971186,34.15488414,0.180675249,13.91738854,120.4311419,10.29656005,39.51653242,62.42097209
12/27/2010 17:00,28.15254127,31.08322695,0.150515955,13.16377646,228.6936378,10.12617605,43.8521564,69.34615917
12/27/2010 18:00,29.09909304,32.162567,0.147983145,9.905457716,208.7955952,10.22322068,43.14705729,65.7015896
12/27/2010 19:00,27.55399519,31.07764327,0.173935686,6.979956486,205.7132864,8.882988083,38.29120994,77.87739055
12/27/2010 20:00,27.46403327,30.86711485,0.327550109,4.90229511,175.4949296,8.407671821,38.68082166,78.7159129
12/27/2010 22:00,27.62407948,31.15305871,0.178181502,6.164918039,194.0217304,8.622557247,37.83876896,77.5732572
12/28/2010 8:00,27.36496626,31.00657085,0.350043278,5.348790137,183.4090877,8.663004422,40.12594819,78.81314077
12/28/2010 9:00,27.71644354,31.33392203,0.184915858,7.632569763,193.1310654,8.732940573,38.15485835,79.44809603
12/28/2010 10:00,28.90716218,32.39107878,0.166407215,10.34586247,206.1411738,10.07744222,40.78246355,69.57231564
12/28/2010 11:00,28.70121794,31.74364824,0.143767813,16.19039385,223.188715,10.2981231,44.62618828,67.89871535
12/28/2010 12:00,29.83201221,33.73870239,0.141286117,20.0126258,235.3371048,10.38171466,42.09214151,65.38699847
12/28/2010 13:00,30.6579372,34.11345912,0.11561976,18.57726707,234.1404104,10.3447147,47.23974168,61.26741594
12/28/2010 14:00,30.22089646,33.73220653,0.121264262,18.8018761,230.7284474,10.24343473,45.55395842,62.7481559
12/28/2010 15:00,30.26303803,34.1957053,0.131601081,13.89566018,215.6719208,10.3126766,44.57082748,63.86343601
12/28/2010 16:00,29.43031961,33.33018292,0.130946388,20.15097628,232.3867178,10.64629579,45.22035122,68.99744191
12/28/2010 18:00,28.84788884,32.19226111,0.128394799,20.23700996,224.9371505,10.21978959,45.66166401,69.42895917
12/28/2010 19:00,27.73902412,31.36698849,2.244106401,7.884078263,136.9792557,9.470326966,60.14178991,77.55804085
12/29/2010 9:00,27.52859735,31.02923015,0.24969075,4.799845341,141.7173564,8.866333407,39.03514147,78.05449042
12/29/2010 10:00,27.71324597,30.7657007,0.164754944,18.15324723,234.3728828,9.622747642,39.95037079,71.19070363
12/29/2010 11:00,27.92512134,30.53926799,0.171663785,22.69870963,229.3067908,9.802021664,42.91701317,73.12845054
12/29/2010 12:00,29.81844653,33.70060349,0.144562093,18.59132699,236.0246515,10.64903332,42.5621897,65.37497294
12/29/2010 13:00,29.62517347,33.70731474,0.127570399,17.84850358,236.0288143,10.36943755,42.89402962,65.75475461
12/29/2010 14:00,30.32050164,34.01064647,0.114389591,18.26683282,230.8786297,10.2410491,46.24471068,62.64081608
12/29/2010 15:00,30.31420221,33.78392265,0.133046748,21.73341754,243.5193872,10.68242625,44.86353397,60.23163435
12/29/2010 16:00,30.09883707,33.50898684,0.131281537,13.54817627,225.8345318,10.59189481,46.12376988,62.80584432
12/29/2010 17:00,26.81263303,30.28378633,0.103180069,5.370673198,147.711525,9.331937069,36.34669185,79.99344081
12/30/2010 9:00,27.98077445,31.26064811,0.206275631,9.14080911,168.6338067,7.45711261,38.93364072,78.23215284
12/30/2010 10:00,30.79165243,35.99392054,0.128976755,8.060234255,206.5772581,7.437080371,24.54954684,62.53446301
12/30/2010 12:00,29.79715278,34.2390481,0.128479504,8.685402303,165.7716107,8.260842782,40.98383486,67.98745895
12/30/2010 13:00,30.07258785,35.2411154,0.337486151,10.10303349,111.8781996,7.080777559,39.12152648,69.33530945
12/30/2010 15:00,29.62673267,34.90753979,2.056457873,9.86782865,118.4571004,6.829925892,44.0274477,74.15575708
12/30/2010 16:00,30.29474554,34.90019617,0.111747677,13.22235834,214.4618797,10.31224185,45.99424005,65.96513218
12/30/2010 18:00,29.10254577,32.92190242,0.10008785,11.34659158,195.0841856,9.405683333,45.35968304,70.14438586
12/30/2010 19:00,28.0766918,31.69610058,0.204957715,9.566265147,203.6772537,8.774579829,39.50452805,75.01893915
12/30/2010 20:00,27.8966201,31.5194667,0.294213809,7.235876149,183.0187941,8.839360559,42.05470383,77.27818911
12/30/2010 21:00,28.07763912,31.72019527,0.204259811,8.604443719,200.9236336,8.718781495,39.43933249,74.98397843
12/30/2010 22:00,28.28769395,32.36486519,0.207583776,7.156709933,190.2373052,8.581844676,38.94919753,76.90301846
12/31/2010 8:00,27.75327182,31.48841736,0.390054091,5.709080374,166.6967154,8.165135396,38.83285522,81.04344277
12/31/2010 9:00,28.025274,31.99124438,0.150915311,5.114880741,147.5515795,7.465431517,38.18976879,79.71818164
12/31/2010 10:00,28.08288614,31.79922844,0.348261107,7.620870949,176.1940742,8.463533938,40.49271941,76.5304392
12/31/2010 11:00,28.79689557,32.53949917,0.148849898,14.49033088,203.8082314,9.462586504,42.29454398,71.62308314
12/31/2010 12:00,29.52392,33.55459753,0.13740547,12.09669115,197.0611238,9.449854845,42.41488278,68.44748611
12/31/2010 13:00,29.59619577,33.58506564,0.129623811,16.13345497,204.6722031,9.481307161,42.93116629,68.44190679
12/31/2010 14:00,27.29051776,31.33723242,0.231778215,0.571219732,106.5066254,5.728860959,31.41585886,84.48348153
12/31/2010 15:00,30.17796228,35.34984267,0.131757993,8.398582342,173.8990688,8.880825329,40.11588097,73.60372633
12/31/2010 16:00,28.4595169,33.02969736,0.136292836,6.499629687,159.7208047,8.039158976,40.32196105,78.05141949
12/31/2010 17:00,28.01893256,33.45083681,0.116780863,3.669265955,116.0136402,8.761123097,36.33186817,81.83852937
12/31/2010 19:00,28.57747585,33.31780783,0.087077741,5.553054058,150.9372568,7.980631173,40.21339118,77.89605594
