Date,CloudCover
2018-07-01 09:00:00,41.522037982940674
2018-07-01 10:00:00,40.11944532394409
2018-07-01 13:00:00,39.847227931022644
2018-07-01 16:00:00,39.71524238586426
2018-07-01 17:00:00,38.3630096912384
2018-07-01 19:00:00,38.075441122055054
2018-07-01 20:00:00,41.55664145946503
2018-07-02 11:00:00,41.39975309371948
2018-07-02 13:00:00,39.80141282081604
2018-07-02 14:00:00,43.05446743965149
2018-07-02 15:00:00,39.5344078540802
2018-07-02 16:00:00,39.70220386981964
2018-07-02 17:00:00,44.34303939342499
2018-07-02 18:00:00,39.45721685886383
2018-07-02 19:00:00,40.687745809555054
2018-07-02 21:00:00,43.77005994319916
2018-07-03 11:00:00,42.20513999462128
2018-07-03 12:00:00,41.4043128490448
2018-07-03 13:00:00,42.467328906059265
2018-07-03 14:00:00,54.103171825408936
2018-07-03 15:00:00,40.53601026535034
2018-07-03 16:00:00,39.2626166343689
2018-07-03 17:00:00,47.620922327041626
2018-07-03 18:00:00,40.16031622886658
2018-07-03 19:00:00,42.15793013572693
2018-07-03 21:00:00,53.43242287635803
2018-07-03 22:00:00,43.939971923828125
2018-07-04 11:00:00,50.14721751213074
2018-07-04 12:00:00,39.50973451137543
2018-07-04 13:00:00,38.83502185344696
2018-07-04 16:00:00,50.14368295669556
2018-07-04 18:00:00,59.28354263305664
2018-07-04 19:00:00,52.7107298374176
2018-07-04 20:00:00,46.74243628978729
2018-07-04 21:00:00,45.40000557899475
2018-07-05 11:00:00,42.381834983825684
2018-07-05 12:00:00,38.769882917404175
2018-07-05 13:00:00,37.68901228904724
2018-07-05 14:00:00,41.16961658000946
2018-07-05 15:00:00,38.01009654998779
2018-07-05 16:00:00,38.384607434272766
2018-07-05 17:00:00,38.58987092971802
2018-07-05 18:00:00,37.81706392765045
2018-07-05 19:00:00,38.05464506149292
2018-07-06 09:00:00,38.3215606212616
2018-07-06 10:00:00,38.78999054431915
2018-07-06 16:00:00,38.79557549953461
2018-07-06 17:00:00,38.66152465343475
2018-07-06 18:00:00,40.37238359451294
2018-07-06 19:00:00,41.60526990890503
2018-07-06 20:00:00,43.70206296443939
2018-07-07 09:00:00,40.91309607028961
2018-07-07 10:00:00,39.26547169685364
2018-07-07 11:00:00,39.98423218727112
2018-07-07 12:00:00,37.52279281616211
2018-07-07 13:00:00,37.88003325462341
2018-07-07 14:00:00,39.584776759147644
2018-07-07 15:00:00,38.8386070728302
2018-07-07 16:00:00,38.669443130493164
2018-07-07 17:00:00,49.35739040374756
2018-07-07 18:00:00,40.246403217315674
2018-07-07 19:00:00,40.578773617744446
2018-07-07 20:00:00,44.146281480789185
2018-07-08 09:00:00,43.46821308135986
2018-07-08 11:00:00,45.79516053199768
2018-07-08 12:00:00,39.08768892288208
2018-07-08 13:00:00,38.21644186973572
2018-07-08 14:00:00,38.86258900165558
2018-07-08 15:00:00,38.931554555892944
2018-07-08 16:00:00,38.53559195995331
2018-07-08 17:00:00,39.76085186004639
2018-07-08 18:00:00,38.646432757377625
2018-07-08 19:00:00,40.95548987388611
2018-07-08 20:00:00,41.537535190582275
2018-07-08 21:00:00,41.292375326156616
2018-07-09 09:00:00,42.41127967834473
2018-07-09 10:00:00,40.87497591972351
2018-07-09 11:00:00,40.1308536529541
2018-07-09 12:00:00,39.656102657318115
2018-07-09 13:00:00,40.189117193222046
2018-07-09 14:00:00,39.697086811065674
2018-07-09 15:00:00,38.45691680908203
2018-07-09 16:00:00,38.88738751411438
2018-07-09 17:00:00,39.63308930397034
2018-07-09 19:00:00,42.92834401130676
2018-07-09 20:00:00,55.56764602661133
2018-07-09 21:00:00,42.92011260986328
2018-07-10 09:00:00,42.65899956226349
2018-07-10 12:00:00,42.983970046043396
2018-07-10 13:00:00,39.00336027145386
2018-07-10 15:00:00,39.46686089038849
2018-07-10 16:00:00,39.08703625202179
2018-07-10 17:00:00,43.14627945423126
2018-07-10 19:00:00,39.78818953037262
2018-07-10 20:00:00,51.08588933944702
2018-07-10 22:00:00,40.68021774291992
2018-07-10 23:00:00,50.53936243057251
2018-07-11 09:00:00,42.555397748947144
2018-07-11 11:00:00,42.859333753585815
2018-07-11 12:00:00,38.832324743270874
2018-07-11 13:00:00,39.78818953037262
2018-07-11 14:00:00,48.347485065460205
2018-07-11 15:00:00,39.97868895530701
2018-07-11 16:00:00,38.477981090545654
2018-07-11 17:00:00,48.77731204032898
2018-07-11 18:00:00,40.037861466407776
2018-07-11 19:00:00,41.01248383522034
2018-07-11 20:00:00,45.00107765197754
2018-07-12 09:00:00,40.923815965652466
2018-07-12 10:00:00,20.17650455236435
2018-07-12 12:00:00,39.73481357097626
2018-07-12 13:00:00,37.90223002433777
2018-07-12 15:00:00,45.13719379901886
2018-07-12 16:00:00,37.79815137386322
2018-07-12 17:00:00,37.926656007766724
2018-07-12 19:00:00,38.62488269805908
2018-07-13 10:00:00,53.16467881202698
2018-07-13 11:00:00,39.696481823921204
2018-07-13 13:00:00,38.059842586517334
2018-07-13 16:00:00,53.79040837287903
2018-07-13 18:00:00,54.96063828468323
2018-07-14 09:00:00,40.11557698249817
2018-07-14 10:00:00,38.41582238674164
2018-07-14 11:00:00,41.71684384346008
2018-07-14 12:00:00,38.37878704071045
2018-07-14 13:00:00,38.10988962650299
2018-07-14 15:00:00,42.59464740753174
2018-07-14 16:00:00,39.003223180770874
2018-07-14 17:00:00,46.50006890296936
2018-07-14 18:00:00,38.44417929649353
2018-07-14 19:00:00,50.09880065917969
2018-07-15 09:00:00,41.19313955307007
2018-07-15 10:00:00,38.31947445869446
2018-07-15 11:00:00,41.284847259521484
2018-07-15 12:00:00,38.599956035614014
2018-07-15 13:00:00,40.25239944458008
2018-07-15 14:00:00,46.26324772834778
2018-07-15 15:00:00,39.67278599739075
2018-07-15 16:00:00,38.8474702835083
2018-07-15 17:00:00,48.64327907562256
2018-07-15 18:00:00,38.783544301986694
2018-07-15 19:00:00,38.529613614082336
2018-07-16 12:00:00,44.83289122581482
2018-07-16 13:00:00,38.158100843429565
2018-07-16 14:00:00,52.749669551849365
2018-07-16 15:00:00,38.77288103103638
2018-07-16 16:00:00,38.62460255622864
2018-07-16 19:00:00,43.05498003959656
2018-07-17 09:00:00,50.84884762763977
2018-07-17 11:00:00,40.973371267318726
2018-07-17 13:00:00,37.74746656417847
2018-07-17 14:00:00,39.51612114906311
2018-07-17 16:00:00,39.27197456359863
2018-07-17 17:00:00,38.98645639419556
2018-07-17 18:00:00,39.760130643844604
2018-07-17 19:00:00,41.720688343048096
2018-07-18 10:00:00,53.577232360839844
2018-07-18 11:00:00,41.78961515426636
2018-07-18 12:00:00,39.27197456359863
2018-07-18 13:00:00,38.477981090545654
2018-07-18 14:00:00,40.87304472923279
2018-07-18 15:00:00,40.199434757232666
2018-07-18 16:00:00,40.59225618839264
2018-07-18 17:00:00,43.69511902332306
2018-07-18 18:00:00,43.20322573184967
2018-07-18 19:00:00,42.716383934020996
2018-07-18 20:00:00,50.26594400405884
2018-07-18 21:00:00,43.21126937866211
2018-07-19 10:00:00,43.32406520843506
2018-07-19 11:00:00,44.570392370224
2018-07-19 12:00:00,39.298710227012634
2018-07-19 13:00:00,38.69960904121399
2018-07-19 15:00:00,40.797966718673706
2018-07-19 16:00:00,39.33590054512024
2018-07-19 17:00:00,39.552974700927734
2018-07-19 18:00:00,39.95863199234009
2018-07-19 19:00:00,41.25633239746094
2018-07-19 20:00:00,43.46752166748047
2018-07-19 21:00:00,43.07074248790741
2018-07-20 08:00:00,42.543646693229675
2018-07-20 09:00:00,42.19285845756531
2018-07-20 10:00:00,42.37748086452484
2018-07-20 11:00:00,41.44308269023895
2018-07-20 12:00:00,40.006399154663086
2018-07-20 13:00:00,39.34953510761261
2018-07-20 14:00:00,39.359426498413086
2018-07-20 15:00:00,39.97543156147003
2018-07-20 16:00:00,40.108492970466614
2018-07-20 17:00:00,45.0991153717041
2018-07-20 18:00:00,40.879735350608826
2018-07-20 19:00:00,41.27361178398132
2018-07-20 20:00:00,42.49185919761658
2018-07-20 21:00:00,41.92170202732086
2018-07-20 22:00:00,42.939043045043945
2018-07-20 23:00:00,32.176584005355835
2018-07-21 08:00:00,22.419556975364685
2018-07-21 10:00:00,38.915643095970154
2018-07-21 11:00:00,39.84505534172058
2018-07-21 13:00:00,38.403886556625366
2018-07-21 14:00:00,42.54947900772095
2018-07-21 16:00:00,39.091965556144714
2018-07-21 18:00:00,46.09071612358093
2018-07-21 19:00:00,41.45537614822388
2018-07-21 20:00:00,50.108301639556885
2018-07-21 21:00:00,43.45583915710449
2018-07-21 22:00:00,44.649577140808105
2018-07-22 08:00:00,57.24578499794006
2018-07-22 09:00:00,40.25388062000275
2018-07-22 12:00:00,40.04403054714203
2018-07-22 13:00:00,41.728198528289795
2018-07-22 14:00:00,45.123809576034546
2018-07-22 15:00:00,39.659154415130615
2018-07-22 16:00:00,44.661521911621094
2018-07-22 17:00:00,48.80392551422119
2018-07-22 18:00:00,39.09048140048981
2018-07-22 19:00:00,40.33602476119995
2018-07-22 20:00:00,50.82932114601135
2018-07-22 21:00:00,44.1678524017334
2018-07-22 22:00:00,44.068169593811035
2018-07-22 23:00:00,50.32085180282593
2018-07-23 07:00:00,47.06435799598694
2018-07-23 08:00:00,42.8023099899292
2018-07-23 09:00:00,40.879735350608826
2018-07-23 10:00:00,42.192596197128296
2018-07-23 11:00:00,43.55418682098389
2018-07-23 12:00:00,41.529381275177
2018-07-23 13:00:00,40.410828590393066
2018-07-23 16:00:00,43.35746169090271
2018-07-23 19:00:00,47.466111183166504
2018-07-23 20:00:00,46.98534905910492
2018-07-23 22:00:00,44.160738587379456
2018-07-24 09:00:00,45.9011971950531
2018-07-24 10:00:00,39.174795150756836
2018-07-24 11:00:00,39.4503116607666
2018-07-24 12:00:00,38.36763799190521
2018-07-24 13:00:00,39.377737045288086
2018-07-24 14:00:00,38.63246738910675
2018-07-24 15:00:00,38.77288103103638
2018-07-24 16:00:00,39.97868895530701
2018-07-24 17:00:00,32.01344013214111
2018-07-24 19:00:00,23.82163405418396
2018-07-24 20:00:00,41.81850552558899
2018-07-25 09:00:00,42.497533559799194
2018-07-25 11:00:00,43.01924407482147
2018-07-25 12:00:00,37.87562847137451
2018-07-25 13:00:00,37.31442391872406
2018-07-25 14:00:00,31.434348225593567
2018-07-25 15:00:00,23.59795570373535
2018-07-25 16:00:00,26.72482132911682
2018-07-25 17:00:00,39.20624256134033
2018-07-25 18:00:00,23.41783344745636
2018-07-25 19:00:00,40.56476354598999
2018-07-25 20:00:00,43.887245655059814
2018-07-26 09:00:00,41.91306829452515
2018-07-26 10:00:00,39.19258117675781
2018-07-26 11:00:00,41.08592867851257
2018-07-26 12:00:00,38.83056044578552
2018-07-26 13:00:00,38.2609099149704
2018-07-26 14:00:00,40.71544706821442
2018-07-26 16:00:00,39.05753195285797
2018-07-26 17:00:00,47.775450348854065
2018-07-26 18:00:00,39.08573091030121
2018-07-26 19:00:00,40.213412046432495
2018-07-27 09:00:00,44.548630714416504
2018-07-27 10:00:00,44.05968189239502
2018-07-27 11:00:00,39.93360102176666
2018-07-27 12:00:00,37.978267669677734
2018-07-27 13:00:00,37.87562847137451
2018-07-27 14:00:00,40.528905391693115
2018-07-27 15:00:00,38.141149282455444
2018-07-27 16:00:00,38.36611211299896
2018-07-27 17:00:00,41.28473103046417
2018-07-27 18:00:00,38.48704397678375
2018-07-27 19:00:00,41.07033610343933
2018-07-27 20:00:00,47.065168619155884
2018-07-28 09:00:00,40.05095958709717
2018-07-28 11:00:00,40.60906767845154
2018-07-28 12:00:00,39.8097038269043
2018-07-28 13:00:00,38.44461739063263
2018-07-28 14:00:00,39.392128586769104
2018-07-28 15:00:00,38.527148962020874
2018-07-28 16:00:00,38.527148962020874
2018-07-28 17:00:00,42.50477850437164
2018-07-28 18:00:00,39.46710228919983
2018-07-28 19:00:00,40.7972514629364
2018-07-28 20:00:00,43.267494440078735
2018-07-29 12:00:00,40.220171213150024
2018-07-29 13:00:00,38.90399932861328
2018-07-29 14:00:00,39.445486664772034
2018-07-29 15:00:00,38.18487524986267
2018-07-29 16:00:00,38.52706253528595
2018-07-29 17:00:00,38.602215051651
2018-07-29 19:00:00,38.48704397678375
2018-07-29 20:00:00,45.87993323802948
2018-07-29 21:00:00,42.7003413438797
2018-07-30 09:00:00,42.82526969909668
2018-07-30 10:00:00,39.989057183265686
2018-07-30 11:00:00,40.80635607242584
2018-07-30 12:00:00,38.655975461006165
2018-07-30 13:00:00,38.98995518684387
2018-07-30 14:00:00,32.856714725494385
2018-07-30 15:00:00,23.947757482528687
2018-07-30 16:00:00,24.765212833881378
2018-07-30 17:00:00,39.394718408584595
2018-07-30 18:00:00,39.87330198287964
2018-07-30 19:00:00,40.95548987388611
2018-07-30 20:00:00,42.89326071739197
2018-07-30 21:00:00,43.45583915710449
2018-07-30 22:00:00,45.49040496349335
2018-07-31 09:00:00,45.31063735485077
2018-07-31 10:00:00,41.876429319381714
2018-07-31 12:00:00,42.441487312316895
2018-07-31 13:00:00,38.45156729221344
2018-07-31 14:00:00,39.20517861843109
2018-07-31 15:00:00,27.655375003814697
2018-07-31 16:00:00,27.477005124092102
2018-07-31 17:00:00,34.100642800331116
2018-07-31 18:00:00,24.376556277275085
2018-07-31 19:00:00,40.45644402503967
2018-07-31 20:00:00,44.39786374568939
2018-07-31 21:00:00,41.98352098464966
2018-08-01 11:00:00,42.63032078742981
2018-08-01 12:00:00,39.5344078540802
2018-08-01 13:00:00,38.9977365732193
2018-08-01 15:00:00,44.95192766189575
2018-08-01 16:00:00,41.85721278190613
2018-08-01 17:00:00,44.274723529815674
2018-08-01 18:00:00,40.607696771621704
2018-08-01 19:00:00,39.1247034072876
2018-08-01 20:00:00,42.772114276885986
2018-08-01 21:00:00,38.15973401069641
2018-08-01 22:00:00,44.175755977630615
2018-08-02 11:00:00,47.20826745033264
2018-08-02 12:00:00,39.20260667800903
2018-08-02 13:00:00,38.75942826271057
2018-08-02 14:00:00,44.24348473548889
2018-08-02 15:00:00,38.2086455821991
2018-08-02 16:00:00,37.562647461891174
2018-08-02 17:00:00,38.58456611633301
2018-08-02 18:00:00,54.1532039642334
2018-08-02 19:00:00,37.75225877761841
2018-08-03 09:00:00,39.261189103126526
2018-08-03 10:00:00,37.815988063812256
2018-08-03 11:00:00,38.23897838592529
2018-08-03 12:00:00,37.82861828804016
2018-08-03 13:00:00,36.86198592185974
2018-08-03 14:00:00,38.10912072658539
2018-08-03 15:00:00,37.501806020736694
2018-08-03 16:00:00,37.987637519836426
2018-08-03 17:00:00,39.452746510505676
2018-08-04 10:00:00,37.80220448970795
2018-08-04 13:00:00,40.416380763053894
2018-08-04 14:00:00,38.37537169456482
2018-08-04 15:00:00,36.489567160606384
2018-08-04 16:00:00,37.51370906829834
2018-08-04 17:00:00,41.620197892189026
2018-08-05 09:00:00,38.44417929649353
2018-08-05 10:00:00,39.60866928100586
2018-08-05 12:00:00,42.83477962017059
2018-08-05 13:00:00,39.83399569988251
2018-08-05 14:00:00,38.12469244003296
2018-08-05 15:00:00,37.442296743392944
2018-08-05 16:00:00,38.54697942733765
2018-08-05 17:00:00,38.08087706565857
2018-08-05 18:00:00,38.294628262519836
2018-08-06 10:00:00,37.5234991312027
2018-08-06 11:00:00,40.65867364406586
2018-08-06 12:00:00,37.14963495731354
2018-08-06 13:00:00,36.8774950504303
2018-08-06 14:00:00,37.96389102935791
2018-08-06 16:00:00,36.4422082901001
2018-08-06 17:00:00,41.244491934776306
2018-08-06 18:00:00,37.3404860496521
2018-08-06 19:00:00,37.96759843826294
2018-08-07 09:00:00,47.33319878578186
2018-08-07 10:00:00,40.39733111858368
2018-08-07 11:00:00,40.76935052871704
2018-08-07 12:00:00,38.931554555892944
2018-08-07 13:00:00,38.11315894126892
2018-08-07 14:00:00,42.35285520553589
2018-08-07 15:00:00,38.10413479804993
2018-08-07 16:00:00,37.68901228904724
2018-08-07 19:00:00,42.99059510231018
2018-08-08 08:00:00,56.545066833496094
2018-08-08 09:00:00,40.923815965652466
2018-08-08 10:00:00,41.715553402900696
2018-08-08 12:00:00,45.38843631744385
2018-08-08 13:00:00,38.9116495847702
2018-08-08 14:00:00,42.27312207221985
2018-08-08 15:00:00,39.85965847969055
2018-08-08 16:00:00,39.53266739845276
2018-08-08 17:00:00,58.004963397979736
2018-08-08 18:00:00,51.088738441467285
2018-08-08 19:00:00,51.088738441467285
2018-08-08 20:00:00,51.08036994934082
2018-08-08 21:00:00,41.16029143333435
2018-08-08 22:00:00,40.713053941726685
2018-08-08 23:00:00,31.327056884765625
2018-08-09 09:00:00,40.167900919914246
2018-08-09 10:00:00,40.88611304759979
2018-08-09 11:00:00,41.61069691181183
2018-08-09 13:00:00,38.2205605506897
2018-08-09 14:00:00,39.820802211761475
2018-08-09 16:00:00,40.24133384227753
2018-08-09 17:00:00,45.714741945266724
2018-08-09 18:00:00,53.534555435180664
2018-08-09 19:00:00,52.9682993888855
2018-08-09 20:00:00,59.26101207733154
2018-08-09 22:00:00,42.64816641807556
2018-08-10 08:00:00,30.089324712753296
2018-08-10 10:00:00,39.87114429473877
2018-08-10 11:00:00,41.61595702171326
2018-08-10 12:00:00,40.53601026535034
2018-08-10 13:00:00,39.61896002292633
2018-08-10 16:00:00,45.32911777496338
2018-08-10 18:00:00,46.022236347198486
2018-08-10 19:00:00,51.23281478881836
2018-08-10 20:00:00,51.28815174102783
2018-08-10 21:00:00,48.643672466278076
2018-08-10 22:00:00,38.330987095832825
2018-08-11 10:00:00,47.35080897808075
2018-08-11 12:00:00,46.05758786201477
2018-08-11 13:00:00,40.757545828819275
2018-08-11 14:00:00,42.786335945129395
2018-08-11 15:00:00,40.57846665382385
2018-08-11 16:00:00,43.795961141586304
2018-08-11 18:00:00,44.209107756614685
2018-08-11 19:00:00,41.605520248413086
2018-08-11 20:00:00,47.68262207508087
2018-08-11 21:00:00,40.68743586540222
2018-08-12 10:00:00,40.39645791053772
2018-08-12 13:00:00,57.0999801158905
2018-08-12 16:00:00,49.23505783081055
2018-08-12 19:00:00,50.47675371170044
2018-08-13 11:00:00,58.49847197532654
2018-08-13 13:00:00,40.4394805431366
2018-08-13 14:00:00,49.5322048664093
2018-08-13 15:00:00,39.259496331214905
2018-08-13 16:00:00,39.97543156147003
2018-08-13 18:00:00,43.76575946807861
2018-08-13 19:00:00,43.39948296546936
2018-08-13 20:00:00,53.77674698829651
2018-08-13 21:00:00,43.940532207489014
2018-08-13 22:00:00,33.90321433544159
2018-08-14 01:00:00,32.393842935562134
2018-08-14 08:00:00,51.03334188461304
2018-08-14 09:00:00,39.77201581001282
2018-08-14 10:00:00,41.08596742153168
2018-08-14 11:00:00,46.45870327949524
2018-08-14 12:00:00,38.912126421928406
2018-08-14 13:00:00,38.8386070728302
2018-08-14 14:00:00,44.55898702144623
2018-08-14 15:00:00,38.60933184623718
2018-08-14 16:00:00,39.750564098358154
2018-08-14 17:00:00,45.59983313083649
2018-08-14 18:00:00,40.571147203445435
2018-08-14 19:00:00,42.756187915802
2018-08-14 20:00:00,59.338486194610596
2018-08-14 21:00:00,43.01568567752838
2018-08-14 22:00:00,43.352845311164856
2018-08-15 10:00:00,57.37822651863098
2018-08-15 11:00:00,40.43869376182556
2018-08-15 12:00:00,38.21823000907898
2018-08-15 13:00:00,38.32060098648071
2018-08-15 16:00:00,38.37357461452484
2018-08-15 17:00:00,38.7188583612442
2018-08-15 18:00:00,37.88372278213501
2018-08-15 19:00:00,38.3326381444931
2018-08-15 20:00:00,46.974340081214905
2018-08-16 10:00:00,38.6509895324707
2018-08-16 13:00:00,41.15901589393616
2018-08-16 16:00:00,36.32040619850159
2018-08-16 17:00:00,39.03679549694061
2018-08-16 19:00:00,37.1038556098938
2018-08-17 10:00:00,43.69445443153381
2018-08-17 11:00:00,37.03733682632446
2018-08-17 12:00:00,36.96973919868469
2018-08-17 13:00:00,36.979684233665466
2018-08-17 14:00:00,30.863800644874573
2018-08-17 15:00:00,23.476150631904602
2018-08-17 16:00:00,37.061262130737305
2018-08-17 17:00:00,39.597395062446594
2018-08-17 19:00:00,39.44064974784851
2018-08-18 10:00:00,41.24133884906769
2018-08-18 11:00:00,39.780354499816895
2018-08-18 12:00:00,38.14820647239685
2018-08-18 13:00:00,38.67763578891754
2018-08-18 14:00:00,39.84333872795105
2018-08-18 15:00:00,22.64275550842285
2018-08-18 16:00:00,22.894038259983063
2018-08-18 17:00:00,40.70579409599304
2018-08-18 18:00:00,40.45644402503967
2018-08-18 19:00:00,41.27682447433472
2018-08-19 08:00:00,43.66433024406433
2018-08-19 09:00:00,39.816439151763916
2018-08-19 10:00:00,38.95012438297272
2018-08-19 13:00:00,39.757877588272095
2018-08-19 14:00:00,40.45481085777283
2018-08-19 16:00:00,40.30400216579437
2018-08-19 17:00:00,44.05670166015625
2018-08-19 18:00:00,41.49797856807709
2018-08-19 19:00:00,40.713053941726685
2018-08-19 20:00:00,42.06490516662598
2018-08-19 21:00:00,42.03895926475525
2018-08-20 08:00:00,43.09443235397339
2018-08-20 09:00:00,42.219990491867065
2018-08-20 10:00:00,41.450825333595276
2018-08-20 11:00:00,40.89434742927551
2018-08-20 13:00:00,38.139042258262634
2018-08-20 16:00:00,39.72990810871124
2018-08-20 17:00:00,43.6943918466568
2018-08-20 18:00:00,41.11196994781494
2018-08-20 19:00:00,41.60526990890503
2018-08-20 20:00:00,53.23960781097412
2018-08-20 21:00:00,43.91756355762482
2018-08-21 08:00:00,43.46821308135986
2018-08-21 10:00:00,39.83810245990753
2018-08-21 11:00:00,43.94778311252594
2018-08-21 13:00:00,39.10173773765564
2018-08-21 14:00:00,39.974409341812134
2018-08-21 15:00:00,39.42060470581055
2018-08-21 16:00:00,38.471823930740356
2018-08-21 17:00:00,42.4760103225708
2018-08-21 19:00:00,39.528003334999084
2018-08-21 21:00:00,48.73545169830322
2018-08-21 22:00:00,43.165868520736694
2018-08-22 11:00:00,48.34625720977783
2018-08-22 12:00:00,41.53383672237396
2018-08-22 13:00:00,38.95007073879242
2018-08-22 14:00:00,45.31193971633911
2018-08-22 16:00:00,39.35025334358215
2018-08-22 18:00:00,41.30254089832306
2018-08-22 19:00:00,40.899622440338135
2018-08-22 20:00:00,50.99824666976929
2018-08-22 21:00:00,43.39765906333923
2018-08-22 22:00:00,43.34912300109863
2018-08-23 10:00:00,48.44629168510437
2018-08-23 11:00:00,38.16939890384674
2018-08-23 12:00:00,37.63221204280853
2018-08-23 13:00:00,38.23865056037903
2018-08-23 14:00:00,32.81974196434021
2018-08-23 15:00:00,24.36864972114563
2018-08-23 16:00:00,23.422522842884064
2018-08-23 18:00:00,39.385998249053955
2018-08-23 19:00:00,39.65142071247101
2018-08-23 20:00:00,45.74809670448303
2018-08-23 22:00:00,41.40874147415161
2018-08-24 09:00:00,47.61091470718384
2018-08-24 10:00:00,40.49123823642731
2018-08-24 12:00:00,56.87365531921387
2018-08-24 13:00:00,37.850648164749146
2018-08-24 14:00:00,33.938583731651306
2018-08-24 16:00:00,24.187402427196503
2018-08-24 19:00:00,46.578824520111084
2018-08-24 20:00:00,50.456953048706055
2018-08-25 09:00:00,38.87420892715454
2018-08-25 10:00:00,37.97258734703064
2018-08-25 11:00:00,38.23181986808777
2018-08-25 13:00:00,37.34981715679169
2018-08-25 14:00:00,45.51681876182556
2018-08-25 15:00:00,37.566548585891724
2018-08-25 16:00:00,37.95202076435089
2018-08-25 17:00:00,39.15473818778992
2018-08-25 18:00:00,38.44417929649353
2018-08-25 19:00:00,40.36480188369751
2018-08-25 20:00:00,50.215017795562744
2018-08-26 10:00:00,41.11135005950928
2018-08-26 11:00:00,47.4980890750885
2018-08-26 13:00:00,38.14437985420227
2018-08-26 14:00:00,40.54170846939087
2018-08-26 16:00:00,38.625162839889526
2018-08-26 19:00:00,51.857489347457886
2018-08-26 20:00:00,47.45792746543884
2018-08-27 10:00:00,43.612679839134216
2018-08-27 11:00:00,45.88145613670349
2018-08-27 12:00:00,38.91913890838623
2018-08-27 13:00:00,39.77667987346649
2018-08-27 16:00:00,56.52434825897217
2018-08-27 18:00:00,34.07532870769501
2018-08-27 19:00:00,41.04965925216675
2018-08-27 20:00:00,46.87109589576721
2018-08-27 22:00:00,46.302616596221924
2018-08-27 23:00:00,54.12358641624451
2018-08-28 08:00:00,43.01144182682037
2018-08-28 09:00:00,43.568116426467896
2018-08-28 10:00:00,40.10853171348572
2018-08-28 11:00:00,42.24392771720886
2018-08-28 12:00:00,39.70964550971985
2018-08-28 13:00:00,38.382863998413086
2018-08-28 14:00:00,41.21943414211273
2018-08-28 15:00:00,38.9977365732193
2018-08-28 16:00:00,38.9977365732193
2018-08-28 17:00:00,38.41452896595001
2018-08-28 18:00:00,39.65376913547516
2018-08-28 19:00:00,41.85117483139038
2018-08-28 20:00:00,45.945972204208374
2018-08-28 21:00:00,43.45583915710449
2018-08-28 22:00:00,42.5259530544281
2018-08-28 23:00:00,45.19352614879608
2018-08-29 08:00:00,41.214850544929504
2018-08-29 09:00:00,41.14786088466644
2018-08-29 10:00:00,45.691120624542236
2018-08-29 13:00:00,45.36859095096588
2018-08-29 16:00:00,44.05032992362976
2018-08-29 17:00:00,67.80756711959839
2018-08-29 18:00:00,40.91428220272064
2018-08-29 19:00:00,47.791361808776855
2018-08-29 20:00:00,51.89242959022522
2018-08-29 22:00:00,43.54640245437622
2018-08-30 08:00:00,43.30630898475647
2018-08-30 09:00:00,41.66457653045654
2018-08-30 10:00:00,39.96562957763672
2018-08-30 11:00:00,42.59892404079437
2018-08-30 12:00:00,38.60762417316437
2018-08-30 13:00:00,38.079482316970825
2018-08-30 14:00:00,34.83296036720276
2018-08-30 15:00:00,26.10034942626953
2018-08-30 16:00:00,24.19424206018448
2018-08-30 17:00:00,34.161216020584106
2018-08-30 18:00:00,40.76095521450043
2018-08-30 19:00:00,43.508559465408325
2018-08-30 20:00:00,47.141605615615845
2018-08-30 22:00:00,42.24944710731506
2018-08-31 09:00:00,43.37969422340393
2018-08-31 10:00:00,42.51929819583893
2018-08-31 13:00:00,43.79482865333557
2018-08-31 14:00:00,44.05951499938965
2018-08-31 16:00:00,39.14805054664612
2018-08-31 17:00:00,57.80984163284302
2018-08-31 18:00:00,40.94829857349396
2018-08-31 19:00:00,41.705554723739624
2018-08-31 20:00:00,46.7154324054718
2018-08-31 21:00:00,42.93326139450073
2018-09-01 08:00:00,42.617931962013245
2018-09-01 09:00:00,40.589019656181335
2018-09-01 10:00:00,41.15491509437561
2018-09-01 11:00:00,43.46122145652771
2018-09-01 12:00:00,40.1279091835022
2018-09-01 13:00:00,40.6916081905365
2018-09-01 14:00:00,53.53313684463501
2018-09-01 15:00:00,55.55624961853027
2018-09-01 16:00:00,55.183327198028564
2018-09-01 18:00:00,71.24207615852356
2018-09-01 19:00:00,52.26202607154846
2018-09-01 22:00:00,60.54677963256836
2018-09-02 09:00:00,55.686867237091064
2018-09-02 12:00:00,49.115610122680664
2018-09-02 13:00:00,42.68783628940582
2018-09-02 14:00:00,46.67115807533264
2018-09-02 15:00:00,39.553916454315186
2018-09-02 16:00:00,38.59012424945831
2018-09-02 17:00:00,47.95556962490082
2018-09-02 18:00:00,41.264885663986206
2018-09-02 19:00:00,43.234530091285706
2018-09-02 20:00:00,49.139219522476196
2018-09-02 21:00:00,41.56534671783447
2018-09-02 22:00:00,38.71352672576904
2018-09-03 08:00:00,45.15455365180969
2018-09-03 09:00:00,38.18605840206146
2018-09-03 10:00:00,39.62680697441101
2018-09-03 11:00:00,39.198994636535645
2018-09-03 12:00:00,37.895601987838745
2018-09-03 13:00:00,37.53910958766937
2018-09-03 14:00:00,37.634119391441345
2018-09-03 15:00:00,38.28367590904236
2018-09-03 16:00:00,38.41298520565033
2018-09-03 19:00:00,40.63920080661774
2018-09-03 20:00:00,39.72278535366058
2018-09-04 10:00:00,37.5998318195343
2018-09-04 11:00:00,39.671096205711365
2018-09-04 12:00:00,38.30365240573883
2018-09-04 13:00:00,38.33535015583038
2018-09-04 14:00:00,42.92804002761841
2018-09-04 15:00:00,37.980908155441284
2018-09-04 16:00:00,38.05109262466431
2018-09-04 17:00:00,39.673468470573425
2018-09-04 18:00:00,37.48576641082764
2018-09-04 19:00:00,41.33678376674652
2018-09-05 09:00:00,43.430525064468384
2018-09-05 10:00:00,39.82551991939545
2018-09-05 11:00:00,38.895922899246216
2018-09-05 13:00:00,37.811318039894104
2018-09-05 14:00:00,45.95952332019806
2018-09-05 15:00:00,37.82515525817871
2018-09-05 16:00:00,38.39799761772156
2018-09-05 17:00:00,50.585973262786865
2018-09-05 18:00:00,41.53026640415192
2018-09-05 19:00:00,39.74575400352478
2018-09-05 20:00:00,46.73539400100708
2018-09-06 09:00:00,41.815608739852905
2018-09-06 10:00:00,38.83499205112457
2018-09-06 11:00:00,40.37628471851349
2018-09-06 13:00:00,40.422481298446655
2018-09-06 15:00:00,38.88261616230011
2018-09-06 16:00:00,38.54019641876221
2018-09-06 17:00:00,38.978031277656555
2018-09-06 18:00:00,39.78093862533569
2018-09-06 19:00:00,41.73775017261505
2018-09-06 20:00:00,47.05076813697815
2018-09-06 21:00:00,41.77089333534241
2018-09-06 22:00:00,41.372159123420715
2018-09-07 01:00:00,44.98901665210724
2018-09-07 07:00:00,46.04532718658447
2018-09-07 08:00:00,41.81027412414551
2018-09-07 09:00:00,39.55843150615692
2018-09-07 10:00:00,38.655975461006165
2018-09-07 14:00:00,39.93600904941559
2018-09-07 15:00:00,38.3710503578186
2018-09-07 16:00:00,38.54019641876221
2018-09-07 19:00:00,43.58200430870056
2018-09-07 21:00:00,59.38601493835449
2018-09-07 22:00:00,41.9762909412384
2018-09-08 08:00:00,43.98887753486633
2018-09-08 10:00:00,24.301081895828247
2018-09-08 11:00:00,34.06592607498169
2018-09-08 13:00:00,39.311784505844116
2018-09-08 14:00:00,33.75016450881958
2018-09-08 15:00:00,39.43980038166046
2018-09-08 16:00:00,38.3710503578186
2018-09-08 17:00:00,38.88073265552521
2018-09-08 18:00:00,39.67278599739075
2018-09-08 19:00:00,43.85928511619568
2018-09-08 20:00:00,42.986705899238586
2018-09-08 22:00:00,43.19500029087067
2018-09-09 09:00:00,43.80297064781189
2018-09-09 10:00:00,24.598339200019836
2018-09-09 11:00:00,28.831273317337036
2018-09-09 12:00:00,24.294108152389526
2018-09-09 13:00:00,37.95202076435089
2018-09-09 14:00:00,38.08109760284424
2018-09-09 15:00:00,37.82013654708862
2018-09-09 16:00:00,38.34695219993591
2018-09-09 17:00:00,38.93016874790192
2018-09-09 18:00:00,40.262600779533386
2018-09-09 19:00:00,39.549508690834045
2018-09-09 20:00:00,40.32834768295288
2018-09-09 21:00:00,40.67307710647583
2018-09-09 22:00:00,42.97967553138733
2018-09-10 09:00:00,43.741822242736816
2018-09-10 10:00:00,38.211724162101746
2018-09-10 11:00:00,43.69242191314697
2018-09-10 12:00:00,38.05322051048279
2018-09-10 13:00:00,39.08275365829468
2018-09-10 14:00:00,37.986087799072266
2018-09-10 15:00:00,37.79829144477844
2018-09-10 16:00:00,37.198734283447266
2018-09-10 17:00:00,46.69503569602966
2018-09-10 18:00:00,37.59373724460602
2018-09-10 19:00:00,38.4516716003418
2018-09-10 21:00:00,44.08230185508728
2018-09-10 23:00:00,43.45583915710449
2018-09-11 08:00:00,40.2022659778595
2018-09-11 09:00:00,40.176963806152344
2018-09-11 10:00:00,39.33316469192505
2018-09-11 11:00:00,38.70345056056976
2018-09-11 13:00:00,38.33971321582794
2018-09-11 16:00:00,38.788044452667236
2018-09-11 18:00:00,38.76142501831055
2018-09-11 19:00:00,23.890775442123413
2018-09-11 21:00:00,39.4483357667923
2018-09-11 22:00:00,43.660035729408264
2018-09-12 10:00:00,44.157710671424866
2018-09-12 11:00:00,40.596380829811096
2018-09-12 12:00:00,39.65538144111633
2018-09-12 13:00:00,38.08532953262329
2018-09-12 14:00:00,37.533894181251526
2018-09-12 16:00:00,37.54851818084717
2018-09-12 19:00:00,36.85580492019653
2018-09-12 20:00:00,39.402031898498535
2018-09-13 08:00:00,38.87435793876648
2018-09-13 10:00:00,40.77042043209076
2018-09-13 13:00:00,39.20919895172119
2018-09-13 14:00:00,37.75680065155029
2018-09-13 15:00:00,35.745248198509216
2018-09-13 16:00:00,33.94296169281006
2018-09-13 18:00:00,36.26502454280853
2018-09-13 19:00:00,39.656102657318115
2018-09-13 20:00:00,44.094425439834595
2018-09-14 09:00:00,38.14641833305359
2018-09-14 10:00:00,39.44667875766754
2018-09-14 13:00:00,40.70782661437988
2018-09-14 16:00:00,45.42609751224518
2018-09-14 19:00:00,41.24975502490997
2018-09-15 09:00:00,46.01306915283203
2018-09-15 10:00:00,36.799418926239014
2018-09-15 12:00:00,38.0973756313324
2018-09-15 13:00:00,37.09782361984253
2018-09-15 14:00:00,38.27516436576843
2018-09-15 15:00:00,37.11417019367218
2018-09-15 16:00:00,37.783777713775635
2018-09-15 18:00:00,37.30202317237854
2018-09-15 19:00:00,37.92910575866699
2018-09-15 21:00:00,48.9959180355072
2018-09-16 09:00:00,39.92893397808075
2018-09-16 10:00:00,31.137552857398987
2018-09-16 11:00:00,47.11803197860718
2018-09-16 12:00:00,38.33971321582794
2018-09-16 13:00:00,39.36357498168945
2018-09-16 16:00:00,50.59494376182556
2018-09-16 19:00:00,51.96170210838318
2018-09-16 20:00:00,47.44224548339844
2018-09-16 22:00:00,41.33611023426056
2018-09-17 08:00:00,44.607192277908325
2018-09-17 10:00:00,40.440112352371216
2018-09-17 12:00:00,36.128225922584534
2018-09-17 14:00:00,34.555867314338684
2018-09-17 15:00:00,33.047133684158325
2018-09-17 16:00:00,33.18176567554474
2018-09-17 17:00:00,35.12097895145416
2018-09-17 20:00:00,34.70885455608368
2018-09-17 23:00:00,32.39968717098236
2018-09-18 12:00:00,32.961928844451904
2018-09-18 14:00:00,34.08234119415283
2018-09-18 15:00:00,34.05296206474304
2018-09-18 19:00:00,35.59437394142151
2018-09-18 21:00:00,43.66656541824341
2018-09-18 22:00:00,41.33678376674652
2018-09-18 23:00:00,51.85137987136841
2018-09-19 09:00:00,41.84403121471405
2018-09-19 10:00:00,42.01691150665283
2018-09-19 11:00:00,53.01366448402405
2018-09-19 12:00:00,42.84380078315735
2018-09-19 13:00:00,42.03313589096069
2018-09-19 16:00:00,45.85713446140289
2018-09-19 19:00:00,48.525065183639526
2018-09-19 21:00:00,48.85256290435791
2018-09-19 22:00:00,43.49646866321564
2018-09-19 23:00:00,51.0684072971344
2018-09-20 08:00:00,45.169663429260254
2018-09-20 09:00:00,41.43804907798767
2018-09-20 10:00:00,41.94360375404358
2018-09-20 11:00:00,55.55804967880249
2018-09-20 12:00:00,39.601507782936096
2018-09-20 13:00:00,42.9715633392334
2018-09-20 15:00:00,56.83491826057434
2018-09-20 16:00:00,38.553014397621155
2018-09-20 18:00:00,45.37257254123688
2018-09-20 19:00:00,39.8268848657608
2018-09-20 21:00:00,46.89159691333771
2018-09-20 22:00:00,39.26357626914978
2018-09-20 23:00:00,46.33876085281372
2018-09-21 00:00:00,44.003719091415405
2018-09-21 07:00:00,43.31960380077362
2018-09-21 08:00:00,44.98099684715271
2018-09-21 10:00:00,45.85163593292236
2018-09-21 11:00:00,48.13985824584961
2018-09-21 12:00:00,45.411115884780884
2018-09-21 13:00:00,39.98951315879822
2018-09-21 14:00:00,39.556652307510376
2018-09-21 16:00:00,40.215641260147095
2018-09-21 18:00:00,52.66209840774536
2018-09-21 19:00:00,42.36236810684204
2018-09-21 20:00:00,47.20739126205444
2018-09-21 21:00:00,42.67367720603943
2018-09-21 22:00:00,45.53495645523071
2018-09-22 00:00:00,47.84476161003113
2018-09-22 01:00:00,44.52265501022339
2018-09-22 07:00:00,51.86178684234619
2018-09-22 08:00:00,44.74055469036102
2018-09-22 09:00:00,43.478864431381226
2018-09-22 10:00:00,43.47414970397949
2018-09-22 13:00:00,53.607988357543945
2018-09-22 14:00:00,41.386136412620544
2018-09-22 15:00:00,39.669814705848694
2018-09-22 16:00:00,39.06722664833069
2018-09-22 17:00:00,41.474249958992004
2018-09-22 18:00:00,41.53026640415192
2018-09-22 19:00:00,43.10495853424072
2018-09-22 20:00:00,42.49328374862671
2018-09-22 21:00:00,41.59354269504547
2018-09-22 22:00:00,41.76442623138428
2018-09-23 01:00:00,43.59435439109802
2018-09-23 08:00:00,44.85743045806885
2018-09-23 10:00:00,43.54640245437622
2018-09-23 12:00:00,38.97165656089783
2018-09-23 13:00:00,38.90537917613983
2018-09-23 14:00:00,31.128716468811035
2018-09-23 15:00:00,25.00823140144348
2018-09-23 16:00:00,36.911481618881226
2018-09-23 17:00:00,36.807724833488464
2018-09-23 18:00:00,38.2205605506897
2018-09-23 19:00:00,40.189117193222046
2018-09-23 20:00:00,41.09289348125458
2018-09-23 21:00:00,41.36553406715393
2018-09-23 22:00:00,42.72909462451935
2018-09-23 23:00:00,42.822617292404175
2018-09-24 10:00:00,43.543076515197754
2018-09-24 11:00:00,35.6636106967926
2018-09-24 13:00:00,36.36632263660431
2018-09-24 14:00:00,34.66405272483826
2018-09-24 15:00:00,33.36426913738251
2018-09-24 18:00:00,32.86065459251404
2018-09-24 22:00:00,34.28064584732056
2018-09-24 23:00:00,31.36356472969055
2018-09-25 09:00:00,32.12599754333496
2018-09-25 10:00:00,41.51719808578491
2018-09-25 11:00:00,34.68388915061951
2018-09-25 12:00:00,40.92028737068176
2018-09-25 13:00:00,38.71990442276001
2018-09-25 15:00:00,33.03542137145996
2018-09-25 16:00:00,37.79570162296295
2018-09-25 17:00:00,38.02046775817871
2018-09-25 18:00:00,38.2205605506897
2018-09-25 19:00:00,39.78093862533569
2018-09-25 21:00:00,41.35357439517975
2018-09-25 22:00:00,43.06734800338745
2018-09-25 23:00:00,44.9506402015686
2018-09-26 00:00:00,44.34553384780884
2018-09-26 08:00:00,43.95396113395691
2018-09-26 10:00:00,43.93210411071777
2018-09-26 13:00:00,32.4200838804245
2018-09-26 16:00:00,28.585603833198547
2018-09-26 17:00:00,39.798080921173096
2018-09-26 18:00:00,39.377737045288086
2018-09-26 19:00:00,40.94829857349396
2018-09-26 20:00:00,73.95219206809998
2018-09-26 21:00:00,39.39217925071716
2018-09-26 22:00:00,41.73128008842468
2018-09-26 23:00:00,48.06249737739563
2018-09-27 00:00:00,42.196857929229736
2018-09-27 08:00:00,41.24763011932373
2018-09-27 09:00:00,40.854161977767944
2018-09-27 10:00:00,39.52443599700928
2018-09-27 12:00:00,33.11511278152466
2018-09-27 13:00:00,38.20776641368866
2018-09-27 15:00:00,38.00826966762543
2018-09-27 16:00:00,36.6581916809082
2018-09-27 17:00:00,39.091306924819946
2018-09-27 18:00:00,38.912126421928406
2018-09-27 19:00:00,38.42016160488129
2018-09-28 08:00:00,49.908268451690674
2018-09-28 09:00:00,38.70697021484375
2018-09-28 10:00:00,38.53210210800171
2018-09-28 11:00:00,32.50734508037567
2018-09-28 12:00:00,38.50879669189453
2018-09-28 13:00:00,37.12259232997894
2018-09-28 14:00:00,31.19051456451416
2018-09-28 15:00:00,23.8031268119812
2018-09-28 16:00:00,24.63429570198059
2018-09-28 17:00:00,33.04796516895294
2018-09-28 18:00:00,28.911644220352173
2018-09-28 19:00:00,27.918913960456848
2018-09-28 20:00:00,41.70021414756775
2018-09-28 21:00:00,41.31073355674744
2018-09-28 22:00:00,43.01144182682037
2018-09-29 10:00:00,43.43872666358948
2018-09-29 11:00:00,39.32276964187622
2018-09-29 12:00:00,38.33971321582794
2018-09-29 13:00:00,38.80850076675415
2018-09-29 16:00:00,39.34006690979004
2018-09-29 17:00:00,36.48630678653717
2018-09-29 18:00:00,43.14752817153931
2018-09-29 19:00:00,44.214701652526855
2018-09-29 20:00:00,46.78598642349243
2018-09-29 22:00:00,43.9021497964859
2018-09-30 08:00:00,50.6120502948761
2018-09-30 09:00:00,41.92797541618347
2018-09-30 10:00:00,39.41275179386139
2018-09-30 11:00:00,42.17599630355835
2018-09-30 12:00:00,40.68938493728638
2018-09-30 13:00:00,39.51267898082733
2018-09-30 14:00:00,31.817498803138733
2018-09-30 15:00:00,40.347498655319214
2018-09-30 16:00:00,41.46084487438202
2018-09-30 17:00:00,39.37753438949585
2018-09-30 19:00:00,43.59820485115051
2018-09-30 21:00:00,43.34179759025574
2018-09-30 22:00:00,43.46489906311035
2018-09-30 23:00:00,44.906410574913025
2018-10-01 01:00:00,43.7603235244751
2018-10-01 10:00:00,45.44074535369873
2018-10-01 13:00:00,42.193448543548584
2018-10-01 16:00:00,40.34302532672882
2018-10-01 19:00:00,33.266255259513855
2018-10-01 20:00:00,51.40230059623718
2018-10-01 22:00:00,43.416959047317505
2018-10-02 01:00:00,50.1926064491272
2018-10-02 08:00:00,45.35871148109436
2018-10-02 10:00:00,33.12404453754425
2018-10-02 13:00:00,40.59787392616272
2018-10-02 16:00:00,35.0598931312561
2018-10-02 18:00:00,35.47222018241882
2018-10-02 19:00:00,42.610061168670654
2018-10-02 20:00:00,50.458478927612305
2018-10-02 21:00:00,43.80952715873718
2018-10-02 22:00:00,45.44597864151001
2018-10-02 23:00:00,57.90793299674988
2018-10-03 01:00:00,45.718592405319214
2018-10-03 07:00:00,54.601579904556274
2018-10-03 10:00:00,46.554744243621826
2018-10-03 11:00:00,56.32050633430481
2018-10-03 13:00:00,40.900829434394836
2018-10-03 14:00:00,42.64782965183258
2018-10-03 15:00:00,39.580947160720825
2018-10-03 16:00:00,27.531471848487854
2018-10-03 17:00:00,43.823087215423584
2018-10-03 18:00:00,43.9565509557724
2018-10-03 19:00:00,43.67724061012268
2018-10-03 20:00:00,56.70449733734131
2018-10-03 21:00:00,44.48447525501251
2018-10-03 22:00:00,43.234530091285706
2018-10-03 23:00:00,49.7749000787735
2018-10-04 01:00:00,44.0951943397522
2018-10-04 08:00:00,55.79444169998169
2018-10-04 09:00:00,40.870097279548645
2018-10-04 10:00:00,40.604788064956665
2018-10-04 11:00:00,40.116649866104126
2018-10-04 12:00:00,38.70303928852081
2018-10-04 13:00:00,39.00028467178345
2018-10-04 14:00:00,38.78477215766907
2018-10-04 15:00:00,38.93718123435974
2018-10-04 16:00:00,81.52461647987366
2018-10-04 19:00:00,44.948893785476685
2018-10-04 20:00:00,44.58019435405731
2018-10-04 21:00:00,43.59310865402222
2018-10-04 22:00:00,58.24687480926514
2018-10-04 23:00:00,57.93800354003906
2018-10-05 00:00:00,55.50050735473633
2018-10-05 01:00:00,52.586787939071655
2018-10-05 02:00:00,51.648688316345215
2018-10-05 07:00:00,41.24089479446411
2018-10-05 08:00:00,45.39026618003845
2018-10-05 10:00:00,41.424357891082764
2018-10-05 11:00:00,42.90539026260376
2018-10-05 12:00:00,41.222378611564636
2018-10-05 13:00:00,41.68218970298767
2018-10-05 14:00:00,41.56806766986847
2018-10-05 15:00:00,37.48447000980377
2018-10-05 16:00:00,39.709919691085815
2018-10-05 17:00:00,48.33703637123108
2018-10-05 18:00:00,42.43209958076477
2018-10-05 19:00:00,45.85151672363281
2018-10-05 20:00:00,45.96101641654968
2018-10-05 21:00:00,44.864094257354736
2018-10-05 22:00:00,45.021599531173706
2018-10-05 23:00:00,51.2192964553833
2018-10-06 00:00:00,42.46436953544617
2018-10-06 08:00:00,42.51558780670166
2018-10-06 09:00:00,41.510382294654846
2018-10-06 10:00:00,37.741756439208984
2018-10-06 11:00:00,48.09532165527344
2018-10-06 12:00:00,39.259496331214905
2018-10-06 13:00:00,38.93718123435974
2018-10-06 14:00:00,45.82667350769043
2018-10-06 16:00:00,38.77120614051819
2018-10-06 19:00:00,69.37236785888672
2018-10-06 20:00:00,56.354743242263794
2018-10-06 21:00:00,42.44496822357178
2018-10-06 22:00:00,43.329447507858276
2018-10-07 00:00:00,43.960827589035034
2018-10-07 09:00:00,44.59654688835144
2018-10-07 10:00:00,38.53321671485901
2018-10-07 12:00:00,38.19809556007385
2018-10-07 13:00:00,37.40629553794861
2018-10-07 14:00:00,37.92006969451904
2018-10-07 15:00:00,37.38089203834534
2018-10-07 16:00:00,37.36638426780701
2018-10-07 17:00:00,42.943745851516724
2018-10-07 18:00:00,39.83480632305145
2018-10-07 19:00:00,39.03166055679321
2018-10-07 20:00:00,44.01833713054657
2018-10-07 22:00:00,39.26479518413544
2018-10-08 10:00:00,53.3613383769989
2018-10-08 11:00:00,31.195834279060364
2018-10-08 12:00:00,39.023593068122864
2018-10-08 13:00:00,38.40697705745697
2018-10-08 14:00:00,32.20883309841156
2018-10-08 15:00:00,38.21043372154236
2018-10-08 16:00:00,37.50831484794617
2018-10-08 17:00:00,32.88857340812683
2018-10-08 18:00:00,40.33668041229248
2018-10-08 19:00:00,40.26987850666046
2018-10-08 20:00:00,42.40449368953705
2018-10-08 21:00:00,41.20761752128601
2018-10-08 22:00:00,42.93535351753235
2018-10-08 23:00:00,43.04702281951904
2018-10-09 09:00:00,44.31537091732025
2018-10-09 10:00:00,26.426926255226135
2018-10-09 11:00:00,34.786778688430786
2018-10-09 12:00:00,26.177608966827393
2018-10-09 13:00:00,25.270459055900574
2018-10-09 14:00:00,40.28928577899933
2018-10-09 15:00:00,37.48447000980377
2018-10-09 16:00:00,37.524810433387756
2018-10-09 17:00:00,41.8728232383728
2018-10-09 18:00:00,39.377737045288086
2018-10-09 19:00:00,43.36514174938202
2018-10-09 20:00:00,48.966073989868164
2018-10-09 21:00:00,43.73137950897217
2018-10-09 22:00:00,43.7960684299469
2018-10-09 23:00:00,46.54579162597656
2018-10-10 10:00:00,42.9614782333374
2018-10-10 11:00:00,41.049933433532715
2018-10-10 12:00:00,39.06269371509552
2018-10-10 13:00:00,38.48196864128113
2018-10-10 14:00:00,33.66978466510773
2018-10-10 15:00:00,23.322488367557526
2018-10-10 16:00:00,24.049164354801178
2018-10-10 17:00:00,49.876463413238525
2018-10-10 18:00:00,25.549721717834473
2018-10-10 19:00:00,26.239851117134094
2018-10-10 20:00:00,34.94707942008972
2018-10-10 22:00:00,43.45583915710449
2018-10-10 23:00:00,45.179277658462524
2018-10-11 00:00:00,43.042102456092834
2018-10-11 07:00:00,42.991554737091064
2018-10-11 08:00:00,41.16150140762329
2018-10-11 09:00:00,44.972458481788635
2018-10-11 11:00:00,48.1484055519104
2018-10-11 12:00:00,39.80563282966614
2018-10-11 13:00:00,38.06259036064148
2018-10-11 14:00:00,31.968316435813904
2018-10-11 15:00:00,25.459635257720947
2018-10-11 16:00:00,24.0730881690979
2018-10-11 17:00:00,32.47966766357422
2018-10-11 18:00:00,24.970029294490814
2018-10-11 19:00:00,25.105032324790955
2018-10-11 20:00:00,41.48890972137451
2018-10-11 21:00:00,40.736570954322815
2018-10-11 22:00:00,42.51839518547058
2018-10-12 07:00:00,44.711798429489136
2018-10-12 08:00:00,43.51866841316223
2018-10-12 10:00:00,51.362597942352295
2018-10-12 11:00:00,45.67608833312988
2018-10-12 12:00:00,40.41946828365326
2018-10-12 13:00:00,41.17714464664459
2018-10-12 14:00:00,40.53943753242493
2018-10-12 15:00:00,39.19091820716858
2018-10-12 16:00:00,37.84230947494507
2018-10-12 17:00:00,38.79893720149994
2018-10-12 18:00:00,38.00259232521057
2018-10-12 19:00:00,37.846168875694275
2018-10-12 20:00:00,43.189841508865356
2018-10-12 21:00:00,44.94625926017761
2018-10-12 22:00:00,45.31031250953674
2018-10-12 23:00:00,50.576090812683105
2018-10-13 00:00:00,44.73661482334137
2018-10-13 01:00:00,51.09323263168335
2018-10-13 07:00:00,48.65255057811737
2018-10-13 09:00:00,43.85283589363098
2018-10-13 10:00:00,46.08609974384308
2018-10-13 13:00:00,46.21480703353882
2018-10-13 14:00:00,46.735841035842896
2018-10-13 15:00:00,40.90202450752258
2018-10-13 16:00:00,37.97459602355957
2018-10-13 17:00:00,40.941113233566284
2018-10-13 18:00:00,38.52706253528595
2018-10-13 19:00:00,42.0576810836792
2018-10-13 20:00:00,45.3377902507782
2018-10-13 21:00:00,42.48200058937073
2018-10-13 22:00:00,40.111157298088074
2018-10-13 23:00:00,44.70100998878479
2018-10-14 08:00:00,41.643738746643066
2018-10-14 09:00:00,40.71294367313385
2018-10-14 10:00:00,38.22421729564667
2018-10-14 11:00:00,40.4110312461853
2018-10-14 12:00:00,39.70651626586914
2018-10-14 13:00:00,40.11732041835785
2018-10-14 15:00:00,39.15293216705322
2018-10-14 16:00:00,36.421775817871094
2018-10-14 17:00:00,41.66850745677948
2018-10-14 18:00:00,37.381500005722046
2018-10-14 19:00:00,39.72209990024567
2018-10-14 20:00:00,51.82797908782959
2018-10-14 21:00:00,42.164212465286255
2018-10-14 22:00:00,40.13152718544006
2018-10-14 23:00:00,44.64704990386963
2018-10-15 00:00:00,47.42607772350311
2018-10-15 01:00:00,48.839735984802246
2018-10-15 07:00:00,44.54420506954193
2018-10-15 08:00:00,43.80515217781067
2018-10-15 10:00:00,43.16750168800354
2018-10-15 11:00:00,48.05697202682495
2018-10-15 12:00:00,44.035789370536804
2018-10-15 13:00:00,41.14929139614105
2018-10-15 14:00:00,40.37759006023407
2018-10-15 15:00:00,40.78013300895691
2018-10-15 16:00:00,40.551066398620605
2018-10-15 17:00:00,43.6163604259491
2018-10-15 18:00:00,40.910765528678894
2018-10-15 19:00:00,44.628387689590454
2018-10-15 20:00:00,48.43124747276306
2018-10-15 21:00:00,45.747214555740356
2018-10-15 22:00:00,41.82555675506592
2018-10-15 23:00:00,42.89692044258118
2018-10-16 00:00:00,44.72983479499817
2018-10-16 10:00:00,43.73011589050293
2018-10-16 11:00:00,43.177103996276855
2018-10-16 12:00:00,39.783477783203125
2018-10-16 13:00:00,39.00096416473389
2018-10-16 14:00:00,41.249680519104004
2018-10-16 15:00:00,37.93703317642212
2018-10-16 16:00:00,37.74540424346924
2018-10-16 17:00:00,41.279926896095276
2018-10-16 18:00:00,38.753557205200195
2018-10-16 19:00:00,42.40906536579132
2018-10-16 20:00:00,49.75019097328186
2018-10-16 21:00:00,42.272764444351196
2018-10-16 22:00:00,40.87949097156525
2018-10-16 23:00:00,41.63115322589874
2018-10-17 00:00:00,41.550105810165405
2018-10-17 10:00:00,43.18512678146362
2018-10-17 11:00:00,45.61408758163452
2018-10-17 12:00:00,40.92831015586853
2018-10-17 13:00:00,41.02666974067688
2018-10-17 14:00:00,42.22297966480255
2018-10-17 15:00:00,28.336814045906067
2018-10-17 16:00:00,26.102152466773987
2018-10-17 17:00:00,40.60327708721161
2018-10-17 18:00:00,42.472416162490845
2018-10-17 19:00:00,43.10644865036011
2018-10-17 20:00:00,45.88905572891235
2018-10-17 21:00:00,41.419219970703125
2018-10-17 22:00:00,41.10701382160187
2018-10-17 23:00:00,46.5224027633667
2018-10-18 00:00:00,44.519275426864624
2018-10-18 06:00:00,43.00653338432312
2018-10-18 07:00:00,39.21184241771698
2018-10-18 08:00:00,44.55876052379608
2018-10-18 09:00:00,39.993464946746826
2018-10-18 10:00:00,40.47990441322327
2018-10-18 11:00:00,60.814476013183594
2018-10-18 12:00:00,54.86270785331726
2018-10-18 13:00:00,41.14929139614105
2018-10-18 14:00:00,50.25287866592407
2018-10-18 15:00:00,41.193366050720215
2018-10-18 16:00:00,41.18594527244568
2018-10-18 17:00:00,53.39787006378174
2018-10-18 18:00:00,42.67377853393555
2018-10-18 19:00:00,42.00361967086792
2018-10-18 20:00:00,44.79003846645355
2018-10-18 22:00:00,29.29045855998993
2018-10-18 23:00:00,32.60369300842285
2018-10-19 04:00:00,29.17173206806183
2018-10-19 07:00:00,39.85157310962677
2018-10-19 08:00:00,43.08497905731201
2018-10-19 09:00:00,40.711408853530884
2018-10-19 10:00:00,39.30772840976715
2018-10-19 11:00:00,42.38066375255585
2018-10-19 12:00:00,39.786627888679504
2018-10-19 13:00:00,39.50023055076599
2018-10-19 14:00:00,31.239232420921326
2018-10-19 15:00:00,38.07562589645386
2018-10-19 16:00:00,40.808188915252686
2018-10-19 17:00:00,41.030192375183105
2018-10-19 18:00:00,41.19262993335724
2018-10-19 19:00:00,42.441049218177795
2018-10-19 20:00:00,41.74171686172485
2018-10-19 21:00:00,40.86613357067108
2018-10-19 22:00:00,42.25350618362427
2018-10-20 07:00:00,43.13442409038544
2018-10-20 10:00:00,44.4890558719635
2018-10-20 12:00:00,45.17804682254791
2018-10-20 13:00:00,39.14426863193512
2018-10-20 14:00:00,44.963496923446655
2018-10-20 15:00:00,38.17402720451355
2018-10-20 16:00:00,38.20776641368866
2018-10-20 17:00:00,47.834354639053345
2018-10-20 19:00:00,40.84278345108032
2018-10-20 22:00:00,66.73754453659058
2018-10-21 10:00:00,63.14256191253662
2018-10-21 13:00:00,64.94654417037964
2018-10-21 16:00:00,45.15094757080078
2018-10-21 19:00:00,66.4337694644928
2018-10-21 22:00:00,56.06759786605835
2018-10-22 01:00:00,56.097471714019775
2018-10-22 07:00:00,45.18795907497406
2018-10-22 10:00:00,43.42069625854492
2018-10-22 13:00:00,42.06826686859131
2018-10-22 16:00:00,39.621978998184204
2018-10-22 19:00:00,39.50103521347046
2018-10-22 22:00:00,46.86291515827179
2018-10-23 10:00:00,46.972858905792236
2018-10-24 01:00:00,43.16307306289673
2018-10-24 04:00:00,64.50210809707642
2018-10-24 07:00:00,54.1034460067749
2018-10-24 10:00:00,47.86164164543152
2018-10-24 13:00:00,46.40405774116516
2018-10-24 16:00:00,44.5307731628418
2018-10-24 19:00:00,47.37752079963684
2018-10-24 22:00:00,51.20980739593506
2018-10-25 01:00:00,48.66195321083069
2018-10-25 07:00:00,49.10100698471069
2018-10-25 10:00:00,52.698814868927
2018-10-25 13:00:00,48.26762080192566
2018-10-25 16:00:00,48.84728789329529
2018-10-25 19:00:00,78.02307605743408
2018-10-25 22:00:00,80.37115931510925
2018-10-26 01:00:00,66.2361741065979
2018-10-26 10:00:00,59.20137166976929
2018-10-26 13:00:00,42.02907979488373
2018-10-26 16:00:00,32.56266415119171
2018-10-26 19:00:00,31.24808669090271
2018-10-27 01:00:00,51.42253041267395
2018-10-27 10:00:00,51.92548632621765
2018-10-27 13:00:00,60.50357222557068
2018-10-27 16:00:00,40.64533710479736
2018-10-27 19:00:00,41.684550046920776
2018-10-27 22:00:00,47.7850079536438
2018-10-28 07:00:00,49.388206005096436
2018-10-28 10:00:00,42.310601472854614
2018-10-28 13:00:00,48.137348890304565
2018-10-28 16:00:00,48.53042960166931
2018-10-28 19:00:00,70.77405452728271
2018-10-28 22:00:00,71.65297269821167
2018-10-29 01:00:00,61.68683171272278
2018-10-29 07:00:00,53.88784408569336
2018-10-29 10:00:00,58.76833200454712
2018-10-29 13:00:00,76.6411542892456
2018-10-29 16:00:00,75.83298087120056
2018-10-29 19:00:00,72.49678373336792
2018-10-29 22:00:00,68.07297468185425
2018-10-30 01:00:00,59.84375476837158
2018-10-30 10:00:00,47.9256272315979
2018-10-30 13:00:00,40.90018570423126
2018-10-30 16:00:00,40.55905342102051
2018-10-30 19:00:00,49.88490343093872
2018-10-30 22:00:00,54.06513810157776
2018-10-31 10:00:00,46.924376487731934
2018-10-31 13:00:00,45.63072919845581
2018-10-31 16:00:00,40.859490633010864
2018-10-31 19:00:00,48.791080713272095
2018-10-31 22:00:00,74.9266505241394
2018-11-01 01:00:00,60.46179533004761
2018-11-01 10:00:00,57.78328776359558
2018-11-01 13:00:00,57.916271686553955
2018-11-01 16:00:00,51.89294219017029
2018-11-01 19:00:00,56.8684458732605
2018-11-01 22:00:00,59.93676781654358
2018-11-02 10:00:00,57.28714466094971
2018-11-02 13:00:00,58.7693452835083
2018-11-02 16:00:00,66.17788076400757
2018-11-02 19:00:00,73.34660291671753
2018-11-02 22:00:00,57.87392258644104
2018-11-03 01:00:00,58.20508003234863
2018-11-03 07:00:00,56.80861473083496
2018-11-03 10:00:00,55.17761707305908
2018-11-03 13:00:00,51.41986608505249
2018-11-03 16:00:00,57.45621919631958
2018-11-03 19:00:00,58.770692348480225
2018-11-03 22:00:00,56.10001087188721
2018-11-04 04:00:00,55.17773628234863
2018-11-04 10:00:00,47.67993688583374
2018-11-04 13:00:00,65.01328945159912
2018-11-04 16:00:00,62.56386041641235
2018-11-04 19:00:00,59.29446220397949
2018-11-04 22:00:00,58.18204879760742
2018-11-05 01:00:00,59.020233154296875
2018-11-05 10:00:00,57.71219730377197
2018-11-05 11:00:00,57.429760694503784
2018-11-05 12:00:00,49.30194020271301
2018-11-05 13:00:00,40.11732041835785
2018-11-05 14:00:00,44.935476779937744
2018-11-05 15:00:00,39.99408185482025
2018-11-05 16:00:00,42.43737459182739
2018-11-05 17:00:00,45.164936780929565
2018-11-05 18:00:00,42.151421308517456
2018-11-05 19:00:00,44.90114450454712
2018-11-05 20:00:00,51.68728828430176
2018-11-05 21:00:00,45.021605491638184
2018-11-05 22:00:00,46.53135538101196
2018-11-05 23:00:00,48.79770576953888
2018-11-06 00:00:00,45.47035098075867
2018-11-06 01:00:00,44.50017213821411
2018-11-06 02:00:00,49.79097545146942
2018-11-06 03:00:00,50.603097677230835
2018-11-06 04:00:00,48.486459255218506
2018-11-06 05:00:00,46.85595631599426
2018-11-06 06:00:00,47.085848450660706
2018-11-06 07:00:00,45.6430047750473
2018-11-06 09:00:00,54.33064103126526
2018-11-06 12:00:00,54.42603826522827
2018-11-06 13:00:00,54.97213006019592
2018-11-06 14:00:00,51.425665616989136
2018-11-06 15:00:00,42.54825413227081
2018-11-06 16:00:00,43.82840394973755
2018-11-06 17:00:00,53.900015354156494
2018-11-06 18:00:00,50.057923793792725
2018-11-06 19:00:00,48.575302958488464
2018-11-06 20:00:00,51.9753634929657
2018-11-06 21:00:00,46.27279043197632
2018-11-06 22:00:00,45.68546712398529
2018-11-06 23:00:00,48.23117256164551
2018-11-07 00:00:00,44.83694136142731
2018-11-07 08:00:00,45.818305015563965
2018-11-07 10:00:00,51.920151710510254
2018-11-07 11:00:00,44.65092122554779
2018-11-07 12:00:00,41.56862795352936
2018-11-07 13:00:00,51.969510316848755
2018-11-07 14:00:00,59.816110134124756
2018-11-07 15:00:00,42.28949844837189
2018-11-07 16:00:00,43.59865486621857
2018-11-07 17:00:00,55.329036712646484
2018-11-07 18:00:00,55.927491188049316
2018-11-07 19:00:00,53.42780351638794
2018-11-07 21:00:00,56.09714984893799
2018-11-08 07:00:00,51.69910788536072
2018-11-08 08:00:00,39.79522883892059
2018-11-08 09:00:00,54.704827070236206
2018-11-08 10:00:00,44.62122321128845
2018-11-08 11:00:00,63.31453323364258
2018-11-08 12:00:00,44.7174608707428
2018-11-08 13:00:00,59.689027070999146
2018-11-08 14:00:00,69.58229541778564
2018-11-08 15:00:00,57.55707025527954
2018-11-08 16:00:00,57.17347860336304
2018-11-08 17:00:00,55.55627942085266
2018-11-08 21:00:00,40.1350200176239
2018-11-09 08:00:00,46.23727202415466
2018-11-09 09:00:00,51.758021116256714
2018-11-09 10:00:00,43.85432004928589
2018-11-09 11:00:00,57.38680362701416
2018-11-09 12:00:00,59.013378620147705
2018-11-09 13:00:00,59.67742204666138
2018-11-09 14:00:00,63.67287635803223
2018-11-09 15:00:00,44.131773710250854
2018-11-09 16:00:00,41.66848361492157
2018-11-09 17:00:00,53.499144315719604
2018-11-09 18:00:00,43.589404225349426
2018-11-09 19:00:00,44.152796268463135
2018-11-09 20:00:00,53.94517183303833
2018-11-09 21:00:00,43.372681736946106
2018-11-09 22:00:00,45.27580738067627
2018-11-09 23:00:00,53.83148193359375
2018-11-10 07:00:00,46.605175733566284
2018-11-10 11:00:00,51.97284817695618
2018-11-10 12:00:00,45.06534934043884
2018-11-10 13:00:00,39.931121468544006
2018-11-10 14:00:00,45.42781710624695
2018-11-10 15:00:00,56.12988471984863
2018-11-10 16:00:00,42.28488802909851
2018-11-10 17:00:00,49.94323551654816
2018-11-10 18:00:00,43.38948726654053
2018-11-10 20:00:00,45.58818340301514
2018-11-10 21:00:00,51.979076862335205
2018-11-10 22:00:00,51.59034729003906
2018-11-10 23:00:00,54.15829420089722
2018-11-11 10:00:00,47.076135873794556
2018-11-11 11:00:00,60.67150831222534
2018-11-11 12:00:00,52.20845937728882
2018-11-11 13:00:00,50.46759843826294
2018-11-11 14:00:00,44.38122510910034
2018-11-11 15:00:00,41.52527451515198
2018-11-11 16:00:00,40.4776930809021
2018-11-11 17:00:00,46.79287672042847
2018-11-11 18:00:00,45.451146364212036
2018-11-11 19:00:00,41.45948886871338
2018-11-11 20:00:00,46.712011098861694
2018-11-11 21:00:00,45.736873149871826
2018-11-11 22:00:00,54.776668548583984
2018-11-11 23:00:00,51.37310028076172
2018-11-12 00:00:00,51.57264471054077
2018-11-12 01:00:00,49.59745407104492
2018-11-12 02:00:00,47.591179609298706
2018-11-12 03:00:00,45.51021754741669
2018-11-12 06:00:00,44.90945339202881
2018-11-12 07:00:00,45.39562463760376
2018-11-12 10:00:00,47.21940755844116
2018-11-12 12:00:00,50.25203227996826
2018-11-12 13:00:00,41.47217869758606
2018-11-12 14:00:00,50.71516036987305
2018-11-12 15:00:00,44.460973143577576
2018-11-12 16:00:00,41.27807319164276
2018-11-12 17:00:00,51.71838998794556
2018-11-12 18:00:00,42.938217520713806
2018-11-12 19:00:00,42.71530508995056
2018-11-12 21:00:00,57.0950984954834
2018-11-12 22:00:00,45.86137533187866
2018-11-12 23:00:00,54.93474006652832
2018-11-13 00:00:00,45.861828327178955
2018-11-13 01:00:00,44.70357298851013
2018-11-13 06:00:00,56.97334408760071
2018-11-13 07:00:00,47.60570228099823
2018-11-13 08:00:00,52.919042110443115
2018-11-13 10:00:00,58.580756187438965
2018-11-13 11:00:00,56.21217489242554
2018-11-13 13:00:00,44.444334506988525
2018-11-13 14:00:00,61.491185426712036
2018-11-13 15:00:00,53.90796661376953
2018-11-13 16:00:00,45.993006229400635
2018-11-13 17:00:00,66.26663208007812
2018-11-13 19:00:00,56.30808472633362
2018-11-13 20:00:00,58.24548006057739
2018-11-13 22:00:00,52.7570366859436
2018-11-13 23:00:00,61.44545078277588
2018-11-14 00:00:00,54.97220754623413
2018-11-14 01:00:00,54.27781939506531
2018-11-14 03:00:00,55.10942339897156
2018-11-14 04:00:00,51.0906457901001
2018-11-14 06:00:00,54.42072153091431
2018-11-14 09:00:00,46.06170654296875
2018-11-14 10:00:00,43.633753061294556
2018-11-14 11:00:00,52.7079701423645
2018-11-14 12:00:00,42.739784717559814
2018-11-14 13:00:00,41.58762991428375
2018-11-14 14:00:00,42.98089146614075
2018-11-14 15:00:00,39.92452025413513
2018-11-14 16:00:00,40.23504853248596
2018-11-14 17:00:00,46.51833474636078
2018-11-14 18:00:00,42.71530508995056
2018-11-14 19:00:00,46.33979797363281
2018-11-14 20:00:00,49.01345670223236
2018-11-14 21:00:00,53.56016159057617
2018-11-14 22:00:00,48.845893144607544
2018-11-14 23:00:00,56.03064298629761
2018-11-15 00:00:00,49.04020428657532
2018-11-15 01:00:00,49.04020428657532
2018-11-15 07:00:00,49.20458197593689
2018-11-15 08:00:00,49.053651094436646
2018-11-15 10:00:00,43.81704330444336
2018-11-15 11:00:00,53.92041206359863
2018-11-15 12:00:00,44.19386088848114
2018-11-15 13:00:00,44.19386088848114
2018-11-15 14:00:00,56.52742385864258
2018-11-15 15:00:00,43.72899532318115
2018-11-15 16:00:00,43.375980854034424
2018-11-15 17:00:00,53.24398875236511
2018-11-15 18:00:00,42.05856919288635
2018-11-15 19:00:00,45.41425704956055
2018-11-15 20:00:00,51.19089484214783
2018-11-15 21:00:00,46.06032371520996
2018-11-15 22:00:00,45.11916637420654
2018-11-15 23:00:00,48.31852912902832
2018-11-16 00:00:00,44.20466721057892
2018-11-16 01:00:00,48.0587899684906
2018-11-16 02:00:00,48.21893572807312
2018-11-16 07:00:00,45.645952224731445
2018-11-16 10:00:00,58.770132064819336
2018-11-16 11:00:00,50.08246898651123
2018-11-16 12:00:00,40.47725796699524
2018-11-16 13:00:00,43.71064901351929
2018-11-16 14:00:00,48.02857041358948
2018-11-16 15:00:00,41.7971134185791
2018-11-16 16:00:00,41.45256578922272
2018-11-16 17:00:00,47.61226773262024
2018-11-16 18:00:00,44.94085609912872
2018-11-16 19:00:00,44.30752396583557
2018-11-16 20:00:00,47.4797785282135
2018-11-16 21:00:00,42.960718274116516
2018-11-16 22:00:00,41.42791032791138
2018-11-16 23:00:00,52.76104211807251
2018-11-17 00:00:00,45.56552469730377
2018-11-17 01:00:00,40.1278555393219
2018-11-17 02:00:00,40.499648451805115
2018-11-17 03:00:00,36.32915914058685
2018-11-17 06:00:00,34.27578806877136
2018-11-17 07:00:00,36.175549030303955
2018-11-17 08:00:00,34.76506471633911
2018-11-17 09:00:00,38.04510533809662
2018-11-17 10:00:00,41.595155000686646
2018-11-17 11:00:00,39.54140543937683
2018-11-17 12:00:00,39.30320739746094
2018-11-17 13:00:00,38.98913562297821
2018-11-17 14:00:00,38.34058344364166
2018-11-17 15:00:00,34.63120460510254
2018-11-17 16:00:00,37.195464968681335
2018-11-17 17:00:00,35.61828434467316
2018-11-17 18:00:00,35.863909125328064
2018-11-17 19:00:00,41.61065220832825
2018-11-17 20:00:00,42.309337854385376
2018-11-17 21:00:00,42.65293478965759
2018-11-17 22:00:00,44.924065470695496
2018-11-17 23:00:00,57.833558320999146
2018-11-18 00:00:00,60.390377044677734
2018-11-18 01:00:00,40.56442081928253
2018-11-18 02:00:00,39.425623416900635
2018-11-18 06:00:00,38.496655225753784
2018-11-18 08:00:00,30.292096734046936
2018-11-18 09:00:00,53.005778789520264
2018-11-18 10:00:00,40.62991142272949
2018-11-18 11:00:00,39.06865119934082
2018-11-18 12:00:00,40.905410051345825
2018-11-18 13:00:00,40.84000885486603
2018-11-18 14:00:00,38.839179277420044
2018-11-18 15:00:00,39.45380747318268
2018-11-18 16:00:00,44.01676654815674
2018-11-18 17:00:00,38.740456104278564
2018-11-18 19:00:00,42.95755624771118
2018-11-18 21:00:00,45.418691635131836
2018-11-18 23:00:00,45.62844634056091
2018-11-19 00:00:00,56.75814747810364
2018-11-19 01:00:00,52.3249626159668
2018-11-19 02:00:00,41.91318154335022
2018-11-19 04:00:00,33.398038148880005
2018-11-19 06:00:00,34.915292263031006
2018-11-19 07:00:00,34.084680676460266
2018-11-19 10:00:00,45.961201190948486
2018-11-19 11:00:00,43.94465684890747
2018-11-19 12:00:00,41.129881143569946
2018-11-19 13:00:00,50.443464517593384
2018-11-19 14:00:00,49.86981153488159
2018-11-19 15:00:00,36.42413914203644
2018-11-19 16:00:00,52.905142307281494
2018-11-19 17:00:00,55.883002281188965
2018-11-19 19:00:00,52.141207456588745
2018-11-19 20:00:00,32.04691708087921
2018-11-19 21:00:00,39.245039224624634
2018-11-19 22:00:00,38.03412914276123
2018-11-19 23:00:00,35.52833795547485
2018-11-20 00:00:00,33.666616678237915
2018-11-20 01:00:00,35.61575412750244
2018-11-20 06:00:00,34.598612785339355
2018-11-20 07:00:00,39.07753825187683
2018-11-20 11:00:00,46.57805263996124
2018-11-20 12:00:00,44.32189762592316
2018-11-20 13:00:00,58.39395523071289
2018-11-20 14:00:00,44.38084065914154
2018-11-20 15:00:00,44.25428509712219
2018-11-20 16:00:00,50.26751756668091
2018-11-20 18:00:00,52.63911485671997
2018-11-20 19:00:00,58.6053192615509
2018-11-20 20:00:00,37.334638833999634
2018-11-20 21:00:00,39.37305212020874
2018-11-20 22:00:00,34.25595760345459
2018-11-20 23:00:00,33.37506055831909
2018-11-21 08:00:00,38.32559883594513
2018-11-21 11:00:00,40.82157909870148
2018-11-21 12:00:00,39.293959736824036
2018-11-21 13:00:00,38.84451687335968
2018-11-21 14:00:00,38.84451687335968
2018-11-21 15:00:00,35.58627367019653
2018-11-21 16:00:00,36.17529273033142
2018-11-21 17:00:00,50.25508403778076
2018-11-21 19:00:00,68.82635951042175
2018-11-21 20:00:00,54.057735204696655
2018-11-21 21:00:00,31.35753870010376
2018-11-21 22:00:00,36.68602406978607
2018-11-22 07:00:00,33.10159742832184
2018-11-22 08:00:00,39.868950843811035
2018-11-22 09:00:00,38.67935240268707
2018-11-22 10:00:00,37.70400881767273
2018-11-22 11:00:00,37.24706470966339
2018-11-22 13:00:00,40.70718586444855
2018-11-22 14:00:00,36.398449540138245
2018-11-22 15:00:00,37.607115507125854
2018-11-22 16:00:00,38.10316324234009
2018-11-22 17:00:00,38.66244852542877
2018-11-22 18:00:00,37.71291375160217
2018-11-22 19:00:00,38.1140798330307
2018-11-22 20:00:00,36.06523275375366
2018-11-22 21:00:00,32.314786314964294
2018-11-22 22:00:00,37.059324979782104
2018-11-22 23:00:00,36.04324460029602
2018-11-23 00:00:00,35.037872195243835
2018-11-23 01:00:00,33.63334536552429
2018-11-23 06:00:00,30.500823259353638
2018-11-23 07:00:00,38.80312442779541
2018-11-23 08:00:00,43.34838390350342
2018-11-23 09:00:00,39.69292938709259
2018-11-23 10:00:00,39.2743319272995
2018-11-23 11:00:00,42.708367109298706
2018-11-23 12:00:00,38.27795386314392
2018-11-23 13:00:00,39.318862557411194
2018-11-23 14:00:00,41.861069202423096
2018-11-23 15:00:00,41.88728928565979
2018-11-23 16:00:00,42.151328921318054
2018-11-23 17:00:00,43.51945519447327
2018-11-23 18:00:00,43.46977472305298
2018-11-23 19:00:00,42.17497110366821
2018-11-23 20:00:00,45.99681496620178
2018-11-23 21:00:00,41.34224057197571
2018-11-23 22:00:00,41.54943525791168
2018-11-23 23:00:00,45.4609751701355
2018-11-24 00:00:00,44.40827965736389
2018-11-24 01:00:00,43.40684413909912
2018-11-24 06:00:00,44.00079548358917
2018-11-24 07:00:00,39.42290246486664
2018-11-24 08:00:00,44.350188970565796
2018-11-24 10:00:00,41.316646337509155
2018-11-24 11:00:00,51.38556957244873
2018-11-24 12:00:00,52.32965350151062
2018-11-24 13:00:00,50.512635707855225
2018-11-24 14:00:00,60.5252206325531
2018-11-24 15:00:00,53.39356064796448
2018-11-24 16:00:00,53.237974643707275
2018-11-24 17:00:00,62.460947036743164
2018-11-24 18:00:00,55.081236362457275
2018-11-24 19:00:00,54.48459982872009
2018-11-24 20:00:00,62.790465354919434
2018-11-24 21:00:00,53.02596092224121
2018-11-24 22:00:00,55.36848306655884
2018-11-24 23:00:00,63.62433433532715
2018-11-25 01:00:00,59.50406789779663
2018-11-25 07:00:00,56.39403462409973
2018-11-25 10:00:00,57.42305517196655
2018-11-25 11:00:00,50.98119378089905
2018-11-25 12:00:00,56.04676604270935
2018-11-25 13:00:00,55.47608733177185
2018-11-25 14:00:00,53.034329414367676
2018-11-25 15:00:00,42.689359188079834
2018-11-25 16:00:00,45.80238461494446
2018-11-26 09:00:00,65.59559106826782
2018-11-26 11:00:00,47.64110445976257
2018-11-26 12:00:00,62.379175424575806
2018-11-26 13:00:00,56.619638204574585
2018-11-26 14:00:00,58.06761980056763
2018-11-26 15:00:00,56.728923320770264
2018-11-26 16:00:00,44.24285590648651
2018-11-26 17:00:00,54.23821210861206
2018-11-26 18:00:00,43.466517329216
2018-11-26 19:00:00,43.4567928314209
2018-11-26 20:00:00,57.18717575073242
2018-11-27 09:00:00,47.11332321166992
2018-11-27 10:00:00,44.617483019828796
2018-11-27 11:00:00,57.993489503860474
2018-11-27 12:00:00,53.563761711120605
2018-11-27 13:00:00,54.19834852218628
2018-11-27 14:00:00,58.87596607208252
2018-11-27 15:00:00,55.01876473426819
2018-11-27 16:00:00,56.85834288597107
2018-11-27 17:00:00,54.63096499443054
2018-11-27 18:00:00,42.18533933162689
2018-11-27 19:00:00,45.18887400627136
2018-11-27 20:00:00,56.03797435760498
2018-11-27 21:00:00,51.45441293716431
2018-11-27 22:00:00,51.26170516014099
2018-11-27 23:00:00,52.98091769218445
2018-11-28 07:00:00,44.65170502662659
2018-11-28 08:00:00,54.27814722061157
2018-11-28 10:00:00,42.44605898857117
2018-11-28 12:00:00,56.87258243560791
2018-11-28 13:00:00,43.10338497161865
2018-11-28 14:00:00,63.68618607521057
2018-11-28 15:00:00,54.46735620498657
2018-11-28 16:00:00,47.44809865951538
2018-11-28 17:00:00,55.166786909103394
2018-11-28 18:00:00,45.91563045978546
2018-11-28 19:00:00,47.419553995132446
2018-11-28 20:00:00,55.65956234931946
2018-11-28 21:00:00,44.122958183288574
2018-11-28 23:00:00,44.25272047519684
2018-11-29 00:00:00,43.775343894958496
2018-11-29 07:00:00,42.37796068191528
2018-11-29 10:00:00,52.48745679855347
2018-11-29 12:00:00,65.08228182792664
2018-11-29 13:00:00,57.31157064437866
2018-11-29 14:00:00,60.68996787071228
2018-11-29 15:00:00,58.4051251411438
2018-11-29 16:00:00,55.07340431213379
2018-11-29 18:00:00,66.85788035392761
2018-11-29 19:00:00,50.76010227203369
2018-11-29 20:00:00,57.09129571914673
2018-11-29 22:00:00,47.38158583641052
2018-11-29 23:00:00,52.13062763214111
2018-11-30 08:00:00,47.668761014938354
2018-11-30 09:00:00,42.29241609573364
2018-11-30 11:00:00,49.5546817779541
2018-11-30 13:00:00,55.17841577529907
2018-11-30 16:00:00,65.74236154556274
2018-11-30 17:00:00,59.52870845794678
2018-12-01 07:00:00,47.93723225593567
2018-12-01 08:00:00,47.99032211303711
2018-12-01 09:00:00,51.00858211517334
2018-12-01 11:00:00,51.74471735954285
2018-12-01 12:00:00,56.609511375427246
2018-12-01 13:00:00,42.39986538887024
2018-12-01 14:00:00,51.672929525375366
2018-12-01 15:00:00,43.55916678905487
2018-12-01 16:00:00,44.432660937309265
2018-12-01 17:00:00,55.17844557762146
2018-12-01 18:00:00,43.869102001190186
2018-12-01 19:00:00,55.302494764328
2018-12-01 20:00:00,47.69989848136902
2018-12-01 21:00:00,47.609347105026245
2018-12-01 22:00:00,47.503459453582764
2018-12-02 07:00:00,49.7420608997345
2018-12-02 08:00:00,45.871639251708984
2018-12-02 09:00:00,49.64218735694885
2018-12-02 10:00:00,40.73115587234497
2018-12-02 11:00:00,46.6292679309845
2018-12-02 12:00:00,41.289541125297546
2018-12-02 13:00:00,40.24224877357483
2018-12-02 14:00:00,51.68449878692627
2018-12-02 15:00:00,42.90716052055359
2018-12-02 16:00:00,42.70530641078949
2018-12-02 17:00:00,51.21610760688782
2018-12-02 18:00:00,41.844868659973145
2018-12-02 19:00:00,44.29299235343933
2018-12-02 20:00:00,54.84597086906433
2018-12-02 21:00:00,45.217809081077576
2018-12-02 22:00:00,45.58177888393402
2018-12-03 08:00:00,51.14700198173523
2018-12-03 10:00:00,44.72745656967163
2018-12-03 11:00:00,53.325486183166504
2018-12-03 12:00:00,43.20769906044006
2018-12-03 13:00:00,42.418721318244934
2018-12-03 14:00:00,56.13858699798584
2018-12-03 15:00:00,43.368202447891235
2018-12-03 16:00:00,55.653250217437744
2018-12-03 17:00:00,53.98709774017334
2018-12-03 18:00:00,43.45649480819702
2018-12-03 19:00:00,43.91445517539978
2018-12-03 20:00:00,56.03758096694946
2018-12-03 21:00:00,47.03407883644104
2018-12-03 22:00:00,53.18077802658081
2018-12-04 07:00:00,51.67071223258972
2018-12-04 08:00:00,49.62020516395569
2018-12-04 10:00:00,47.00465500354767
2018-12-04 11:00:00,43.84559392929077
2018-12-04 12:00:00,44.20086145401001
2018-12-04 13:00:00,42.52782464027405
2018-12-04 14:00:00,60.04983186721802
2018-12-04 15:00:00,53.340065479278564
2018-12-04 16:00:00,55.05446195602417
2018-12-04 17:00:00,61.11878752708435
2018-12-04 18:00:00,57.22286105155945
2018-12-04 19:00:00,54.44551706314087
2018-12-04 20:00:00,61.520951986312866
2018-12-04 21:00:00,58.7216317653656
2018-12-04 23:00:00,57.45037794113159
2018-12-05 00:00:00,57.69147872924805
2018-12-05 07:00:00,54.5089066028595
2018-12-05 08:00:00,52.06199884414673
2018-12-05 09:00:00,49.68826472759247
2018-12-05 10:00:00,43.991655111312866
2018-12-05 11:00:00,58.25023055076599
2018-12-05 12:00:00,59.18401479721069
2018-12-05 13:00:00,54.85095977783203
2018-12-05 14:00:00,61.47106885910034
2018-12-05 15:00:00,62.86052465438843
2018-12-05 16:00:00,52.222687005996704
2018-12-05 18:00:00,57.34424591064453
2018-12-05 19:00:00,43.75431537628174
2018-12-05 20:00:00,52.00949311256409
2018-12-05 21:00:00,44.769492745399475
2018-12-05 22:00:00,46.530258655548096
2018-12-05 23:00:00,50.072067975997925
2018-12-06 00:00:00,45.97066044807434
2018-12-06 01:00:00,46.0692822933197
2018-12-06 09:00:00,48.69410991668701
2018-12-06 10:00:00,43.919169902801514
2018-12-06 11:00:00,50.26128888130188
2018-12-06 12:00:00,53.41070890426636
2018-12-06 13:00:00,44.65452432632446
2018-12-06 14:00:00,51.18072032928467
2018-12-06 15:00:00,58.657848834991455
2018-12-06 16:00:00,63.09062838554382
2018-12-06 17:00:00,44.08062696456909
2018-12-06 18:00:00,47.968971729278564
2018-12-06 19:00:00,47.17013239860535
2018-12-06 20:00:00,48.761457204818726
2018-12-06 21:00:00,48.583394289016724
2018-12-06 22:00:00,48.679184913635254
2018-12-06 23:00:00,49.12118315696716
2018-12-07 00:00:00,47.31726944446564
2018-12-07 01:00:00,46.82784378528595
2018-12-07 07:00:00,52.03068256378174
2018-12-07 08:00:00,49.56921339035034
2018-12-07 10:00:00,52.16211676597595
2018-12-07 11:00:00,50.16813278198242
2018-12-07 12:00:00,42.07150936126709
2018-12-07 13:00:00,41.36971831321716
2018-12-07 14:00:00,47.52278029918671
2018-12-07 15:00:00,52.178752422332764
2018-12-07 16:00:00,51.0450005531311
2018-12-07 17:00:00,45.07843554019928
2018-12-07 18:00:00,41.140854358673096
2018-12-07 19:00:00,59.39157009124756
2018-12-07 20:00:00,67.82501935958862
2018-12-07 21:00:00,50.326502323150635
2018-12-07 22:00:00,56.865477561950684
2018-12-07 23:00:00,60.74371337890625
2018-12-08 00:00:00,54.79038953781128
2018-12-08 01:00:00,54.37115430831909
2018-12-08 03:00:00,64.86109495162964
2018-12-08 05:00:00,47.61416018009186
2018-12-08 07:00:00,45.327261090278625
2018-12-08 08:00:00,53.807687759399414
2018-12-08 09:00:00,52.31971740722656
2018-12-08 10:00:00,51.17800831794739
2018-12-08 12:00:00,59.92276668548584
2018-12-08 13:00:00,49.040549993515015
2018-12-08 14:00:00,59.37782526016235
2018-12-08 15:00:00,46.625328063964844
2018-12-08 16:00:00,47.739893198013306
2018-12-08 17:00:00,63.879430294036865
2018-12-08 18:00:00,48.583608865737915
2018-12-08 19:00:00,55.18070459365845
2018-12-08 20:00:00,63.10676336288452
2018-12-08 21:00:00,56.98657035827637
2018-12-08 22:00:00,51.354801654815674
2018-12-08 23:00:00,58.408910036087036
2018-12-09 00:00:00,53.177082538604736
2018-12-09 01:00:00,45.531776547431946
2018-12-09 02:00:00,49.280864000320435
2018-12-09 07:00:00,44.54753398895264
2018-12-09 08:00:00,51.65494680404663
2018-12-09 10:00:00,46.325504779815674
2018-12-09 13:00:00,77.5801420211792
2018-12-09 16:00:00,90.1665985584259
2018-12-09 19:00:00,84.87053513526917
2018-12-09 22:00:00,77.6438295841217
2018-12-10 01:00:00,64.83579874038696
2018-12-10 04:00:00,57.39962458610535
2018-12-10 13:00:00,54.61271405220032
2018-12-10 16:00:00,94.6434736251831
2018-12-10 19:00:00,89.6089255809784
2018-12-10 22:00:00,66.46732091903687
2018-12-11 01:00:00,64.53114748001099
2018-12-11 04:00:00,67.83620119094849
2018-12-11 07:00:00,62.29710578918457
2018-12-11 09:00:00,70.24585008621216
2018-12-11 10:00:00,45.940953493118286
2018-12-11 11:00:00,58.78957509994507
2018-12-11 12:00:00,63.14471364021301
2018-12-11 13:00:00,61.38193607330322
2018-12-11 14:00:00,66.49839878082275
2018-12-11 15:00:00,59.99169945716858
2018-12-11 16:00:00,61.37930154800415
2018-12-11 19:00:00,70.8807110786438
2018-12-11 20:00:00,64.04586434364319
2018-12-11 21:00:00,43.70920658111572
2018-12-11 22:00:00,44.702646136283875
2018-12-11 23:00:00,56.27231001853943
2018-12-12 00:00:00,45.500123500823975
2018-12-12 01:00:00,46.58455848693848
2018-12-12 02:00:00,57.204049825668335
2018-12-12 03:00:00,49.13308620452881
2018-12-12 05:00:00,32.74465203285217
2018-12-12 06:00:00,31.416091322898865
2018-12-12 07:00:00,45.67953646183014
2018-12-12 10:00:00,58.60472917556763
2018-12-12 12:00:00,68.66424083709717
2018-12-12 13:00:00,66.23392105102539
2018-12-12 14:00:00,60.243695974349976
2018-12-12 15:00:00,60.859060287475586
2018-12-12 16:00:00,57.63522386550903
2018-12-12 17:00:00,57.13289976119995
2018-12-12 18:00:00,63.501572608947754
2018-12-13 07:00:00,55.56755065917969
2018-12-13 08:00:00,69.28814649581909
2018-12-13 09:00:00,56.98258876800537
2018-12-13 10:00:00,61.79895997047424
2018-12-13 11:00:00,62.04555630683899
2018-12-13 12:00:00,54.21382784843445
2018-12-13 13:00:00,59.64090824127197
2018-12-13 14:00:00,59.13541316986084
2018-12-13 15:00:00,63.2542610168457
2018-12-13 16:00:00,65.21390676498413
2018-12-13 17:00:00,65.33749103546143
2018-12-13 18:00:00,59.903693199157715
2018-12-13 19:00:00,61.47420406341553
2018-12-13 20:00:00,60.50758957862854
2018-12-13 21:00:00,60.171180963516235
2018-12-13 22:00:00,57.22002387046814
2018-12-14 07:00:00,58.84464979171753
2018-12-14 08:00:00,50.11890530586243
2018-12-14 09:00:00,46.4227020740509
2018-12-14 10:00:00,46.61401808261871
2018-12-14 12:00:00,49.597519636154175
2018-12-14 13:00:00,43.60944628715515
2018-12-14 14:00:00,63.04013133049011
2018-12-14 17:00:00,61.359620094299316
2018-12-14 19:00:00,53.71973514556885
2018-12-14 20:00:00,58.85277986526489
2018-12-14 21:00:00,47.33415246009827
2018-12-15 07:00:00,46.92196249961853
2018-12-15 09:00:00,49.10104274749756
2018-12-15 10:00:00,46.09151780605316
2018-12-15 11:00:00,51.419079303741455
2018-12-15 12:00:00,58.46579074859619
2018-12-15 13:00:00,62.79176473617554
2018-12-15 14:00:00,67.3483669757843
2018-12-15 15:00:00,62.89546489715576
2018-12-15 16:00:00,56.28231763839722
2018-12-16 07:00:00,55.69216012954712
2018-12-16 08:00:00,58.144164085388184
2018-12-16 09:00:00,46.607160568237305
2018-12-16 11:00:00,45.63494920730591
2018-12-16 13:00:00,56.237971782684326
2018-12-16 14:00:00,59.751975536346436
2018-12-16 15:00:00,49.563321471214294
2018-12-16 16:00:00,60.32325625419617
2018-12-16 17:00:00,59.00459289550781
2018-12-16 18:00:00,44.018566608428955
2018-12-16 19:00:00,43.34804713726044
2018-12-16 20:00:00,53.11185121536255
2018-12-16 21:00:00,45.83263397216797
2018-12-16 22:00:00,44.55361366271973
2018-12-16 23:00:00,54.93525266647339
2018-12-17 00:00:00,46.215713024139404
2018-12-17 01:00:00,46.215713024139404
2018-12-17 06:00:00,50.164198875427246
2018-12-17 07:00:00,41.66719317436218
2018-12-17 08:00:00,47.150880098342896
2018-12-17 09:00:00,44.51693296432495
2018-12-17 10:00:00,46.012502908706665
2018-12-17 11:00:00,56.1038613319397
2018-12-17 12:00:00,52.74306535720825
2018-12-17 13:00:00,53.71047854423523
2018-12-17 14:00:00,53.695499897003174
2018-12-17 15:00:00,44.61058974266052
2018-12-17 16:00:00,57.718849182128906
2018-12-17 17:00:00,67.69725680351257
2018-12-17 19:00:00,54.64347004890442
2018-12-17 20:00:00,48.950329422950745
2018-12-17 21:00:00,41.95307493209839
2018-12-17 22:00:00,46.69055938720703
2018-12-17 23:00:00,49.03981685638428
2018-12-18 00:00:00,45.72806358337402
2018-12-18 01:00:00,43.64193677902222
2018-12-18 06:00:00,46.323564648628235
2018-12-18 07:00:00,44.61942911148071
2018-12-18 09:00:00,50.05512237548828
2018-12-18 11:00:00,46.45109176635742
2018-12-18 12:00:00,60.257554054260254
2018-12-18 13:00:00,57.77682065963745
2018-12-18 14:00:00,60.867875814437866
2018-12-18 15:00:00,55.660200119018555
2018-12-18 16:00:00,60.94413995742798
2018-12-18 22:00:00,63.14578056335449
2018-12-19 07:00:00,62.844133377075195
2018-12-19 10:00:00,52.0677924156189
2018-12-19 11:00:00,50.713419914245605
2018-12-19 12:00:00,49.58539605140686
2018-12-19 13:00:00,44.62122321128845
2018-12-19 14:00:00,51.15194320678711
2018-12-19 15:00:00,45.191407203674316
2018-12-19 16:00:00,59.994375705718994
2018-12-19 17:00:00,67.61578917503357
2018-12-19 18:00:00,58.553117513656616
2018-12-19 19:00:00,58.81320238113403
2018-12-20 07:00:00,68.0220365524292
2018-12-20 08:00:00,50.6445050239563
2018-12-20 09:00:00,49.15024936199188
2018-12-20 10:00:00,57.29951858520508
2018-12-20 12:00:00,61.88780069351196
2018-12-20 13:00:00,82.60111808776855
2018-12-20 14:00:00,66.75034761428833
2018-12-20 15:00:00,63.22701573371887
2018-12-20 16:00:00,80.5347204208374
2018-12-20 17:00:00,59.1566801071167
2018-12-20 18:00:00,52.341461181640625
2018-12-20 19:00:00,61.48364543914795
2018-12-20 20:00:00,64.49660062789917
2018-12-21 07:00:00,53.61584424972534
2018-12-21 08:00:00,58.668506145477295
2018-12-21 09:00:00,57.923853397369385
2018-12-21 10:00:00,59.77224111557007
2018-12-21 11:00:00,60.50880551338196
2018-12-21 13:00:00,46.07078433036804
2018-12-21 14:00:00,58.414965867996216
2018-12-21 15:00:00,48.24360013008118
2018-12-21 17:00:00,52.97435522079468
2018-12-21 18:00:00,65.33842086791992
2018-12-21 19:00:00,51.61433219909668
2018-12-21 20:00:00,56.796544790267944
2018-12-22 09:00:00,54.10690903663635
2018-12-22 11:00:00,46.34576439857483
2018-12-22 12:00:00,52.29969024658203
2018-12-22 13:00:00,58.656227588653564
2018-12-22 14:00:00,61.80434823036194
2018-12-22 15:00:00,55.554115772247314
2018-12-22 16:00:00,54.73099946975708
2018-12-22 17:00:00,64.38478231430054
2018-12-22 18:00:00,57.033514976501465
2018-12-22 20:00:00,67.18676090240479
2018-12-22 21:00:00,54.38565015792847
2018-12-22 22:00:00,58.86744260787964
2018-12-22 23:00:00,51.61758065223694
2018-12-23 00:00:00,60.4803204536438
2018-12-23 02:00:00,59.12593603134155
2018-12-23 07:00:00,46.215713024139404
2018-12-23 11:00:00,56.42554759979248
2018-12-23 12:00:00,52.74108052253723
2018-12-23 13:00:00,61.06053590774536
2018-12-23 14:00:00,65.89127779006958
2018-12-23 15:00:00,57.059139013290405
2018-12-23 16:00:00,56.928831338882446
2018-12-23 17:00:00,59.93756055831909
2018-12-23 19:00:00,81.13575577735901
2018-12-23 20:00:00,65.14067649841309
2018-12-23 21:00:00,47.4265992641449
2018-12-23 22:00:00,47.71578311920166
2018-12-23 23:00:00,56.34111166000366
2018-12-24 00:00:00,48.15801382064819
2018-12-24 01:00:00,50.312644243240356
2018-12-24 02:00:00,55.35765886306763
2018-12-24 04:00:00,47.84259498119354
2018-12-24 05:00:00,47.52810597419739
2018-12-24 06:00:00,43.083393573760986
2018-12-24 07:00:00,44.54753398895264
2018-12-24 08:00:00,52.137601375579834
2018-12-24 10:00:00,45.64056992530823
2018-12-24 11:00:00,53.607869148254395
2018-12-24 12:00:00,43.29226315021515
2018-12-24 13:00:00,43.185120820999146
2018-12-24 14:00:00,60.43267846107483
2018-12-24 15:00:00,52.36201882362366
2018-12-24 16:00:00,54.35752868652344
2018-12-24 17:00:00,64.4532322883606
2018-12-24 18:00:00,56.43167495727539
2018-12-24 19:00:00,44.02759075164795
2018-12-25 02:00:00,56.208133697509766
2018-12-25 07:00:00,42.953574657440186
2018-12-25 09:00:00,52.46334671974182
2018-12-25 10:00:00,43.86858940124512
2018-12-25 11:00:00,64.17862176895142
2018-12-25 12:00:00,56.596386432647705
2018-12-26 09:00:00,59.68637466430664
2018-12-26 12:00:00,48.44820499420166
2018-12-26 13:00:00,44.22921538352966
2018-12-26 14:00:00,54.12421226501465
2018-12-26 15:00:00,56.18466138839722
2018-12-26 16:00:00,56.17176294326782
2018-12-26 19:00:00,64.74670171737671
2018-12-27 00:00:00,42.52406656742096
2018-12-27 01:00:00,43.959057331085205
2018-12-27 09:00:00,52.04786658287048
2018-12-27 11:00:00,53.576427698135376
2018-12-27 12:00:00,41.87576174736023
2018-12-27 13:00:00,44.001710414886475
2018-12-27 14:00:00,50.510215759277344
2018-12-27 16:00:00,43.05202066898346
2018-12-27 17:00:00,51.298987865448
2018-12-27 18:00:00,58.899831771850586
2018-12-27 20:00:00,62.00517416000366
2018-12-28 06:00:00,63.35638165473938
2018-12-28 09:00:00,41.603684425354004
2018-12-28 10:00:00,43.272143602371216
2018-12-28 11:00:00,52.616822719573975
2018-12-28 12:00:00,52.91803479194641
2018-12-28 13:00:00,42.17422008514404
2018-12-28 14:00:00,52.26645469665527
2018-12-28 15:00:00,42.40161180496216
2018-12-28 16:00:00,43.01794171333313
2018-12-28 17:00:00,61.82115077972412
2018-12-28 18:00:00,41.49676859378815
2018-12-28 19:00:00,43.68616044521332
2018-12-28 20:00:00,49.76801872253418
2018-12-28 21:00:00,42.88528561592102
2018-12-28 22:00:00,44.207775592803955
2018-12-28 23:00:00,50.75770020484924
2018-12-29 00:00:00,44.759511947631836
2018-12-29 01:00:00,43.76459717750549
2018-12-29 02:00:00,47.68458306789398
2018-12-29 07:00:00,46.28165662288666
2018-12-29 09:00:00,51.01826786994934
2018-12-29 10:00:00,46.473658084869385
2018-12-29 12:00:00,50.88194012641907
2018-12-29 13:00:00,47.15576767921448
2018-12-29 14:00:00,59.58588123321533
2018-12-29 15:00:00,58.96521806716919
2018-12-29 16:00:00,60.7824444770813
2018-12-29 17:00:00,63.60660195350647
2018-12-29 18:00:00,61.28019094467163
2018-12-29 19:00:00,53.56237292289734
2018-12-29 20:00:00,60.492849349975586
2018-12-29 21:00:00,54.694825410842896
2018-12-29 22:00:00,54.454219341278076
2018-12-29 23:00:00,57.36128091812134
2018-12-30 00:00:00,50.10378360748291
2018-12-30 01:00:00,46.47634029388428
2018-12-30 02:00:00,50.44076442718506
2018-12-30 03:00:00,44.85582709312439
2018-12-30 04:00:00,44.94868516921997
2018-12-30 05:00:00,47.380250692367554
2018-12-30 06:00:00,43.15532445907593
2018-12-30 07:00:00,43.43183636665344
2018-12-30 08:00:00,52.19230651855469
2018-12-30 09:00:00,48.72857630252838
2018-12-30 10:00:00,49.81294274330139
2018-12-30 11:00:00,56.88967704772949
2018-12-30 12:00:00,50.97329616546631
2018-12-30 13:00:00,60.50007343292236
2018-12-30 14:00:00,63.42872381210327
2018-12-30 15:00:00,57.62190818786621
2018-12-30 16:00:00,56.97866678237915
2018-12-30 17:00:00,56.35560154914856
2018-12-30 18:00:00,48.5504686832428
2018-12-30 19:00:00,46.94567024707794
2018-12-30 20:00:00,52.275705337524414
2018-12-30 22:00:00,47.14881777763367
2018-12-30 23:00:00,48.15636873245239
2018-12-31 00:00:00,44.46388483047485
2018-12-31 07:00:00,43.26346516609192
2018-12-31 08:00:00,51.897406578063965
2018-12-31 09:00:00,51.109033823013306
2018-12-31 10:00:00,50.14960169792175
2018-12-31 11:00:00,54.98746037483215
2018-12-31 12:00:00,49.958789348602295
2018-12-31 13:00:00,52.667057514190674
2018-12-31 14:00:00,55.07596731185913
2018-12-31 15:00:00,63.33692669868469
2018-12-31 16:00:00,56.02889060974121
2018-12-31 17:00:00,63.44144344329834
2018-12-31 18:00:00,52.89738178253174
2018-12-31 19:00:00,53.778791427612305
2018-12-31 20:00:00,59.95544195175171
2018-12-31 21:00:00,52.45383381843567
2018-12-31 22:00:00,49.74828362464905
2018-12-31 23:00:00,52.46058106422424
