Temperature,Relative_Humidity,Condition
29.1,73.8,5
28,78.65,5
25.3,87.89,2
29.4,71.41,2
27.8,80.54,5
28.3,78.94,5
26.8,84.49,5
24.6,91.4,4
27,83.24,5
24.9,88.1,4
26.1,86.76,5
25.5,87.69,5
27.5,74.96,5
29.1,71.38,2
27.5,79.24,5
28,77.78,5
26.5,83.85,5
25.6,90.38,5
25.4,85.54,5
26.9,80.42,5
27.5,77.93,5
27.4,75.57,2
27.1,79.66,5
26.1,82.58,5
27.1,82.12,5
26.2,84.15,5
26.6,80.71,5
26.7,82.86,5
26.9,84.89,2
25.4,85.84,5
26.5,81.2,5
26,84.12,5
26.6,80.71,2
27.2,78.77,2
27,77.87,5
27.5,77.81,5
26.9,81.75,5
25.7,86.44,5
25.5,88.13,5
25.4,86.45,5
26.6,80.36,2
27.9,74.76,5
28.4,75.49,5
27.6,80.53,5
26.9,83.38,5
26.7,84,5
27.4,81.01,5
27.4,82.38,5
26.6,84.38,5
28.2,73.93,5
27.6,76.99,2
28,77.47,2
27.7,80.95,5
27.2,80.01,5
27.3,80.77,5
26.3,84.53,5
25.5,87.13,5
27.7,78.49,5
27,81.08,5
27.6,78.28,5
28.3,75.23,5
26.4,82.83,5
25.6,85.4,2
26.1,86.15,2
27,80.59,5
26.9,81.7,2
26.4,83.6,5
27.2,78.32,5
27.4,79.54,2
27.8,78.21,2
27.7,81.45,5
27,84.55,5
26.5,82.57,5
27.8,74.47,5
27.7,72.03,5
29.2,69.76,2
28.6,72.22,2
27.3,78.46,5
27.8,80.37,5
28.4,76.05,2
27.3,79.73,5
27,82.27,5
27.4,80.4,0
27.6,83.05,2
27.3,79.47,5
27.9,76.95,5
26,86.02,5
26.2,84.14,5
27.1,82.09,5
28.3,76.8,2
28.9,75.49,5
27.4,83.11,5
28.9,76.47,5
28.4,76.77,5
26.5,84.69,5
28,77.59,2
27.6,82.37,5
27.7,81.64,5
27.8,82.34,5
28,81.3,5
28.5,78.93,5
26.8,83.8,5
26.9,85.77,5
28,80.72,2
27.2,82.9,5
26.9,84.03,5
27.2,82.7,5
27.8,79.22,5
28.1,77.24,2
28,79.4,5
28.2,77.08,2
27.5,79.97,2
26.8,83.45,5
28.7,79.22,2
26.3,88.03,5
27.7,81.19,5
26.1,87.59,5
28.5,76.25,2
28.6,77.96,2
29.1,71.52,2
28,76.62,5
27.2,80.12,5
25.7,85.69,2
26.9,81.51,5
27.3,81.18,5
28.6,73.14,5
28.3,74.5,5
28.3,71,5
28.2,73.88,2
28.8,71.84,2
28.2,72.88,0
28.5,72.26,5
29.2,71.33,5
27.9,80.62,5
28.2,77.89,5
29.1,80.02,5
28.7,77.93,5
28.9,76.86,5
28.7,75.72,5
27.7,82.01,5
25.8,88.91,5
27.9,81.75,2
27.7,82.42,5
28.3,79.89,5
29.3,74.5,5
28.9,74.14,5
29.2,75.96,2
28.7,72.79,5
27.6,80.95,5
28.9,76.6,2
29.4,70.04,5
29.3,64.92,2
26.1,77.76,2
29.2,69.19,5
26.7,81.72,5
27.6,83.02,5
28.5,77.87,2
28.4,76.75,2
27.9,76.36,5
28.1,69.87,2
27.4,70.31,0
27,74.12,5
27.2,74,2
27.3,74.49,5
26.2,79.68,5
26.8,70.62,5
28.4,65.46,2
27.4,69.36,5
27.3,76.64,5
28.8,68.87,5
26,81.11,5
28.1,72.18,5
28.5,69.8,2
27.4,75.1,5
28,72.04,0
27,68.69,2
27.7,63.74,5
27,66.71,3
25.1,73.61,5
26.7,69.07,0
27,70.94,5
27.4,66.97,3
25.6,78.41,0
27.9,69.99,2
28,67.44,5
28.1,70.19,3
28.2,70.86,0
28.8,64.5,0
27.9,70.75,0
29,67.56,0
27.6,68.53,0
27.5,63.38,0
27.4,65,0
28.1,68.91,2
28.7,66.25,2
27.8,67.38,0
26.9,66.34,0
27.8,66.73,5
27.8,69.57,5
28.7,65.38,0
27.9,69.52,5
28,69.47,5
25.9,70.81,5
27.6,57.74,0
27.3,61.71,0
27.2,67.63,0
27.4,70.9,0
28.7,66.88,0
27.1,71.91,5
28.3,70.73,2
28.2,72.47,5
28.4,68.86,0
27,72.78,5
27.7,70.24,5
27.1,68.69,2
27.9,69.24,2
27.6,65.56,0
27.9,64.58,0
27.2,70.5,2
27.9,72.16,0
27.5,67.32,2
27.7,69.02,0
27.9,67.28,0
27.1,66.43,0
27.9,60.78,5
28.2,69.85,0
27.8,61.9,0
28.2,63.67,2
27,68.74,2
27.6,64.13,2
26.2,68.68,5
26.9,66.16,2
25.5,67.04,5
27.2,62.88,3
26.8,57.56,2
27.2,68.07,2
26.9,71.8,5
28.6,69.2,2
28.4,66.57,3
28.8,69.77,2
29.3,64.15,0
28.1,69.89,0
28.2,64.32,5
29.4,64.52,2
29.1,64.9,2
29.3,68.44,2
29,66.33,2
28.3,66.84,0
28.4,69.36,0
29.3,62.66,0
28.6,66.62,0
29.5,58.66,0
29.3,60.05,0
27.4,66.46,0
28.9,60.05,0
28.9,66.41,0
28.9,69.22,2
28.5,65.28,0
28.4,61.21,0
27.4,72.19,2
28.5,68.2,0
29.6,63.47,2
29.4,67.75,2
30,62.36,2
29,70.91,0
29.5,60.79,0
28.7,67.36,0
29.5,65.63,2
30.5,59.41,2
29.1,67.45,2
29.6,63.15,0
29.6,62.63,0
29,66.08,0
27.8,69.66,2
29,63.16,0
29.5,66.14,2
30.1,62.97,2
29.6,65.08,2
28.3,72.99,2
29.4,64.63,5
29.4,65.49,5
28.5,67.57,2
29.1,62.9,2
30.4,60.46,2
30.2,62.23,2
29.6,66.02,5
29.6,68.76,2
27.9,77.31,5
28.9,72.14,5
28.4,75.21,5
28.7,73.51,2
28.5,74.88,2
26.4,84.88,5
29.7,68.54,2
28.6,69.66,2
29,66.42,2
28.5,68.06,2
28.4,70.49,2
28.7,69.39,2
27.7,78.71,5
29.4,69.7,5
26.9,85.53,5
28.2,77.93,5
27.7,81.25,5
28,77.85,5
28.2,76.43,5
28.4,78.76,5
27.6,80.51,5
28.7,75.79,2
29.4,72.57,2
28.1,77.4,5
28.9,73.24,2
29.3,76.55,5
27.5,80.25,5
28.5,78.28,2
26.7,85.12,5
28.5,76.45,5
27.6,80.89,5
28.5,79.33,5
27.6,82.21,5
28.8,76.43,5
29,74.13,5
28.1,81.22,5
27.3,83.17,5
26.9,82.93,5
27.2,83.66,5
27.8,80.87,2
28.5,74.04,2
27.3,79.51,5
28.7,78.7,2
28.4,75.62,4
25.9,86.66,5
26.9,81.37,5
27.5,79.99,5
26.6,79.14,2
28.9,70.78,2
29.9,59.65,2
28.1,64.69,2
28.2,63.32,0
30.6,56.09,2
28.3,63.52,0
30.5,57.63,2
30.1,63.46,2
28.8,70.71,2
27.5,80.14,2
27,84.52,5
27.8,81.17,5
26.3,87.63,5
25.8,86.18,5
26.9,82.76,2
27,84.79,5
27.2,82.04,5
26.7,83.81,5
28.6,75.98,5
28.7,78.56,5
28.2,81.03,5
28.1,79.86,5
28,77.84,2
26.3,78.91,5
29.6,67.73,2
30.3,62.75,2
29.1,69.18,5
29.5,71.56,2
28.5,75.57,2
28.9,72.74,2
29.1,69.49,2
29.9,67.91,2
28.7,72.77,5
27.9,77.55,5
28.2,76.75,5
26.7,83.19,5
26,87.28,5
26.2,86.31,5
25,90.13,5
25.5,86.77,5
27,78.26,5
25.5,81.45,5
27.8,75.36,5
28.4,72.24,2
27.8,76.09,2
26.9,82.36,5
26.6,80.17,5
27.3,78.53,1
27.6,81.25,5
26.6,85.72,5
26.9,85.33,5
26,89,5
26.3,86.61,5
26.6,84.3,5
28.8,74.48,2
28.4,83.5,5
28.3,82.72,2
28.4,81.54,2
28.1,78.21,5
27.1,86.05,5
27.6,82.55,5
28,80.78,5
25.5,89.81,5
25.7,90.93,5
26.5,83.26,5
25.2,84.17,4
26.9,79.02,5
26.5,84.53,5
27.6,77.89,5
25.9,84.26,5
27.2,77.01,5
26.6,81.09,5
26.8,81.44,4
27.7,74.07,5
27.7,73.16,5
28.5,73,5
27.9,73.85,5
28.6,67.99,5
28.7,71.09,2
27.8,76.8,5
27.3,75.55,5
26.6,80.16,5
27.5,73.05,5
27.3,76.46,2
27.9,75.43,2
27.1,74.63,2
26.3,84.08,5
28.4,74.08,2
27.3,82.29,5
24.7,89.47,5
27.4,81.83,5
27,82.3,5
27,84.24,5
28.6,73.89,5
25.1,88.55,5
27.3,80.72,5
27.2,79.88,5
27.6,78.15,2
27,81.72,5
27,81.26,5
25.1,90.34,5
26.3,83.91,5
27.7,77.36,2
27.2,74.97,5
26.3,82.32,5
27.2,80.26,5
27.3,82.75,5
26.5,82.13,5
26.3,83.49,5
27.7,76.09,5
28.3,73.97,5
28.1,71.99,5
28.3,79.19,5
26.7,86.91,5
26.8,86.08,5
25.9,85.88,5
27.5,79.07,5
26.7,84.58,2
27.3,83.23,5
26.3,87.01,5
26.6,86.71,5
26.6,83.33,5
27.1,83.29,2
28,80.41,2
27,84.04,5
27.1,81.18,5
27.9,81.4,5
27.9,81.22,5
27.4,83.41,5
27.6,83.02,2
27.5,81.63,5
28.2,78.45,5
27.6,81.76,5
26.4,86.03,5
27.2,83,5
26.9,83.93,5
27.3,81.6,5
26.1,85.87,5
27.6,74.63,5
26.9,74.19,2
27.7,70.55,5
28.5,69.12,0
29,67.95,2
28.7,74.32,5
28.2,81.34,5
28.4,80.82,5
28.7,75.9,5
28.3,74.98,2
27.6,74.25,2
28.6,65.23,0
29.1,75,2
28.4,79.68,5
27.6,81.57,5
28.6,79.13,5
29.6,72.92,5
28.9,73.37,2
29,71.22,2
28.9,70.73,2
28.6,70.4,0
28.8,73.15,5
27.5,72.37,2
27.3,68.87,2
27.8,68.34,2
26.7,72.88,2
29,66.13,2
29,68.82,0
27.7,74.43,0
27.9,73.33,0
28.8,75.18,2
27.5,82.17,5
27.6,80.65,5
29,70.63,5
30.1,66.39,0
29.4,66.41,0
29.4,64.82,0
26.8,73.91,0
28.6,71.4,0
29.5,74.57,2
28.2,75.95,2
29.9,69.1,2
29.5,72.93,2
29.7,71.74,2
28.6,77.16,2
29,76.98,2
28.9,73.61,5
26.8,80.16,5
27.9,76.75,2
28.5,75.57,0
28.7,72.71,5
28.5,73.99,0
26,88.67,2
25,91.19,2
28.5,78.16,2
26.3,85.78,5
28.7,76.02,5
28.2,78.02,5
28.1,77.94,5
28.8,70.64,0
28.1,68.12,0
27.1,68.19,0
27.5,64.02,0
26.9,69.82,2
27.4,71.04,2
27.7,75.04,5
27.1,78.01,5
28.4,73.51,2
27.1,77.03,0
27.4,68.97,2
26.4,73.88,0
27.5,72.34,0
27.2,72.59,2
27.4,73.47,5
27.1,61.98,0
25.8,66.2,2
25.7,63.24,0
24.5,64.65,0
26,58.63,0
28.3,61.7,0
26.5,73.59,2
25.8,78.35,2
28.1,72.35,2
29.1,71.63,2
27.9,75.85,2
27,78.61,5
25,92.27,5
26.9,77.44,2
28.4,73.65,2
27.5,75.87,5
28,75.14,5
27.2,75.97,2
27.3,75.6,5
26.1,82.24,5
28.1,73.59,2
28.1,75.45,5
27.8,74.51,2
27.8,72.24,2
28.2,67.36,2
28,68.36,0
28.2,64.83,2
28.1,70.03,0
27.2,73.83,0
27.4,69.45,0
26.1,70.94,0
26.6,67.45,0
26.9,66.52,0
26.3,66.64,2
25,68.86,0
25,66.66,0
26.7,62.8,0
26.6,69.22,0
26.7,72.04,0
27.8,69.83,2
27.7,72.88,0
27.1,73.44,0
27.3,68.5,2
26.2,65.64,2
28,65.1,0
27.4,69.59,0
27.5,70.91,2
26.4,63.41,2
27,59.7,2
26.3,68.7,0
27.7,67.05,2
27.4,65.92,0
26.8,69.49,0
28.3,65.42,2
26.5,69.01,2
26.6,66.44,0
27.4,66.5,2
26.1,72.39,0
26.8,64.51,0
26.8,72.41,0
28.5,71.88,2
28.2,74.13,2
27.9,66.91,2
28.3,70.51,0
27.2,74.09,2
28.2,71.17,2
28.3,70.64,2
28,65.78,0
28.7,68.01,0
27.5,69.64,3
28.1,71.58,0
28.4,64.48,0
27.3,70.33,0
28,69.45,2
28.1,66.66,3
28.6,67.22,0
28.1,67.86,0
30.4,58.7,0
30,65.04,0
28.4,72.57,0
28.2,66.24,2
28.1,70.91,2
28.4,65.76,2
28.5,69.41,0
29.6,62.95,0
29.9,60.45,0
27.7,73.4,0
28.7,68.44,2
29.3,66.38,0
29.5,63.78,3
28.5,68.41,2
28.6,64.53,5
28.6,69.79,2
28.7,69.95,5
28.4,71.86,2
29,68.68,5
28.9,68.35,2
29.5,61.71,3
29.5,66.26,2
27.4,75.59,5
26.2,81.61,5
26.5,80.01,5
27.9,71.5,5
28.7,63.99,2
26.7,74.2,5
28.7,73.14,2
28.6,76.42,5
29,71.14,5
29.9,64.92,0
29.3,70.26,5
28.7,73.98,2
27.8,74.31,2
27.8,77.53,5
28.3,77.45,5
26.5,84.22,5
28.5,72.93,5
27.1,83.92,5
27.9,78.88,5
30.6,66.39,5
30.3,64.12,5
30.3,63.96,2
29.4,65.98,2
27.3,74.31,5
28,75.64,2
28.6,73.54,2
29.2,72.3,5
29.8,69.61,2
29.9,69.99,2
29.7,68.71,5
28.7,75.4,5
28.7,75.28,5
30.7,66.2,2
29.5,69.27,2
29.8,69.43,2
29.3,67.91,2
30.2,64.17,2
27.9,81.15,5
26.5,87.08,5
27.2,79.28,5
26.2,85.26,5
26.6,86.96,5
27.2,82.98,5
28.2,79.06,5
29.5,74.65,2
28.7,77.1,2
29.4,74.36,5
27.7,80.85,5
27.7,79.18,2
27.3,78.35,2
28.5,75.24,5
27.5,78.38,5
26.8,81.49,5
26.2,84.54,5
25.6,88.89,5
26.1,81.99,5
27.4,76.16,5
28.2,74.36,5
28.3,70.62,2
28,71.12,5
27.6,72.34,2
26.3,75.94,5
27.6,70.27,2
28.3,71.04,5
28.1,70.64,2
27.4,79.64,5
27,82.03,5
26.4,83.03,2
27.6,81.95,5
26.7,86.87,5
26,85.47,5
26.6,82.06,5
26.7,84.18,5
27.3,80.12,5
27.3,78.55,5
28.3,75.19,5
27.5,79.26,2
28.7,74.33,5
27.8,78.64,5
27.7,76.76,2
27.4,79.51,5
27.1,82.81,5
27.4,81.44,5
28.2,77.22,5
27.3,81.77,5
25.2,89.1,5
25.5,86.41,5
28.1,76.63,5
27.7,79,5
26.5,84.69,5
27.7,80.24,5
26.9,80.76,5
28,75.37,2
27.5,80.5,5
29.3,70.51,5
27.2,79.18,2
28.8,73.23,2
28.3,76.77,5
27,82.72,5
26.8,84.86,5
27.7,81.87,5
27.6,82.31,2
27.9,84.18,5
27.3,82.44,5
28.6,77.77,5
26.3,84.21,5
26.5,82.7,5
26.5,84.59,5
27.2,82.44,5
26.2,90.91,5
25.9,90.13,5
26.7,85.14,5
27,84.19,5
26.2,84.3,5
24.4,90.33,5
27,76.13,5
26.8,82.79,5
26.9,81.47,2
27,83.61,5
26.6,82.47,5
26.3,83.85,5
26,83.9,5
27.4,72.92,5
26.1,81.73,5
26.1,83.83,5
25.4,87.99,4
27.4,78.69,5
28,73.19,5
26.8,79.21,5
26,83.43,5
26.9,80.12,5
25.7,88.98,2
28.2,76.47,2
27.4,79.43,5
29,71.27,2
27.5,78.3,5
27.8,76.9,5
25.6,83.59,5
27.7,77.86,5
27.2,81.39,5
26.7,85.17,5
26.8,81.05,5
28.3,78.53,2
28.3,79.27,5
27.5,81.19,5
26.9,80.99,2
28.7,75.09,2
29.2,69.89,5
27.8,77.36,5
26.7,84.29,5
26.8,86.13,2
26.1,89.94,5
26.9,82.01,5
25.8,89.01,5
26.2,84.88,5
27.8,79.82,5
28.9,74.94,2
29.3,74.43,2
28.2,79.09,5
28.3,78.58,2
27.2,80.55,5
27.6,81.75,5
27.7,81.2,5
27.5,80.1,5
27.7,75.74,2
28.9,76.23,2
29.3,74.79,5
29.2,73.15,2
28.5,78.29,5
28.2,82.64,5
26.7,84.28,5
27.3,83.04,5
27.5,82.32,5
27,85.99,5
27.1,85.81,5
28,76.36,5
27.4,80.52,5
27.5,79.62,5
26.2,82.34,5
28,80.38,5
28.7,74.42,5
30.1,67.5,2
29.5,67.37,5
28.2,74.52,2
27.5,80.23,5
27.9,81.71,2
27.9,83.56,2
27.2,80.22,5
29.2,75.18,2
28.7,75.12,5
27.4,80.9,5
26.4,85.71,5
28.1,79.86,2
27.5,79.45,5
26.9,83.26,5
27.8,77.84,5
28,79.93,5
28.9,73.94,2
29.3,73.2,5
29.4,72.04,5
28.4,74.41,2
29.5,68.83,2
28.7,73.22,2
29.1,68.26,2
29.5,68.35,2
29,70.74,0
29.3,72.73,2
29.1,74.43,5
29.4,74.04,2
29.8,74.31,2
29.4,73.51,5
28.8,76.4,2
29,75.67,5
29.2,74.02,2
26.4,86.68,5
27.6,81.97,5
29.1,78.54,2
29.1,76.19,2
28.7,74.54,2
28.2,74.24,2
28.8,70.62,2
28.7,67.38,2
28.4,72.4,3
26.5,73.31,0
27.8,67.44,5
27,72.75,0
27.3,70.56,2
28.1,69.15,2
28.4,66.79,5
27.1,71,0
29.2,69.76,2
29.2,69.91,2
28.2,70.54,2
27.9,72.08,5
28.7,71.42,5
28.3,73.05,2
28.7,71.81,5
29,71.5,0
28.7,76.13,2
29.2,70.84,2
28.4,73.27,2
28.7,72.22,2
29,70.78,0
27.8,70.98,2
28.3,67.39,0
28.3,68.12,0
28.7,65.99,0
28.2,70.06,0
27.9,71.47,2
28.7,66.99,2
26.7,73.43,0
28,70.09,2
28,69.13,0
27.6,61.05,2
29.1,65.58,2
29.1,66.12,2
27.1,72.15,0
27.1,63.29,0
27.1,68.68,0
26.8,71.75,0
27.1,69.46,2
27.7,69.31,2
26.4,66.44,2
26.1,63.17,2
27,62.19,0
26.6,70.2,2
25.7,71.34,0
27,69.09,0
26.6,65.35,0
26.4,65.01,0
25.9,73.03,0
26.1,72.85,0
27.3,70.28,2
26.5,73.25,2
27.2,69.47,2
27.9,67.93,0
26.8,70.06,2
27.6,69.62,0
26.2,71.22,2
27.2,70.39,2
25.7,74.59,2
27.2,72.47,0
27.3,72.3,2
27.5,69.55,2
27.4,71.78,2
26.8,70.9,2
25.8,67.43,2
26.2,73.44,2
27.3,71.14,2
27.9,71.03,2
26.7,67.34,2
27.4,62.62,2
25.5,70.44,0
27.4,67.29,0
27.1,72.07,5
27.2,72.14,2
27.8,72.19,2
27.9,73.49,2
27.9,64.83,2
26.6,65.14,0
27.8,60.4,0
25.4,63.65,0
26.1,64.7,0
27.4,68.48,0
27.7,70.97,2
27.2,70.7,2
26.6,69.12,2
26.7,65.46,2
25.4,64.14,0
25.6,64.16,0
26.1,56.85,2
26,61.21,2
26.4,63.38,2
25.8,67.62,0
26.1,65.41,0
25.6,68.63,2
26.4,65.59,2
25.5,69.73,0
26.7,67.62,2
27.3,66.67,0
26.8,71.92,2
27.2,64.71,2
25.9,66.73,2
25.3,62.49,0
27.3,57.11,0
25.9,60.1,0
25.5,65.13,0
26.3,60.2,2
27.1,64.39,2
25.7,71.15,2
26.1,69.51,2
26,72.19,2
27.5,62.34,2
27.5,58.87,0
25.9,61.91,0
26,59.24,2
25.3,60.57,0
25.1,64.29,0
26.7,64.61,0
27.3,63.61,0
27.6,67.19,0
27.7,64.58,0
26.5,68.22,2
25.2,74.93,2
26.2,68.53,2
28.1,64.79,2
27.4,66.38,2
28.4,57.67,2
28.3,63.68,0
27.2,66.14,2
26.7,68.25,2
27.1,69.87,2
27.5,66.16,2
28.1,64.44,0
27.9,65.42,0
26.7,70.96,2
27,67.99,2
26.5,69.11,2
27.5,64.2,2
26.3,68.01,2
28.8,62.68,2
29.7,60.3,0
28.4,65.6,2
28.3,65.64,2
27.2,66.68,0
28.1,62.45,0
28.8,62.65,0
27.9,62.87,0
28.9,62.94,0
29.2,60.83,0
28.1,67.74,0
26.8,70.97,0
29.4,61.46,0
30.5,54.67,0
29.3,63.22,2
30.2,53.04,0
29.3,57.32,0
28.5,64.82,0
28.5,60.49,0
30.2,64.95,2
30.1,60.75,2
28.2,70.39,2
29.9,62.86,0
24.4,84.44,0
31.1,61.04,2
29.1,67.88,0
30.4,62.67,0
29.8,60.67,2
30.6,61.92,2
29.6,66.66,2
30.1,66,0
29.7,67.79,2
30.3,63.55,2
30.5,57.38,2
30.7,64.23,2
31.1,61.95,2
30.5,65.92,2
30,69.3,0
31.1,64.11,2
31.3,60.97,2
31.4,57.6,2
30.8,63.84,2
29.7,65.41,5
30.2,67.64,2
28.5,72.05,5
30.3,66.87,5
29.7,67.46,2
30,67.05,2
29.3,71.65,5
29.4,69.85,2
29.8,69.23,5
30.7,64.87,5
29.1,73.82,2
30,71.59,2
27.8,77.97,5
28,74.87,2
28.4,74.01,5
28.9,71.23,5
29.1,69.57,5
28.3,72.24,2
28.8,70.05,5
28.1,77.93,5
29.1,73.24,5
29,75.07,5
27.8,81.04,2
30.4,68.03,2
29.9,70.6,2
29.6,70.49,2
30.1,70.01,5
30.7,67.16,2
29.1,74.41,5
26.3,87.13,5
28.4,74.44,5
30.9,65.25,2
30,68.44,5
30.1,70.9,2
29.9,67.63,5
30.8,66.85,2
29.9,70.66,2
31.6,65.76,2
30.1,73.45,5
30,72.94,5
28.2,79.35,5
26.8,88.15,5
27.1,85.09,5
28.2,80.03,5
28.1,77.87,5
26.4,86.49,5
26.9,84.96,5
27.5,81.86,5
26.2,86.06,5
25.9,86.44,2
27.6,79.13,5
26.4,84.95,5
27.5,80.18,5
27.6,79.09,2
28.8,72.22,2
28.4,77.81,2
28.3,73.62,5
29.8,68.58,5
29.2,69.54,5
27.2,80.63,5
28.4,73.37,5
28.7,72.35,2
29.4,67.76,2
29.7,68.43,2
29.5,73.42,2
28.3,78.4,5
28,78.65,5
28.9,76.68,2
28.3,77.12,2
28.5,74.09,5
27.7,76.43,5
27.3,78.25,2
27.9,81.49,5
28.7,77.35,5
27.6,83.58,5
27.3,83.87,5
27.7,83.1,5
26.8,84.22,5
27.3,81.59,5
27.4,82.52,5
28.4,77.73,5
27,83.67,5
27,83.43,5
26.4,82.73,5
26.9,84.34,5
28.3,74.87,5
27.8,79.21,5
27.4,80.18,5
27.4,82.43,5
27.7,83.5,5
28.9,77.88,5
27.1,84.27,5
26.7,83.13,5
26.9,83.01,5
26.3,87.71,5
27.7,81.02,5
25.6,86.19,5
27.4,80.61,5
27.6,76.81,5
28.2,75.34,5
28.2,75.71,5
28.4,78.94,5
28.8,74.73,5
27.6,81.09,5
28.7,75.85,2
27.4,78.75,5
27.8,77.81,5
28.2,76.13,2
27,80.39,5
26,85.83,5
27.2,81,5
27.3,82.23,5
27.8,81.92,5
28.1,82.68,5
26.9,82.72,5
26.6,82.81,5
25.3,86.76,5
27.9,74.95,5
28.8,74.5,2
27,80.44,5
28.2,74.59,2
26.8,79.36,4
25.4,82.57,2
27.4,78.63,2
28.4,76.72,2
27.2,78.48,5
28.8,73.91,2
27.8,79.56,5
28.5,75.33,5
27.9,78.1,5
28.9,74.01,5
29.2,72.58,5
29.2,69.97,2
28.9,71.64,5
29,74.36,5
29.3,73.11,5
29.3,73.75,5
28.3,77.97,2
29.5,71.35,5
28.6,77.55,5
28.3,78.21,5
30.2,69.56,5
29.2,72.05,2
27.3,80.75,5
28.2,78.64,5
28,79.83,5
29.2,75.69,2
28.8,75.22,5
29.3,74.6,2
29.3,71.25,2
29.4,71.18,5
30.7,64.15,2
29.5,72.51,2
30.6,69.25,2
30,69.25,2
28.8,74.46,5
29.3,69.16,2
29.2,69.52,5
28.6,69.91,2
29.7,71.43,2
29,74.1,5
28.4,74.48,2
28.1,78.4,5
29.6,69.07,5
28.6,71.69,5
28.9,71.2,5
29.1,72.33,2
29,75.13,5
27.3,82.54,4
28.5,75.33,5
29.2,69.83,2
29.3,74.25,2
26.9,84.43,5
27.8,82.26,5
28.8,78.95,5
27.6,86.01,5
27.4,82.96,5
27.9,80.96,5
27.4,82.26,5
27.5,81.47,5
28.6,78.97,2
28.7,77.82,2
28.3,77.68,5
28.3,71.54,2
27.8,68.59,2
27.1,70.3,0
28.8,70.09,2
27.8,71.38,2
28.4,63.57,2
27.7,69.63,2
28.7,72.06,2
27.5,83.18,5
28.8,73.3,2
28.1,71.75,0
27.1,72.64,2
28.2,63.41,2
27.4,73.66,2
27.5,76.26,5
28.3,67.17,2
28.2,68.69,2
28,72.25,5
28.9,73.1,2
28.6,75.05,2
28.7,72.69,2
28.4,68.63,2
28.9,68.49,2
28.3,67.71,2
27.8,58.77,0
27.1,69.5,0
26.6,72.94,0
27.8,74.88,5
28.4,69.21,5
26,71.4,0
26.4,70.97,0
27.3,72.86,0
27.8,72.79,0
28.2,75.33,5
27.9,77.81,5
28.1,74.75,2
27.4,77.01,2
27.8,77.38,2
28.6,71.01,0
28.2,73.22,0
26.3,75.7,0
26.2,76.34,2
27.2,72.24,2
27,65.71,0
25.6,75.04,2
25.2,73.02,2
26.9,68.92,0
25.5,69.71,0
26.7,66,0
26.4,70.04,2
26.5,70.23,2
26.4,69.17,0
26.7,68.52,0
27.6,67.74,2
26.9,65.47,0
26.7,65.28,0
27.7,69.26,2
28.4,67.01,2
26.6,66.72,0
25.6,69.88,0
27.1,64.58,0
27.3,65,0
26.6,64.27,0
26.1,61.29,2
25.8,66.25,0
25.6,69.44,2
27.3,65.76,0
27.7,64.38,0
26.8,68.78,2
27.3,70.48,2
27.8,72.12,2
27.1,73.84,2
27,71.8,2
28,65.66,0
27.2,67.56,2
24.5,71.9,0
26.1,65.74,0
27,66.78,0
26,67.93,2
26.1,62.45,2
25.8,60.78,0
26.5,67.03,0
26.5,68.86,0
26.7,71.11,2
27.3,70.07,2
26.5,69.36,0
27.1,63.87,0
26.4,67.51,2
25.9,63.1,2
23.8,72.03,0
25.6,66.4,0
25.8,71.01,2
27,70.72,2
28.2,64.95,0
27.7,69.47,2
27.9,67.43,2
27.1,69.79,2
28.7,64.53,2
28,63.91,0
27.9,63.54,2
26.9,63.28,2
26.4,63.64,2
26.3,67.75,0
27.2,67.98,0
27.6,67.16,0
27.1,73.98,2
28,65.53,2
27.5,68.17,2
26.1,68.84,2
27.7,64.94,0
27.7,68.59,0
28,70.82,2
29.2,62.23,2
25.5,63.81,5
26.5,54.4,0
26.5,54.99,0
26.9,57.89,0
28,60.34,0
27.8,65.94,0
28.4,67.62,5
28.8,65.77,2
28.7,65.23,2
29.2,60.13,0
28.5,64.16,2
28.9,61.24,2
28.6,63.16,2
29.1,62.05,2
28.6,66.09,2
27.8,69.69,0
28.7,62.18,0
23.2,84.99,0
28.9,62.55,0
27.7,68.4,0
28.1,66.29,0
28.4,64.54,0
28.9,61.18,0
29.3,60.74,0
30.2,59.13,2
29.2,67.63,2
28.1,71.41,2
29,69.67,2
29.4,67.49,2
29,66.65,2
28.5,65.69,2
29.3,64.84,2
29.3,65.88,2
29.5,66.49,2
29.6,65.09,2
28.8,68.77,5
29.3,60.13,2
29.8,55.86,2
29.6,60.66,5
29.8,59.93,2
29.4,64.31,2
29.2,64.89,2
28.1,67.65,5
29.3,61.91,2
28.6,68.17,2
29.6,62.79,0
30.7,58.82,0
30.4,57.88,0
29,60.13,0
29.7,60.41,2
30.4,61.29,2
29.2,64.89,2
29.8,62.14,2
29.6,66.44,2
27.6,79.81,2
27.1,82,5
28.2,77.05,2
28.2,77.63,5
29.9,67.68,2
29.6,67.21,2
29.7,65.02,2
30.4,62.5,2
29.9,68.01,5
30.7,63.61,2
31.2,61.4,2
30.6,63.78,2
30,67,2
30.2,64.86,5
31.1,61.32,2
30.1,66.62,2
27.9,79.34,5
28,81.06,5
28.1,80.58,5
27.6,79.07,2
29.5,71.07,2
27.9,77.99,5
28.8,74.24,2
29.1,75.19,2
27.5,78.05,5
28.6,74.28,2
27.9,78.45,5
27.6,81.25,5
27.8,76.71,5
29.5,70.6,5
30.1,67.16,2
29.8,70.21,2
28,78.57,5
29.9,70.72,5
28.2,78.74,5
28.2,77.34,2
28.9,76.09,5
28,79.01,5
29.6,73.5,5
28.7,78.2,5
27.7,80.18,5
28.3,76.49,5
28.3,79.89,5
27.8,82.13,5
28.4,76.84,2
29.6,67.85,2
28.4,72.93,2
28.4,74.46,2
26.6,81.61,5
25.5,85.38,5
27.5,76.9,5
27,79.43,5
27.8,72.5,5
29.5,62.58,2
27.4,76.59,5
28.1,69.6,5
27.7,77.99,5
30.1,65.31,2
28.5,69.93,5
28.3,74.76,2
28.5,75.28,5
29.2,68.85,5
29.7,66.47,5
29.7,69.19,5
29.1,71.14,2
29.3,68.09,2
29,71.33,5
27,82.04,5
26.1,88.17,5
26.2,89.18,5
27.1,86.91,5
26.4,87.19,5
27,84.96,2
27.8,81.82,5
27.3,86.05,5
26.4,89.12,5
27.2,82.43,5
28.4,80.28,5
27.5,85.98,5
29.4,77.11,5
29.5,75.7,5
28.8,77.4,5
28.6,82.66,5
28,82.43,5
28,81.72,5
28.2,82.05,5
28.7,79.67,2
28.4,81.28,5
27.8,81.35,5
27,87.9,5
28.2,84.92,5
27.1,88.12,5
26.9,83.82,5
27.4,84.6,5
27.6,83.93,5
29.1,78.26,5
26.3,90.96,5
26.6,80.45,5
28.3,75.95,5
27.1,84.04,2
25.8,85.89,5
26.7,80.33,5
28.5,70.27,5
30.1,65.65,2
29.2,71.98,5
28,72.88,5
28.6,70.87,2
27.9,77.66,5
26.9,87.74,5
26.7,85.1,5
26.4,86.75,5
27.1,86.63,5
26.9,84.73,5
27.3,84.22,5
26.5,88,5
27.6,83.9,5
26.9,87.55,5
27.1,87.31,5
25.7,91.97,5
27.7,82.19,5
26.9,86.65,5
29.2,75.83,5
28.1,81.32,5
27.8,83.84,5
27.2,88.03,5
27.5,84.54,5
26.6,87.25,5
25.8,88.34,5
27.2,81.77,5
27.6,83.66,5
27.8,83.86,5
25.4,93.24,5
26.9,87.18,5
28.3,82.52,5
27.6,85.15,5
25.9,89.57,5
25.9,87.89,5
27,80.64,5
28.7,77.05,2
27.2,83.99,5
26.4,87.66,5
28.5,77.37,5
28,81.86,5
28.2,83.65,5
27.3,85.18,5
29.3,74.85,5
29.6,72.86,2
29.8,72.55,2
29.4,73.59,2
28.9,78.37,2
28.8,77.44,5
27.8,84.14,5
27,87.86,5
29.2,78.96,2
29.1,79.77,5
29.1,76.62,2
29.1,76.23,2
29.4,73.85,2
29,75.18,2
28.8,73.68,5
29.9,73.56,2
30.5,69.64,2
28,80.78,2
28.9,78.24,5
29.1,74.88,5
29.4,73.02,5
30.2,70.82,2
29.8,71.25,5
29.7,73.06,0
30.6,64.97,2
30.2,70.6,5
30.2,70.79,2
28.9,75.81,5
28.8,71.08,5
29,72.05,2
29,72.69,2
28.4,79.22,5
29.8,74.4,2
29.8,73.31,2
28.2,78.52,5
29.4,75.31,2
29.4,75.42,5
29,77.71,5
29.4,75.22,1
29.2,74.93,2
29.9,71.65,2
28.5,75.88,2
29.4,76.71,2
27.6,76.87,4
29.9,70.91,2
29.4,77.98,1
29.3,76.38,2
27.9,81.53,2
28.2,78.64,2
28.6,74.34,3
28.9,76.03,5
29.3,73.52,5
29.1,73.85,2
28.8,75.99,5
29.2,77.38,5
28.8,76.79,5
29.2,74.25,2
29.7,74.73,5
28.7,76.79,2
29.3,76.87,5
29.6,75.53,2
29,75.74,2
28.6,79.26,5
28.5,80.58,5
28,79.91,2
27.9,78.73,5
26.6,85.54,5
27.1,80.07,5
27,78.29,5
26.9,67.58,3
27.1,63.97,0
26.4,71.22,0
26.9,70.58,2
27.2,71.53,2
27.7,70.79,3
28.5,73.43,0
28.2,77.41,2
29,74.04,2
28.1,75.27,2
25.6,89.85,5
26.8,82.93,5
28.6,75.88,5
29.4,69.47,2
27.6,68.07,0
27,68.89,0
27.5,69.32,2
27.4,63.66,2
26.5,71.37,0
27.4,68.05,0
27.8,66.91,2
27.1,73.19,0
26.2,78.88,5
26.3,75.27,2
27.9,70.35,5
26.7,74.58,0
27.7,71.32,2
26.4,71.64,2
25.4,74.2,0
26.7,69.4,0
26.2,71.57,0
27,76.36,2
26,84.21,5
28.6,73.3,2
28.5,78.56,5
27.8,77.07,5
27.8,75.26,2
28.1,65.17,0
27.5,65.84,0
26.9,70.5,2
27.3,76.21,2
27.1,79.53,5
27.6,75.63,2
27.8,75.28,2
27.9,73.5,2
27.2,75.74,5
27.3,75.67,2
27.5,75.18,5
28,68.93,2
27.3,69.34,0
27.5,68.19,0
27.2,67,2
27.2,71.2,0
27.7,69.87,2
27.9,73.33,0
28.1,69.54,2
27.1,65.87,2
26.5,69.63,0
27.6,68.41,0
26.8,73,2
26.9,69.36,0
25.4,72.83,2
27.7,66.34,0
26.7,72.17,2
27,71.68,2
26.9,69.79,2
26.4,69.55,2
26.8,66.92,0
26.3,68.2,2
26.9,67.62,2
27.1,67.86,0
26.9,71.15,0
27.4,68.85,0
27.2,68.46,0
26.6,72.28,0
26.4,68.6,2
26.2,68.27,2
25.3,66.84,2
25.5,66.89,2
26.3,67.31,0
26.7,66.49,2
27.1,71.77,2
26.7,77.36,2
26.6,74.64,2
26.7,70.65,2
26.7,69.44,2
26.4,68.85,2
26.3,69.98,2
26.7,70.75,0
27.3,68.71,0
27.3,66.96,0
27.8,69.2,0
27.1,72.17,2
27.5,72.69,0
26.9,72.57,0
27,75.51,0
27.8,71.35,2
27.7,71.03,2
26.9,72.85,2
28,63.53,2
28,68.01,0
26.1,76.47,0
28.6,64.31,0
28.1,64.96,0
28.2,69.24,0
28.3,68.98,2
28.7,68.45,0
28.9,65.95,5
27.1,74.38,5
27.7,69.97,0
27.6,69.12,2
28.7,66.51,0
27.8,74.87,2
28.3,69.5,2
27.8,70.44,2
28.4,64.62,0
27.9,68.52,0
28,71.1,2
27.7,66.8,2
28,68.45,2
28.3,67.18,0
28.5,66.6,0
28,70.01,2
27.9,70.56,2
27.1,70.75,2
27.4,69.01,2
26.4,73.23,5
27.5,68.83,2
26.8,69.69,2
27.3,70.08,2
28.2,66.76,2
27.8,69.77,2
28.2,67.59,2
27.8,67.03,0
28.9,65.26,2
28.7,60.91,0
28.3,67.96,2
27.6,66.27,2
26.6,68.09,2
27.4,67.63,2
26.8,68.63,2
27.9,68.78,2
29.1,70.04,2
28.8,70.47,3
28.8,70.99,2
29,71.17,0
29.1,67.06,2
28.9,69.21,2
29.2,69.88,2
29.7,68.2,2
29.9,68.54,2
29,70.08,2
30.3,71.13,2
30.3,67.1,2
29.2,68.47,5
29,72.57,2
30.4,67,2
29.1,67.8,2
30.3,67.64,2
29.7,70.68,5
28.8,77.25,5
29.6,72.67,5
28.8,75.43,5
29.5,71.74,2
28.3,76.01,2
29,72.01,2
29.7,71.56,2
30.3,69.2,2
30.6,64.59,2
29.8,67.71,5
28,71.44,2
29.5,68.46,5
30.6,68.34,5
28.8,77.59,4
28.3,77.33,4
26.6,79.94,4
24.9,90.88,5
26.6,86.44,4
25.8,88.27,4
26.6,84.11,4
26.6,87.6,4
26.9,81.23,5
28,79.57,4
27.1,83.23,4
25.3,93.96,4
25.6,90.21,4
23.8,94.59,4
25.1,88.24,4
27.9,81.83,2
27.6,83.29,4
27.8,79.92,4
28,77.61,5
28.9,79.71,2
27.8,78.93,2
28.5,78.93,5
28.6,79.25,5
28.3,80.06,5
28.5,77.42,2
28.6,79.39,5
29.4,76.15,5
29.5,76.22,2
28.4,78.69,5
29,76.03,2
29.7,74.61,2
27.1,81.24,4
26.9,87.72,4
25.6,90.7,4
27.5,81.57,2
25.1,90.14,1
27.4,81.83,4
27.6,79.52,4
27.5,81.92,4
25.8,84.93,4
25.4,86.1,1
26.2,78.8,4
27.8,76.35,5
28.3,73.72,2
27.2,79.67,5
27,84.97,4
27.4,83.47,4
27,86.02,4
27.1,84.57,4
27.5,76.18,2
27.8,75.6,5
27.9,74.94,2
26.5,75.6,1
27.4,82.76,5
27,81.94,5
27.2,78.94,5
28.1,81.13,5
26.8,84.67,2
26.5,81.89,5
26.7,81.89,5
25,88.61,4
26,85.2,4
26.7,84.31,5
27.2,80.8,4
27.7,76.11,5
28.1,72.45,2
26.8,83.56,4
26,85.09,5
27.5,79.25,2
25.7,87.03,4
27.3,87.89,5
27.8,81.57,4
26.8,81.22,2
26.9,79.15,5
25.2,86.85,5
24.8,85.79,4
26.8,77.28,5
27.8,77.55,5
29.3,76.39,2
28.6,74.44,1
27.4,76.93,5
24.4,91.62,4
27.3,83.14,4
26.9,84.42,5
27.7,79.37,5
28.1,77.35,4
27.2,82.55,4
27.7,82.29,5
28.6,77.17,2
27.5,84.32,5
28.3,79.33,2
28.3,79.96,2
27.9,82.11,2
27.1,84.74,4
26.9,81.86,2
27.7,82.51,2
28.3,81.72,4
28.8,81.05,1
27.3,90.95,2
29,76.8,1
28.9,76.86,2
28.4,78.18,2
29.2,74.96,5
27.9,84.78,2
27.3,85,5
26.9,83.23,5
25.6,89.06,5
27.5,80.38,2
27.2,83.74,2
28.9,75.83,5
28.7,75.71,2
29,76.47,2
29.2,72.94,2
29.4,73.78,5
28.5,79.36,5
28,81.83,5
28.5,80.32,5
28.2,83.83,5
28.4,83.06,5
29.5,77.71,5
29.2,76.02,5
28.8,79.18,2
27.9,79.33,2
28.3,81.24,5
27.6,83.48,5
29.3,76.81,2
28.8,79.7,2
29.7,75.55,5
28.5,82.63,5
26.9,92.99,5
28,84.06,5
29.1,79.34,5
26.1,93.8,5
28,84.73,2
28.3,83.51,5
28.5,81.96,5
27.4,85.82,5
28.4,80.09,2
26.1,89.75,5
26,91.1,5
28,80.93,5
27.3,84.43,5
27.7,81.05,5
27.8,81,5
27.6,82.83,5
27,84.34,2
29.2,74.24,2
28.8,76.66,2
28.4,78.19,5
28.1,82.19,5
30.1,68.6,2
29.8,68.48,2
30.1,68.26,2
29.9,65.29,2
29.6,70.95,2
29.8,70.76,0
29.7,72.78,2
29.8,72.8,2
30.3,72.93,2
29.9,76.41,2
28.9,80.95,5
30.4,74.42,2
29.7,77.47,5
30,73.95,2
29.8,72.05,2
29.6,75.06,5
28.9,79.24,5
28.5,83.06,5
29.1,76.09,2
29.3,73.4,2
29.4,73.61,2
28.9,76.89,5
29,75.57,2
28.9,74.22,2
28.7,70.43,2
28.7,69.75,2
28.8,69.93,0
28.9,65.11,0
27.8,67.58,0
28,67.1,0
27.1,71.35,0
27.7,71.69,2
28.2,78.07,2
29.4,73.69,2
29.5,74.22,2
29.8,71.42,2
29.4,70.27,2
28.2,74.45,2
28.9,68.91,2
28.9,71.33,2
28.3,77,5
28.5,72.96,2
28.7,74.23,2
29.1,74.94,2
29.4,74.19,2
28.6,78.49,2
28.9,74.61,2
28.2,78.84,5
28.4,80.62,5
28.6,78.28,5
28.7,76.23,5
28.7,75.14,2
28.5,74.34,0
28.6,75.72,0
29,77.34,2
29.1,74.96,2
27.4,84.92,5
27.7,85.24,5
26.6,89.67,2
28.7,78.17,5
28.6,80,2
29.2,72.35,5
26.6,82.58,5
28.6,80.38,5
25.5,94.87,5
27.2,83.74,2
28.3,78.04,2
29,77.62,2
29.2,73.29,2
29,76.8,2
28.5,78.24,2
28.4,77.63,2
28.9,74.92,5
28.6,74.56,5
27.7,63.9,2
26.8,71.42,0
27.8,69.71,2
27.3,80.88,2
28,77.31,5
27.9,75.54,2
27.9,80.25,2
27.5,85.33,2
27.9,82.62,5
28.3,79.59,5
27.3,85.15,5
28,78.46,2
29.2,75.63,2
29.1,74.1,2
29.2,73.02,5
29.1,68.87,2
28.2,71.66,2
27.8,73.33,0
28.1,72.21,0
27.5,71.38,2
27.6,70.13,2
26.8,67.53,0
25.8,71.51,2
26.5,71.61,2
26.3,74.52,2
26.8,71.54,2
27.8,66.97,2
26.6,71.03,0
27.5,68.9,2
27.1,74.63,2
28,71.36,5
27.8,77.3,2
28.2,73.24,2
28.2,68.44,0
26.6,67.78,2
27.4,60.92,0
26,68.34,0
26.8,68.95,2
27.9,70.67,2
27.9,76.96,2
27.5,79.36,2
28.7,72.84,2
28.1,71.34,2
26.5,71.58,0
25.4,70.71,0
28.8,69.9,2
28.6,74.56,2
28,72.69,5
27.8,68.35,2
28.9,62.66,0
28.9,65.24,5
27.7,75.23,2
26.6,72.01,2
27.9,67.29,2
27.6,70.56,2
28.6,64.13,2
27.2,70.37,0
27.6,67.86,0
28,68.43,0
28,69.87,0
28.3,64.97,2
28.5,64.01,2
28.6,66.78,0
27.9,66.09,2
27.7,63.09,2
27.8,60.89,2
29.4,54.09,2
30,57.98,0
28.7,69.5,2
28.3,72.34,2
27.9,71.49,2
28.7,70.1,2
28.1,68.06,2
27.3,72.93,2
28.4,64.91,2
28.5,64.34,2
28,67.34,2
28.4,67.29,0
28.9,65.73,2
29,72.2,2
29.1,70.05,2
29.7,65.18,2
29.7,68.83,2
29.2,61.92,0
29.7,65.02,0
29.9,61.16,0
29.6,65.51,0
29.1,70.11,5
29.1,69.09,2
29.6,65.19,5
29.5,67.43,2
29.3,64.28,0
28.9,65.23,0
28.5,66.96,0
29.6,62.13,2
30.2,61.51,0
28.9,71.45,0
29.9,62.97,2
29.8,61.36,0
28.9,63.8,0
29,66.82,0
30.5,65.91,2
30.2,69.95,2
30.1,65.99,2
29.4,71.45,5
29.3,72.99,5
29.4,73.01,2
27.6,80.2,2
27.2,83.28,5
26.9,83.89,4
28.6,74.23,2
28.4,77.71,2
28.5,77.6,5
29.2,75.02,5
27.7,80.79,5
29.1,75.66,2
29,76.59,2
30.2,68.4,2
29.8,70.78,2
29.7,68.72,2
29.7,70.29,2
29.7,68.07,2
30.1,69.06,2
29.6,72.04,2
28.8,73.72,2
30.2,68.85,2
31,62.61,2
30,67.53,2
31,58.09,2
30.4,61.23,0
29.8,64.27,2
29.2,71.29,5
29.3,70.59,5
29.6,68.92,2
29,70.85,2
29.8,65.75,0
29.4,67.63,2
30.6,63.2,0
30.6,65.95,2
29.3,73.48,2
27.1,82.34,5
27.6,81.24,5
27.5,81.41,5
28.9,74.13,2
28,79.09,5
28.9,74.45,5
28.3,75.61,2
29.6,71.62,2
28.4,78.7,5
29.6,71.57,2
28.8,76.73,5
26.7,86.44,5
26.4,88.66,5
27.4,83.83,5
27.8,83.01,5
26.9,87.17,5
28,84.13,5
28,81.98,2
28,79.92,2
28.4,79.5,2
29.3,74.86,2
28.7,77.8,2
27.9,82.32,2
28.1,79.22,2
26.7,84.67,5
26.2,90.61,5
27.3,84.52,5
26.2,91.12,5
27,86.7,5
27.6,82.1,2
26.5,84.49,5
27,87.56,5
27,84.18,5
25.8,90.92,5
26.7,85.05,5
29.3,71.8,2
27.5,82.9,5
27,87.63,2
26.4,89.25,5
24.9,92.08,4
26.8,82.72,5
26.6,84.68,5
27.9,79.3,2
27.3,81.21,5
28.3,79.23,2
26.7,84.57,5
26,90.49,5
26,89.15,2
27.9,81.55,2
27.7,81.72,5
27.8,82.01,2
26.8,87.62,2
27.7,84.01,5
28.3,82.95,5
28.2,80.57,2
27.5,81.5,5
28.1,80.26,2
26.1,87.39,5
27,81.43,2
25.9,86.99,5
27.8,76.79,2
27.6,79.73,5
27.6,79.43,2
28.6,77.03,2
28.9,76.93,5
27.3,80.34,5
26.9,82.76,5
26.4,83.38,5
28.4,73.73,2
26.9,81.73,5
25.1,93.61,5
26.3,86.61,5
27.9,79.56,5
26.3,85.7,5
27.9,79.54,5
28.4,79.8,5
28.9,72.13,5
27,85.2,5
26.2,88.26,5
27.5,83.25,5
28.2,76.82,5
28.9,76.71,2
26.4,90.85,5
27.3,83.79,5
28.6,77.64,2
28.8,78.52,5
28.7,75.04,5
28.9,78.97,2
28.6,79.86,2
26.5,87.69,5
27.8,81.47,2
26.8,85.11,5
27.1,86.6,5
27.2,83.49,5
27.2,86.94,5
26.5,88.38,5
27.1,87,5
27.8,83.89,5
27.4,87.25,5
27.8,81.68,5
27.9,78.03,5
26.4,87.65,5
26.7,86.86,5
27.9,80.36,5
27,86.35,5
26.7,86.64,5
27.3,81.56,2
27.1,81.47,5
27.5,81.18,5
28.3,79.26,2
28,78.59,2
28.4,75.48,5
28.3,75.98,5
28.9,72.89,2
28.5,78.95,2
26.4,87.83,5
28.2,80.12,5
28.1,80.13,5
29.4,76.43,2
27.7,84.7,5
27.3,85.75,5
26.3,87.09,5
28.7,77.54,5
26.9,88.89,5
26,92.86,5
28.2,80.2,2
29.8,74.54,2
30.3,69.24,2
30.3,72.77,5
25.6,88.72,5
28.3,79,5
27,84.44,5
27.4,85.84,2
28.1,75.45,2
29.3,68.9,2
29.3,70.79,2
28.1,75.47,2
28.4,76.04,2
28.6,75.04,5
28.8,77.6,5
29.1,77.25,2
27.8,82.37,5
29.3,76.9,2
28.6,80.5,2
28.6,79.58,5
27.2,81.66,2
28.8,78.81,2
28.2,80.29,5
28.6,79.1,2
27.3,85.48,5
28.4,79.87,2
29.3,78.02,5
29.6,75.32,2
27.8,83.47,2
27.8,83.38,2
27.2,85.3,2
28.8,78.57,2
28.2,79.35,5
29.9,70.8,2
28,79.79,2
28.9,73.42,2
28.7,78.13,2
29.1,76.21,5
28.3,79.65,2
28.6,77.37,2
28.1,79.97,2
27.6,85.91,5
28.8,77.68,2
28.1,79.33,5
27.2,86.68,5
27.4,85.75,2
28.1,82.86,5
28.5,80.64,5
28.8,77.31,2
28.5,74.36,2
28.6,67.52,2
27.7,68.8,0
28.2,73.14,2
28.9,70.01,2
29.1,68.11,0
29.1,69.52,2
29.3,72.31,2
28.9,73.94,2
28.5,78.48,2
25.7,89.42,5
27.6,80.64,5
28,79.55,2
27.9,80.43,5
28.4,78.18,5
28.1,83.27,5
28.6,77.8,5
28.4,80.77,5
28,83.24,5
28.8,78.18,5
28.8,78.8,2
28,80.67,2
28.2,77.12,2
28.7,70.65,2
28.6,69.79,2
28.1,78.32,5
28.8,71.09,0
27.7,70.4,0
26.2,78.07,0
27.3,65.75,2
27.6,69.71,0
28,69.85,2
27.9,73.2,2
28.6,70.02,0
26.4,76.25,0
26.7,72.54,0
27.6,70.35,0
27.6,70.6,0
27.3,73.62,0
28,74.51,2
28.1,75.99,2
28.3,72.98,2
27,68.65,2
26.1,71.29,0
26.8,67.6,0
27,71.53,0
27.5,71.04,0
27.3,67.56,0
26,75.23,0
26.3,75.62,0
27.4,71.9,0
28,69.08,0
27.9,70.35,0
27.6,72.23,0
27,73.95,0
27,74.67,2
26.7,74.44,0
27.4,73.58,2
27.9,68.54,0
27.2,70.27,0
27.4,67.21,0
27.3,62.33,0
26.4,70.39,2
25.7,69.83,0
25.6,68.63,0
26,70.45,2
26.8,71.02,2
27.4,72.61,2
27.6,73.26,2
27.4,76.78,2
26,77.44,2
27.3,67.77,0
27.6,66.99,0
27.1,71.96,0
26.4,73.57,0
28.1,64.39,0
28.2,68.91,0
27.8,72.73,0
27.5,74.53,0
27,69.6,2
26.6,64.35,0
27.4,65.2,0
26.8,67.27,0
26.9,66.9,0
25.7,69.85,0
26.4,66.67,0
26.9,60.02,0
26.1,67.33,0
26.1,64.72,0
26.2,66.13,2
26.2,66.9,0
26.6,66.37,2
27.4,66.54,0
27.5,65.28,2
27.5,68.1,2
25.9,74.79,0
27.6,69.12,0
28.3,71.76,0
28.8,69.01,2
28.7,68.65,2
28.5,68.49,2
27.1,70.87,0
27,71.04,0
28.1,67.45,0
27.4,71.75,0
27.6,65.47,0
26.9,65.24,2
26,67.95,0
27.5,60.97,0
26.4,71.89,0
27.6,68.82,0
28.1,67.09,0
27.4,64.27,0
25.9,61.4,0
27.3,50.12,0
26,57.9,0
26.9,61.3,0
26.3,70.38,0
27.2,71.61,0
26.9,71.18,0
27.6,72.1,0
28.6,67.54,0
28.7,66.43,0
28.5,65.2,0
27.8,68.77,0
28,67.82,2
26.8,73.27,0
26.7,71.88,0
27.8,63.19,0
28.5,58.6,0
28.2,65.04,2
28.9,60.11,0
27.3,65.6,0
28,57.1,0
28.1,55.85,0
27.1,64.46,0
28.2,65.54,0
27.6,66.41,0
28,63.52,0
29.2,57.6,0
28.3,63.71,0
27.3,68.75,0
29.3,57.22,0
27.9,65.7,0
28.8,63.31,2
29.7,60.25,0
29.4,60.9,0
28.8,63.97,0
28.7,62.95,2
28.4,61.36,0
29.9,54.91,0
29.3,60.16,2
29.6,55.94,0
28.2,64.03,0
27.8,64.96,0
27.3,68.81,0
28.7,65.44,0
29.8,60.87,0
29.9,64.27,0
28.6,69.38,0
29.1,68.57,2
28.4,68.59,2
29.4,63.36,0
28.8,64.84,0
29.3,63.01,0
29.9,64.06,2
29.6,63.89,2
28.6,69.65,0
29.2,69.01,2
29.1,63.98,0
29.5,63.18,0
30.6,56.3,2
30.2,58.41,0
29.1,66.77,2
29,69.27,2
30.2,63.05,2
30.7,59,0
30.4,62.4,0
30.5,60.81,0
29.6,63.13,0
28.8,68.62,2
30.4,62.74,0
30.8,65.48,2
31.6,53.15,2
30.7,55.18,0
29.5,62.55,0
30.1,59.44,0
31,55.92,0
30.1,62.81,0
30.5,58.85,0
30.8,63.02,2
31.1,61.63,0
30.7,63.23,0
31.2,58.67,0
30.7,62.51,2
30.8,62.28,2
30.9,63.98,2
30.8,59.37,2
31,61.35,2
29.5,67.71,2
30.3,64.71,5
30.5,59.06,2
31.2,55.8,2
30.6,62.34,2
32.2,52.64,2
28.8,73.38,5
30,66.76,2
29.6,68.56,5
30.2,65.38,5
29.7,70.62,2
29.8,67.1,5
31.1,60.35,2
30.6,63.82,2
30,65.36,2
29.9,65.38,2
29.6,67.42,2
29.4,68.53,2
30.2,69.27,2
30.2,70.44,5
29.1,73.25,5
28.2,78.09,5
29.5,72.66,2
29.5,72.13,2
28.4,76.99,5
29.4,72.19,2
30.5,66.54,2
30.2,69,2
29.7,74.34,5
28.1,80.54,5
29.7,73.54,2
28.9,77.26,5
27,84.5,5
28.1,70.52,5
28.7,65.71,2
28.5,69.08,5
29.2,69.98,2
29.9,60.15,2
30,52.38,2
29.4,60.72,2
29.7,60.4,5
29.7,55.66,2
29.9,63.44,2
30.3,63.51,2
29.8,62.83,2
29.6,64.38,2
29.5,65.9,2
29.6,64.73,2
29.9,66.05,5
30.3,63.03,2
29,72.51,2
30.1,66.13,2
29.9,65.73,2
28.6,74.92,5
28,78.42,5
27.4,82.34,5
27.7,79.11,5
28.2,77.56,2
29.2,70.97,5
30.4,68.76,2
28,74.46,2
28.7,72.32,5
28.4,77.3,5
28.1,76.23,5
28.3,72.74,5
27.8,76.82,2
27,81.09,5
28.2,75.61,5
25.8,89.98,4
26.8,82.16,4
27,83.27,4
27,83.69,5
29.2,75.26,2
29.5,74.89,4
27.4,83.68,4
27.9,80.4,4
28,81.13,2
28,80.39,5
28.6,78.5,5
28.9,76.64,2
27.4,85.63,2
26.9,85.55,5
27.3,82.4,2
27.8,81.81,2
27.9,81.55,4
27.5,81.75,5
26.2,89.01,4
26.8,86.23,5
27.3,86.45,4
27.1,86.4,5
24.9,93.64,5
25.8,89.58,4
24,85.77,5
28.8,77.45,5
28.9,76.71,5
27.9,79.3,5
27.8,73.99,2
28.9,71.78,2
27.6,78.08,5
27,80.41,2
25.4,87.3,5
27.8,79.5,5
27.5,80.96,5
28.7,73.18,2
29.4,68.58,2
30.1,66.07,2
27.1,79.42,2
27.2,78.94,2
27.3,82.05,5
27.3,80.6,5
27.6,73.83,2
27.3,78.11,5
27.7,79.12,2
26.9,82.73,5
28.5,71.92,2
27.4,79.64,2
27,79.73,5
28.8,68.99,2
28.3,73.35,2
28.5,76.17,5
28,80.99,5
27.4,80.71,5
27.8,82.18,5
27.7,80.31,5
27.6,80.7,5
28.8,75.37,2
27.5,82.34,5
28,78.61,2
30.3,70.08,2
28.7,75.53,5
28.1,77.33,5
28.7,76.43,2
29.4,72.17,2
28.5,76.81,2
29.6,71.55,5
28.4,78.43,2
28.7,73.14,5
29.2,73.37,2
28,81.34,5
26.4,86.5,5
28.1,80.67,5
27.8,81.85,5
28.8,76.34,5
27.8,81.36,5
27.4,82.17,5
26.9,84.96,5
28,81.2,2
27.5,81.03,5
28.1,77.24,2
28.5,78.96,5
26.7,88.26,5
28,79.49,5
28.5,75.68,2
29.5,68.34,0
28.5,74.14,2
28.6,72.36,2
28.6,70.16,2
28.5,71.9,2
28.1,73.76,2
29.8,66.86,2
28.6,74.44,2
28.6,75.08,2
29,71.11,0
29.4,67.54,2
29,71.27,2
29.3,68.59,0
28.5,70.24,0
28.6,73.65,2
28.6,73.61,2
27,80.94,5
27.7,80.09,5
27.6,79.56,2
27.6,80.88,2
28.4,78.05,5
29,77.53,5
29.2,77.21,5
28.8,76.85,5
29.2,71.68,0
28.3,74.64,0
28.3,70.62,2
27.8,72.1,0
29.1,64.38,0
29.6,68.07,2
29.2,73.56,2
27.5,81.59,5
26.7,84.31,5
28.4,73.25,2
28.9,68.88,2
29.1,74.87,5
29.5,72.7,2
28.8,75.71,2
28.8,73.31,2
28.4,76.53,2
29.2,70.96,2
29.2,69.21,0
28.4,65.06,0
26.9,64.09,0
27.6,64.29,0
28,71.68,0
28.7,69.36,0
28.3,69.48,0
28.4,65.12,0
27.6,70.4,2
27.2,75.32,2
26.9,82.74,1
26.6,87.9,4
27.2,78.74,2
28.4,73.42,2
27.9,70.56,0
28.2,68.66,0
27.3,73.52,2
28.3,72.87,0
28.4,78.71,2
27.2,83.79,2
27.9,75.22,2
27.1,84.27,4
26.9,82.94,4
27.6,77.72,2
26.9,74.77,2
26.9,74.46,2
27.8,75.56,2
27.8,75.26,2
27.4,75.14,0
26.4,73.23,2
25.7,71.98,0
26.5,69.91,2
26.6,68.94,2
26.3,75.88,2
28.2,73.03,2
28.3,76.47,5
28.5,77.73,2
28,78.73,2
29,74.64,2
29.2,68.63,2
28.2,73.07,2
28.2,74.28,2
28.4,72.88,2
28.2,71.03,2
26.9,73.35,2
26.3,69.95,2
25.8,72.04,2
25.9,75.75,2
27.1,73.66,2
27.2,74.83,2
27.6,73.17,2
26.7,69.23,2
26.7,66.23,2
27,63.12,0
26.1,65.34,2
25.6,66.81,0
25.2,74.47,2
26.3,69.03,0
26.6,71.61,0
27,68.31,0
26.4,67.29,0
26.8,66.17,0
27.8,64.2,0
27.5,67.84,2
27.8,68.11,0
27.2,73.53,0
28.2,67.18,2
27.9,64.07,0
26.2,67.39,0
27.7,61.39,0
28,64.83,0
27.8,71.22,0
28.2,69.99,2
28.1,68.29,2
27.2,68.57,0
27.1,75.07,2
27.1,74.01,2
27.4,63.93,2
25.9,64.04,2
25.1,64.51,0
23.8,70.99,0
27.1,65.8,0
27.9,61.76,0
27,62.7,0
27.4,65.08,2
28,64.72,0
28.5,64.88,0
27.8,64.91,0
27.8,69.15,2
28.3,66.79,0
28.3,65.17,2
26.8,68.39,2
26.8,56.06,2
24.7,62.51,0
25.7,67.77,0
27,57.91,0
26.2,61.57,0
26.2,64.11,0
28,66.07,0
27,67.67,0
27.7,65.64,0
28.6,60.34,0
27.5,62.51,0
27.5,64.24,0
27.6,62.66,0
28.2,60.35,2
28.5,65.57,2
28.8,60.06,0
28.8,62.1,0
28.8,58.9,0
28,61.3,0
27.3,64.06,0
27.7,63.07,2
28.6,52.29,0
27.9,63.2,2
28.4,60.78,0
28.8,60.31,0
28.1,67.78,0
29,67.69,0
29.3,66.41,2
28.7,67.16,2
28.4,68.95,2
28.4,66.38,0
28.5,66.93,0
29.5,62.01,2
29.1,62.47,2
30.5,56.92,2
30,63.28,0
29.6,62.68,0
29.2,59.24,0
28.3,60.98,0
29.4,58.7,0
29.5,64.27,2
29.2,66.78,0
29.3,66,0
28.5,70.24,0
30.4,61.61,2
29.6,62.02,2
29.9,60.5,0
30.1,62.5,2
29.7,62.72,0
28.8,68.75,2
28.4,70.86,2
29.2,67.13,5
28.9,68.37,5
28.4,74.66,5
26.9,80.65,5
27.7,77.13,5
28.1,74.45,5
28.9,71.9,5
28.6,73.59,5
28.4,74.37,5
29.1,71.34,2
29.4,67.06,2
29.4,69.67,2
29.9,62.4,2
28.6,69.23,2
29.1,68.04,2
29.5,67.74,5
29.3,69.88,2
29.5,67.32,5
29.4,67.59,5
29.2,66.69,2
29.6,64.96,2
29.5,65.48,2
27.8,69.72,2
29.2,59.97,2
30.1,58.69,2
29.4,63.2,2
30.5,58.53,2
29.5,69.58,2
30.2,65.59,2
28,71.83,5
28.8,70.26,5
29.9,66.04,2
30.1,63.17,2
28.5,73.89,5
25.4,84.23,5
26.4,80.86,5
28.6,73.19,5
29,71.21,2
29.2,71.17,2
28.4,78.94,5
28.6,75.46,5
28.6,72.3,5
28.4,77.39,5
27.8,77.86,5
27.8,80.31,2
28.3,75.91,2
29.3,70.54,2
28.1,76.3,2
27.1,79.78,5
27.1,76.35,5
25.8,85.24,5
26.3,82.03,5
26.3,84.06,5
27.5,77.84,2
27.8,74.98,2
27.5,76.03,2
26.2,84.49,5
25.1,86.41,4
27.4,73.1,5
26.5,80.62,5
28.5,70.61,5
28.3,72.29,5
28,75.2,5
26.7,82.32,5
26.9,78.89,5
26.8,77.93,5
25,86.02,5
28.1,73.67,5
28.3,73.86,5
26.8,75.19,5
27.1,77.03,5
27.5,76.57,2
29.1,65.97,2
29.4,66.51,5
28.9,72.52,2
29.6,65.31,2
26.8,77.88,5
26.9,80.06,5
26.8,83.99,4
27.5,77.2,5
27.5,77.24,5
26.9,81.31,5
27.6,78.25,5
27.7,78.1,2
27.4,79.79,5
28,79,5
28.5,73.15,2
28.9,74.04,5
28.6,75.06,2
28.3,75.96,5
28.5,76.82,5
26.9,85.33,5
26.4,85.1,5
27.4,79.4,2
28.6,73.78,2
27.5,78.46,5
27.7,77.7,5
27.7,77.67,5
27.4,76.67,5
28.1,75.79,5
26.1,82.2,5
27.4,76.9,2
26.9,75.99,2
27,76.38,2
27.5,76.2,5
28.1,72.81,2
27.1,78.23,5
26.5,77.83,2
25.4,80.96,5
28.1,67.71,5
27.4,74.08,2
26.2,80.59,5
27.5,72.26,2
27.1,71.79,2
27.1,73.22,2
27.3,73.75,2
27.5,72.67,2
26,84.51,5
25.9,84.4,5
26.1,86.13,5
26.3,82.33,2
26.5,82.55,5
26.5,82.91,2
26,83.97,5
26.1,84.7,5
26.1,85.88,5
26.7,80.42,5
26.2,83.19,5
26.7,79.61,2
27.6,75.97,2
26.7,80.99,2
26.5,83.48,5
26.9,79.66,5
28.2,75.81,2
28.4,75.18,2
26.5,84.33,5
27.6,77.01,2
26.5,85.68,5
27.6,79.51,5
27.9,77.19,5
28,78.59,5
26.7,83.17,5
26.1,83.15,5
26,83.98,5
26.5,81.02,5
26,85,5
26.7,83.53,2
26.4,88.38,2
27.1,79.15,5
26.4,84.46,5
27,83.03,2
27.8,80.74,5
27.7,74.33,5
26,82.42,5
26.8,76.58,2
27,78,2
28.2,72.26,2
27.9,74.54,2
28,76.13,2
27.6,80.37,5
27.5,79.78,2
27.8,79.85,5
28.7,74.84,5
28,73.63,5
27.7,74.92,2
26.6,81.67,5
27.8,76,5
27.8,72.54,2
28.3,73.09,2
28.4,70.55,2
28.5,70,2
28.3,70.37,2
28.5,71.59,2
27.9,75.32,2
27.1,81.85,5
27.3,81.83,5
27.7,81.26,2
27.7,81.17,5
27.9,78.74,5
27.9,77.39,5
28.9,71.05,2
28.8,70.85,2
28.5,71.95,2
27.2,77.97,2
27.1,83.46,5
27.4,82.58,5
28.5,75.62,2
28.4,76.58,5
28.4,78.08,5
28,79.44,2
27.9,76,2
28,73.14,2
27.6,68.57,2
27,66.99,2
27.3,56.54,0
27.2,61.22,0
27.3,69.45,2
27.5,70.44,2
28.1,68.75,2
28.6,67.96,2
28.1,68.98,2
28.2,72.96,0
28.6,71.42,2
28.4,72.84,2
27.7,77.12,2
28.6,70.97,2
27.9,72.5,0
27.2,72.6,0
28.6,70.58,2
28.1,73.05,2
28,70.74,0
28.3,71.31,0
28,71.23,0
27.6,71.21,0
28.3,69.35,0
27.5,71.63,2
27.6,71.6,2
28.7,65.51,0
27.5,70.11,0
27.1,72.19,0
27.2,73.19,2
27.1,72.02,2
27.8,71.13,2
27.9,68.03,2
27,69.26,5
27.3,64.08,0
26.8,71.79,0
27.4,69.54,0
27.4,72.59,2
27.7,72.24,2
27.9,70.57,2
27.4,68.66,0
27.6,68.85,0
26.3,69.9,0
26.8,72.73,2
27.3,70.31,2
27.6,67.55,2
27.4,67.82,0
27.8,68.63,0
28.3,67.88,0
27.9,73.04,5
27.7,72.22,0
28,70.53,2
27.5,70.74,2
27.9,66.85,0
27,71.27,0
28,63.66,2
28.1,66.36,0
27.3,66.23,0
26.8,65.44,0
26.5,68.17,0
26.4,67.68,0
27.6,66.86,0
27.8,65.51,2
27.2,67.29,0
27.3,68.28,0
27.4,68.25,0
27.3,70.33,0
26.8,71.68,2
27,73.33,2
26.5,64.36,0
26.5,67.34,0
26.4,68.93,0
25.9,70.1,0
26.2,66.79,0
26.3,65.54,0
26.8,66.33,0
26.7,65.82,0
27.2,67.5,2
27.4,67.89,0
26.5,74.37,2
26.9,68.67,2
26.1,67.63,0
26.6,69.69,2
26.8,70.11,2
26.3,69.6,0
27,67.45,0
27.4,64.52,2
26.7,66.73,0
26.5,65.7,0
26.5,66.54,0
25.9,69.68,0
26,65.88,0
27.1,64.1,0
26.9,65.38,0
26.6,66.42,0
26.7,66.93,2
27.5,68.58,2
27.4,68.87,2
27.4,68.14,0
27.1,65.89,0
26.6,64.79,0
25.9,67.9,0
26.6,66.63,0
26.2,69.06,0
27,66.1,0
26.7,65.51,0
26.7,67.36,0
26.8,66.7,2
27,68.6,0
27,68.28,2
27.8,68.18,2
27.7,65.81,2
27.1,65.55,0
27,68.22,2
27.1,71.11,0
27.9,64.7,0
28.1,67.61,2
28.4,66.02,0
29.3,62.12,2
28.1,66.64,2
27.6,67.4,0
27.4,68.97,2
28.9,62.3,2
28.7,62.36,2
28.3,66.56,0
29,63.72,0
28.1,69.32,2
28.3,69.17,2
28.7,63.83,0
28.7,62.2,0
28.5,63.23,2
27.9,63.44,0
27.7,67.21,0
28.6,62.91,0
28.3,63.46,0
29.3,57.17,2
28.6,62.26,0
29,57.82,0
28.3,63.36,0
28.5,56.91,0
28,65.36,0
29,62.19,0
28.3,68.15,2
28.2,62.22,0
28.4,59.1,2
28.3,60.63,0
29.2,59.42,0
28.9,65.26,2
29.2,65.53,2
29.5,65.12,2
29.3,65.73,2
29.7,60.52,0
29.2,63.87,2
28.5,68.48,5
28.7,72.76,2
30,61.72,2
29.5,67.08,2
29.5,66.15,2
29.8,63.75,0
30,61.05,2
30.1,62.32,0
29.8,63.9,0
30.7,61.93,2
30.1,67.5,2
30.4,62.76,2
30.3,65.62,2
28.6,72.27,2
30.5,64.19,0
30.2,63.33,2
29.2,71.23,2
29.9,61.76,2
27.7,75.6,5
26.3,85.39,5
28.6,73.57,2
28.7,70.78,5
29.8,65.34,2
28.4,75.65,5
30.3,67.55,2
28.8,75.79,5
27.5,79.64,5
27.5,78.89,5
28.3,77.22,2
28.4,76.6,5
27.8,79.1,2
27.7,81.36,2
27.9,78.34,5
28.4,76.33,5
29.2,71.21,2
28.4,75.96,5
28.2,78.32,2
27.8,81.17,5
28.4,73.15,2
27.5,79.86,5
28.6,75,5
27.3,83.5,5
25.4,90.09,5
28.1,76.79,2
27.9,78.96,5
28.2,79.23,5
27.2,82.1,5
27.4,84.15,5
27.5,83.66,5
28.2,77.73,5
27.9,77.9,2
28.7,75.85,2
28.9,75.09,5
28.4,78.59,5
29,73.71,5
28.1,77.9,2
28.3,72.18,2
29,71.66,2
29.2,70.51,2
27,84.11,2
28.1,79.72,5
28.1,78.64,2
26.8,84.81,5
26.2,87.72,5
26.4,84.98,5
24.9,90.59,4
25.6,90.58,5
26.8,84.6,5
26.9,82.22,5
26,87,5
26.9,81.12,5
25.5,88.42,5
26,88.09,5
27.8,81.36,5
27.7,83.35,5
28,78.65,5
28,75.13,2
28.2,74.16,2
29,68.37,2
27.9,71.97,5
26.4,85.1,5
27.6,81.2,5
28.7,77.55,2
26,88.94,5
27.1,83.68,5
27.6,80.99,5
28,79.26,2
28.8,69.59,2
27.4,77.71,2
28.2,76.13,5
27.1,81.85,5
26.5,86.13,5
26.2,87.04,5
25.9,85.97,5
26.9,76.48,5
26.9,78.95,2
25.4,88.68,5
25.3,86.53,2
26.4,80.36,2
27.5,73.68,2
27,79.02,5
26.9,78.96,5
26.8,80.52,2
28.2,76.48,5
28.3,75.16,5
28.4,76.95,5
28.8,73.86,2
27.2,82.83,2
26.9,83.82,5
27.4,84.18,5
28.1,77.98,2
26.5,86.08,5
27,84.7,2
28,78.58,5
26,88.76,5
25.9,88.74,5
26.5,85.31,5
25.3,89.91,5
26,84.52,5
26.3,81.99,5
26.4,80.1,5
26.3,84.32,5
26.8,81.15,2
25.5,90.25,5
26.7,82.48,5
26.6,84.62,5
26.8,82.8,5
27.5,76.5,2
28.5,74.53,5
27.9,76.37,5
26.6,85.53,5
26,86.73,5
27.2,81.94,5
28.1,79.55,5
27,84.59,5
27.1,82.42,5
25.9,87.83,5
26.2,87.12,5
26.7,86.19,5
26.3,86.98,5
25.8,89.85,5
26.7,84.37,5
26.6,83.95,5
25.8,89.55,5
27.4,83.12,5
27.4,84.04,2
26.9,87.32,5
26.6,86.25,5
27.2,83.47,5
27.4,84.74,5
27.4,87.33,5
27.2,84.84,5
28.3,75.53,2
27.7,77.01,5
28,76.6,5
27.8,75.47,5
27.4,79.84,2
28.8,71.47,2
28.8,71.7,2
28.8,71.3,5
28.8,72.45,2
28.8,73.38,2
28.9,74.45,2
28,84.21,5
28.3,79.56,2
28,75.98,5
27.8,76.05,2
28.9,72.48,2
28.8,75.63,5
28.3,73.6,5
29.2,69.52,2
28.5,73.94,2
27.6,78.84,2
27.8,77.71,5
28,81.37,5
27.3,85.54,5
27.2,87.54,5
27.1,83.62,2
27.1,83.07,5
28.7,73.54,2
29.2,73.17,2
29,69.39,5
28.6,73.58,2
28.9,73.5,2
29.1,73.74,2
29.6,70.06,2
29.5,70.8,2
28.4,80.85,5
28.8,76.51,2
29.7,74.21,2
28.1,79.68,5
27.6,80.49,5
29.2,75.93,1
28.5,79.21,1
27.2,84.87,5
27.8,83.27,4
26,89.02,4
28.2,78.44,2
28.3,78.97,5
28.9,72.53,2
29.2,69.04,5
28.7,74.16,2
28.4,73.45,5
29,73.08,2
28.6,71.57,2
28.8,67.91,2
27.8,68.83,0
28.4,65.88,2
28.4,71.63,2
28.7,72.02,2
28.9,76.22,2
29.1,73.91,2
29,75.23,2
28.2,81.58,5
25.3,90.79,5
27.4,82.81,5
24.9,87.69,5
27.3,78.58,2
27.9,80.9,5
27.5,85.86,5
27.4,86.54,5
27.4,84.67,5
27.4,86.91,5
27.2,86.7,5
27.7,83.38,5
27.6,82.37,2
28.4,78.95,5
27.8,78.33,2
28.2,80.32,5
26.7,89.08,5
26.8,87.63,5
28,77.42,5
27.8,80.52,2
28,77.47,2
27.6,81.17,5
28.2,82.52,5
26.5,87.73,5
28.7,77.85,2
28.3,76.9,2
28.2,77.79,5
27.9,75.93,2
28.4,76.94,2
29,72.31,2
28,79.77,2
25.4,87.28,5
27.3,81.46,2
28.2,78.11,5
28.2,76.38,2
27.8,75.18,2
26.8,78.64,0
27.2,74.79,2
27.2,76.18,5
28.1,74.11,5
28.3,73.33,2
28.1,72.92,2
27.4,75.85,0
26.9,73.49,0
27.3,71.99,0
27.4,75.34,2
27.2,73.08,2
27.5,70.41,2
27.5,68.75,0
27.5,74.87,0
27.7,75.54,2
27.3,73.29,0
27,70.14,2
27.4,68.34,0
27.3,71.95,0
27.9,78.42,5
27.9,78.46,2
27.6,69.88,0
27.7,68.57,0
27.8,64.28,0
26,70.77,0
26.1,72.76,0
26.6,70.89,0
26.1,66.3,2
26.3,63.65,2
25.6,67.72,0
25.6,71.8,0
27.5,69.72,2
27.4,67.7,0
27.2,64.46,0
26.1,69.15,0
26,77.81,2
27.7,72.87,2
27.8,70.68,0
27.6,74.34,0
27.6,77.96,2
27.1,80.1,2
27.4,77.49,2
26.9,74.51,0
27.3,69.78,0
27.1,69.64,0
27,66.83,2
26.6,65.52,2
26.3,65.25,0
26.3,61.67,0
26.3,67.08,0
27.3,66.08,0
27.2,71.56,2
27.2,73.44,2
27.3,72.12,2
26.7,69.69,2
27.2,66.94,2
27.5,68.98,2
27.4,76.3,2
28,72.56,0
27.8,72.72,2
27.5,73.97,2
28.1,68.77,0
27.5,71.76,2
27.8,70.34,0
27.9,74.03,2
28.1,68.53,2
27.6,64.41,0
26.6,65.17,0
27.4,61.14,0
26.8,67.35,0
26.8,68.2,0
26.9,63.38,2
26.6,67.81,2
26.3,64.65,0
27,61.39,0
27.2,62.57,0
26.6,63.07,0
27.1,66.05,0
27.8,67.54,2
27.2,65.45,0
27.6,63.6,2
27.1,70.23,0
27.5,70,2
28.3,58.99,2
26.7,68.13,0
28.5,63.35,0
27.6,69.12,0
28.3,64.9,0
28,67.4,0
28.2,67.86,0
28.6,64.94,0
27.9,66.26,0
27.8,69.47,0
28.4,67.31,0
29.1,66.91,2
28.3,69.92,2
28.4,69.46,2
28.5,66.6,2
27.9,64.7,0
28.2,61.51,2
28,63.1,2
27.4,67.68,2
28.7,63.62,2
28.3,64.02,0
28.7,56.27,0
28.5,54.58,0
28.1,57.35,0
27.6,64.85,0
28.1,63.51,2
28.4,62.92,2
28.2,64.88,2
28.5,65.95,2
28.4,66.18,2
29.4,63.31,2
28.8,65.47,0
27.7,67.72,0
28.5,64.79,2
28.9,65.82,2
28.7,65.19,2
29.6,59.83,2
28.6,66.19,0
28.7,67.57,2
29.2,64.06,2
30.1,56.22,2
28.2,62.96,0
28.2,65.02,2
28.8,67.12,0
29.1,68.72,0
29.3,67.96,2
29.8,62.02,2
29.7,61.93,0
28.8,69.16,2
28.6,68.8,2
28.8,69.65,2
29.9,61.35,2
29.6,59.57,0
28.5,62.43,2
28.8,64.8,0
30.1,62.75,2
29.6,61.07,0
29.9,59.06,0
29.5,64.61,2
30.2,65.76,2
30.2,64.47,2
30.5,59.89,0
29.9,60.36,2
29.4,62.74,2
29.9,64.58,2
30.6,61.4,2
30,64.63,2
30.4,65.77,2
30,66.98,2
29.9,66.56,2
30.6,60.7,2
29,69.73,2
29.8,64.31,2
28.9,70.22,2
27.8,71.47,2
28.9,67.99,5
28.3,74.11,2
27.9,75.19,2
27.2,78.64,5
28.9,64.56,5
29.6,59.87,2
28.9,67.12,2
28,75.06,5
27.8,76.52,5
29,68.93,2
29,69.22,2
29.4,66.73,2
29.9,65.5,2
29.5,64.98,2
29.6,66.85,5
29.6,66.48,2
29.8,64.65,2
29.8,66.76,2
28.9,68.84,5
29.9,64.59,2
29.1,67.78,2
30,61.78,2
30.3,64.52,2
30.2,69.47,5
29.1,70.53,5
29.5,65.69,5
28.2,72.23,5
27.8,75.86,5
28.4,71.58,5
29.3,69.07,2
28.7,69.81,2
29.3,67.95,2
28.4,72.19,5
28.5,72.44,5
27.1,82.98,5
28.8,74.21,2
28.1,78.59,2
27.8,80.34,5
27.1,82.1,5
27.2,81.08,5
28.3,75.66,5
27,81.91,5
27.3,83.48,5
27,85.76,5
29.9,70.21,2
29.2,73.19,5
28.3,78.2,5
27.3,79.57,5
26.7,82.12,5
26.1,84.79,5
26,83.38,5
26.3,80.86,5
25.8,83.83,5
27.3,79.99,5
26.7,81.08,5
27.4,76.16,2
27.1,74.74,2
27.3,74.06,2
27.3,75.34,2
27.9,73.19,2
28.1,71.51,2
27.6,76.03,5
26.4,82.84,5
25.9,87.65,5
27,80.7,5
26.5,82.72,5
26.9,81.93,5
26.7,83.34,5
26.5,85.64,5
26.2,84.59,5
27.4,81.7,5
26.9,83.97,5
27.2,80.73,5
27.5,80.09,5
27.4,81.76,5
27.6,79.53,5
27.9,81.4,5
27.1,83.7,5
26.7,86.29,5
26,89.94,5
26.8,86.57,5
26.7,86.88,5
27.8,81.12,2
28.2,81.56,5
28.8,77.92,5
28.2,80.15,2
28,76.74,5
26.9,88.09,5
28.1,78.1,2
27.8,83.14,2
28.3,78.64,2
28.1,81.23,5
25.6,90.34,5
27,82.22,2
28.1,76.67,2
27.8,82.22,5
27.6,83.53,5
28.1,79.17,2
27.3,82.15,5
28.2,78.19,2
28.6,77.62,5
27.5,80.48,5
27.2,81.72,5
28.1,78.61,5
27.5,76.27,2
27.7,82.8,5
27.8,82.03,5
28.3,79.02,5
28.4,80.01,5
28,81.69,5
28.2,81.13,5
27.9,78.07,5
27.4,78.29,2
27.6,79.07,5
28.3,76.39,5
28.5,75.74,5
28.2,74.59,5
28.1,77.28,5
28,79.17,5
27.4,82.78,5
28,84.03,5
29.4,72.94,5
28.5,77.64,5
28,78.98,2
28.7,79.01,5
28.2,82.35,5
27.8,82.51,5
27.8,80.47,2
28.1,76.29,2
28.4,75.95,2
29,75.95,5
26.8,86.3,5
26.3,87.39,5
27.6,82.78,5
27.4,83.62,2
27.5,82.39,5
27.9,80.21,2
27.1,84.51,2
27.8,83.17,5
28.3,78.77,2
28.1,80.74,5
27.2,84.34,5
27.8,80.48,5
27.2,83.12,5
27.8,80.13,5
28.1,82.78,5
27.2,85.88,5
27.7,82.05,5
28,80.93,5
27.9,81.07,5
27.1,84.58,5
27.5,82.96,5
27.5,82.47,5
28,79.59,5
28.7,77.85,2
27.4,86.35,5
28.9,80,2
27.2,86.35,5
28.2,82.65,5
27.4,85.68,5
27.7,81.33,5
28.2,80.79,5
28.3,83,5
29.4,75.23,2
29.2,77.42,5
27.7,81.64,5
28.4,74.71,2
28.7,79.81,5
29.3,77.54,2
29.4,77.07,5
27.8,84.05,5
27.9,82.99,2
28.1,82.15,5
27.7,85.42,5
27.2,88.69,5
26.2,93.53,5
27.8,85.21,5
27.5,87.24,5
26.5,90.02,5
28.5,76.17,2
28.6,83.33,2
28.2,85.3,5
29.1,78.28,5
28.5,79.28,5
28.7,78.61,5
28.6,82.69,5
28.1,81.81,5
28.3,80.89,5
28,80.66,2
27.5,82.38,5
28.2,82.72,5
28.4,77.18,2
28.7,77.12,5
28.7,77.68,2
28.4,78.23,2
29.1,76.27,2
29.4,75.19,2
28.6,76.29,5
28.2,78.17,5
28.6,77.18,2
27.5,82.74,5
26.9,86.46,5
26.6,85.35,5
27.2,81.6,5
28,81.11,5
27.9,81.87,5
27.6,81.73,5
27.5,82.39,2
27.4,82.89,2
28.3,76.22,5
27.2,82.71,5
27.7,81.21,5
28.3,75.44,5
27.8,75.8,2
27.7,71.35,0
27.3,71.16,0
28.2,73.02,2
27,76.9,2
27.9,72.88,2
28.1,73.79,0
27.7,74.76,0
28.3,72.62,2
28,72.47,2
28.2,75.62,5
27.8,76.55,2
28,76.57,2
29.3,73.23,5
28.2,78.54,5
27.2,78.95,5
27.7,79.68,5
28.3,77.87,5
27.9,77.38,5
28.1,74.26,2
27.5,76.28,2
28.1,73.55,2
28.1,78.61,5
28,75.73,2
27.7,73.16,2
28.4,70.35,0
28.7,68.76,2
28.6,72.22,2
27.9,75.33,2
27.8,72.88,0
27.4,71.37,0
27.4,70.4,0
26.9,69.66,2
26.8,70.13,0
27.2,70.06,2
27.3,73.88,5
26.8,81.19,5
27.7,78.71,2
26.2,85.4,5
27.1,79.27,0
28.1,74.25,2
27.9,70.88,0
26.8,71.73,0
27.6,68.74,0
27.8,72.43,2
28.4,71.9,2
28.3,69.59,2
27.5,71.1,2
27.6,68.4,0
27.7,68.35,0
27.7,70.81,0
28.1,73.42,2
28.4,71.08,2
28.3,76.3,5
28.3,75.46,5
27.9,76.7,2
27.9,71.16,2
27.6,74.68,2
28,69.97,2
27.2,74.03,0
27.8,74.55,0
27.9,71.67,2
28.1,73.86,2
27.5,77.59,5
26.9,80.58,2
28.3,76.4,2
28.2,77.09,5
28.7,74.42,5
28.5,72.28,2
27.8,69.29,0
27.6,71.99,2
28.8,69.74,2
28.6,70.12,2
27.9,71.76,0
28.6,70.76,2
28.3,66.58,2
28.7,62.58,2
28.2,71.27,0
25.5,88.63,5
27.1,79.91,2
27.9,77.85,5
26.6,84.25,2
27.6,79.18,2
27.5,78.31,5
27.2,78.58,2
27.6,75.59,2
29,66.34,2
28.7,72.3,2
27.4,77.1,5
27.2,79.78,5
28.4,78.03,5
27.8,77.33,5
28.5,74.29,2
28.8,73.4,2
27.7,79.22,2
28,75.77,2
27.3,81.02,5
28.2,77.88,5
28.9,72.58,5
28.6,70.72,2
29,67.14,2
29.1,67.27,2
29.7,67.67,2
28.9,72.17,2
27.9,76.21,5
29.7,70.46,2
29.6,70.17,0
30.1,66.55,2
29.1,68.74,2
26,78.55,5
25.7,87.09,5
26,81.39,5
28.1,69.83,2
28.8,67.41,2
28.2,68.22,5
27.8,73.9,5
28.3,74.09,5
25.8,84.75,5
28.1,76.77,2
27.5,77.71,5
28.1,75.7,5
28.8,71.54,5
28.7,71.54,2
27.8,77.02,2
27.3,79.23,2
29,72.73,5
28.3,78.57,5
28.2,78.99,5
27.9,77.41,5
27.6,78.76,2
27.9,77.19,2
28.1,76.81,5
28.1,74.37,5
26.7,81.7,5
26.8,80.55,2
28,74.55,5
28.5,75.3,5
26.4,89.34,5
26.2,86.56,5
27.5,82.77,5
27.1,83.51,5
28.2,78.66,2
28,81.1,5
29.3,73.37,5
29.4,70.56,2
28.7,74.17,2
27.9,78.96,5
29,75.91,2
29.5,73.94,2
29.3,72.22,5
29.3,71.21,2
30,68.58,2
29.4,69.39,2
29.5,67.86,2
28.9,72.2,2
28.3,72.55,2
28.4,72.74,2
28.2,77.26,5
27.5,79.92,5
27.7,77.23,2
28.3,76.1,2
28.9,74.27,5
28,78.96,5
26.8,84.52,5
26.4,83.35,2
27.3,81.72,5
26.3,87.24,5
27,80.95,5
26.8,84.88,5
26.3,86.13,5
27.7,79.32,2
27.8,78.6,5
26.4,82.74,5
26.6,84.39,5
25.7,81.97,5
25.8,82.3,5
28.5,74.91,2
28.4,77.25,5
27,77.69,5
27,80.12,5
26.5,82.11,2
27.6,76.31,5
27.1,82.08,5
26.4,85.42,5
26.8,81.45,5
25.9,86.11,5
25.3,85.61,5
26.9,74.38,2
27.4,74.66,5
27.6,73.8,5
28,70.83,2
27.6,73.42,2
27,74.53,5
27.8,77.38,2
27.1,83.49,5
25.4,90.72,5
26.1,84.43,5
26.5,84.78,5
27.2,79.3,2
26.8,80.87,5
27.6,79.43,5
26.4,81.9,5
26.1,85.16,5
26.5,80.89,5
28.5,71.72,2
27.5,74.61,2
26.4,79.46,5
26.4,80.49,5
27.6,74.14,2
26.8,78.09,5
26.6,76.41,5
27,74.67,2
27,75.83,2
27,79.09,2
26,82.22,5
26,79.87,2
26.4,78.07,5
27,76.14,2
26.1,82.18,5
25.2,86.43,5
25.8,85.2,5
27.4,79.89,2
28.3,74.89,2
26.5,80.38,5
25.7,85.1,5
27,78.85,5
25.4,85.07,5
26.2,83,5
26.3,85.66,5
26.5,82.07,5
26.7,75.38,2
27,75.84,2
27.2,79.18,5
27.8,78.63,2
26.5,80.26,5
27,81.62,2
27.2,82.89,5
26.8,82.37,5
26.4,80.62,5
27.5,75.31,2
26.5,80.43,5
27.1,76.55,2
27.1,78.21,5
25.8,84.82,5
28.3,72.29,2
28.3,74.18,2
28.4,73.43,5
26.7,78.53,5
26.1,82.01,5
27.5,75.85,2
26.5,83.3,5
27,79.28,2
26.5,82.18,5
26.2,84.5,5
26.9,75.85,5
27.2,76.89,5
27.8,76.01,5
28.1,74.12,5
27.7,76.23,5
26,86.08,5
25.6,88.02,5
26.7,81.4,5
26.9,80.37,5
27.9,74.43,2
26.3,84.47,5
26.4,84.53,5
27.2,81.64,5
27.7,75.23,5
27.8,72.91,2
27.2,80.31,5
26.9,82.8,5
28.2,75,2
27.6,80.38,5
27.7,78.03,5
28.3,75.52,5
26.5,84.74,5
26.9,80.26,2
26.6,80.92,5
27,82.39,5
26.1,83.68,5
27,81.69,5
27,80.3,5
27.2,80.19,5
28.2,73.73,2
27.2,79.94,5
26.6,85.58,5
26.2,84.67,4
26.3,84.36,4
28.1,76.7,1
28.6,72.64,2
27.3,81.74,5
27.5,79.6,2
26.5,86.51,5
26.7,84.94,5
26.6,83.84,5
27,80.51,5
26.1,83.59,5
26.2,85.13,5
27.2,78.95,2
27.1,80.31,5
27.2,80.42,5
27,80.88,5
28.5,71.67,2
27.9,75.24,2
28.4,74.07,2
27.8,77.01,5
26.8,83.86,5
27.5,82.1,5
27.8,80.74,5
27.7,81.56,5
27.9,80.62,5
28.3,75.36,2
28,76.34,5
28.3,79.6,2
28,80.18,5
26.4,81.53,5
25.8,87.06,5
27.4,81.11,5
28.1,78.15,2
26.6,86,5
27.6,80.14,2
27.3,81.55,2
27,84.14,5
28.6,76.9,5
28,78.31,2
27.8,82.7,5
28.7,79.99,5
28.1,80.91,5
27.5,81.83,5
26.6,85.8,5
27.2,79.57,2
28.6,74.77,2
29,71.97,2
28.6,74.7,2
28.4,76.37,5
28.2,71.8,2
28.3,70.97,0
28.6,66.94,2
27.1,71.24,2
27.3,72.64,2
27.9,73.43,2
27.6,69.81,2
27.3,73.32,0
28,74.87,2
28,74.48,2
27.8,75.39,2
28.1,81.66,5
28.9,77.68,5
29.1,73.37,2
28.8,73.29,2
28,75.14,2
27.5,73.46,2
27.1,73.72,2
27.3,75.78,2
26.4,74.07,2
26.9,69.01,0
26.4,71.52,0
26.7,68.16,2
26.6,68.08,0
26.3,70.66,0
26,68.97,0
25.7,64.12,2
25.1,68.69,0
25.2,74.48,0
26,72.35,0
26.3,72.2,0
27.1,70.45,0
27.1,73.35,0
26.3,69.77,0
25.5,72.42,0
25.8,74.06,0
27.1,73.67,2
27.7,74.65,2
27.4,74.73,2
27.4,77.91,2
27.2,74.66,5
26.3,73.81,2
25.4,73.66,0
25.6,67.72,0
25.8,72.73,0
25.6,75.78,2
26.6,68.53,2
26.5,67.92,0
26.6,70.56,0
27.1,75.96,2
27.8,75.82,2
27.4,80.42,5
28.2,74.85,2
28,72.76,2
26.9,75.37,0
27.7,72.06,0
27.9,68.91,2
26.9,75.34,2
27.4,73.82,5
27.6,73.41,2
27.6,75.05,5
27.3,73.42,2
27.4,71.88,2
26.5,71.19,2
26.4,73.99,2
26.2,66.76,2
26.5,68.45,0
26.9,69.72,0
27.3,70.21,2
26.6,64.17,0
26.2,67.69,0
26.7,67.78,0
26.7,71.3,0
26.6,73.76,0
26.7,69.34,0
26.3,65.41,0
25,68.83,0
25.7,66.85,0
25.7,72.34,2
26.5,71.25,2
27.2,66.77,0
26.2,69.36,0
26.1,70.76,0
26.6,72.98,2
26.8,72.89,2
27.6,68.86,0
26.8,70.85,0
26.7,70.22,0
27.1,67.77,0
26.8,62.64,0
26.4,67.24,0
26.6,68.94,2
26.9,67.81,2
26.6,66.92,0
26.9,67.79,0
26.6,62.8,0
26.8,55.87,0
25.5,60.21,0
26,62.81,0
26.8,69.07,2
27.4,71.5,0
27.8,67.59,2
28.1,62.97,2
26.4,73.63,0
26.8,69.79,0
27,67.6,0
26.7,67.7,0
26.8,68.46,0
27.5,67.09,0
26.6,66.11,0
27.5,63.3,0
26.9,67.02,0
27.4,65.49,0
27,71.75,0
27.8,69.41,0
27.7,69.89,0
28.3,69.41,2
26.9,71.91,0
28,66.13,2
27.6,67.16,2
28,67.05,2
27.7,65.98,0
28.5,60.43,0
28.6,61.95,0
27.4,60.87,0
27,62.18,0
27.3,66.64,0
27.6,65.79,0
27.4,65.36,0
27.3,64.73,0
27.6,64.3,0
27.4,66,0
27.7,65.9,0
28.6,63.02,0
28.6,63.59,2
28,60.52,2
27.3,59.11,0
27.2,63.01,2
27.6,63.31,2
27.8,63.87,2
28.9,62.2,0
28.6,64.06,2
28.7,68.64,2
28.6,66.21,2
28.2,65.75,0
28.7,59.42,0
28.6,57.99,0
28.5,64.7,0
28.5,69.84,0
29.2,67.46,0
30.3,60.97,0
28.9,67.25,0
29.2,67.4,2
30,64.85,2
30.1,67.67,2
29.5,68.79,2
29,73.66,5
30.4,64.74,2
29.8,67.53,2
29.5,71.59,2
30.3,64.81,2
29.6,68.46,2
28.3,74.46,5
29.7,67.58,2
29.6,65.28,2
30,65.45,2
28.2,74.66,5
28.3,75.35,5
27.5,77.29,2
27,81.44,2
26.1,83.78,5
27.1,77.58,5
26.6,83.34,5
27.8,80.02,2
29,73.61,2
29.4,69.88,2
28.5,72.84,2
28.7,71.89,2
27.9,76.37,5
29.3,70.73,2
29.7,68.84,2
28.2,78.57,5
27.9,79.29,2
27.4,80.98,2
26.9,79.97,2
26,86.73,5
27,82,5
28.7,75.39,2
29.3,69.09,2
29.9,65.7,0
31.2,65.02,2
29.2,75.68,5
27.4,85.12,5
28,82.36,5
29.9,72.55,2
29,75.5,2
27.5,79.72,5
27.7,77.57,2
27.6,76.01,2
25.6,85.24,5
26.9,79.52,5
28.5,76.03,2
28.2,74.81,2
27.3,81.68,5
27.8,78.1,2
28,77.44,5
28.2,79.23,2
28.6,76.48,2
27.2,79.17,5
27.2,81.96,2
26.3,86.93,5
26.9,84.77,5
28.1,80.48,2
27.3,82.44,5
27.5,83.44,5
27.8,81.72,5
27.8,81.74,2
27.1,85.15,5
26.6,87.61,5
27.3,84.03,5
28.8,74.21,2
28.4,75.11,2
28.4,71.93,2
28.2,74.04,5
26.2,88.6,5
26.8,84.85,5
26.8,83.65,5
27.7,76.52,2
27.4,81.77,5
27.3,80.89,5
27.2,80.33,5
27.3,78.27,5
26.9,81.25,2
26.6,80.87,5
27.3,82.3,5
26.8,81.53,5
26.5,83.91,5
26.3,86.05,5
25,88.97,5
25.2,81.4,5
26.6,85.14,2
26.5,90.01,5
26.6,84.68,5
26.1,85.45,5
27.3,78.36,5
25.6,86.1,5
27.6,76.71,2
26.6,81.26,5
27.2,78.33,5
26.9,81.92,5
28.1,76.37,5
27.4,79.9,5
28.8,76.26,5
27.3,82.89,5
25.3,88.47,5
26.6,85.22,5
26.5,86.69,5
25.9,87.73,5
25.3,90.04,5
25.4,86.34,5
28.4,74.92,2
26.4,88.58,5
27.9,80.69,5
27.6,81.62,2
27.3,82.9,5
27.8,78.9,2
28.1,80.12,2
26.8,84.3,2
29.1,74.55,2
29.4,72.87,2
29.2,72.68,2
27.7,78.56,5
27.8,75.97,5
26.8,81.71,5
26.9,80.44,2
26.7,80.64,5
27.2,77.63,2
28.7,73.62,2
28.5,75.07,2
28.1,78.51,5
27.8,80.26,5
27.6,78.55,5
26.6,80.08,5
27.3,78.05,2
26.7,86.07,5
28,73.98,2
27.3,78.41,5
27.7,74.29,2
27.8,75.4,2
26.5,82.02,5
26.9,80.66,5
26.6,79.56,5
26.8,79.65,2
28.2,73.22,5
26.5,80.25,5
25.6,82.09,5
27.1,81.41,5
26.1,85.57,5
27,81.25,5
26.9,81.88,5
27.1,80.2,5
27,81.14,2
27.8,79.08,2
26.8,81.12,5
26.7,75.62,2
27.4,71.92,2
28.2,73.79,5
26.8,82.05,5
28.5,76.35,2
27.6,78.87,2
27.8,78.43,5
27.9,72.83,2
28.7,71.45,2
28.3,69.34,5
27.8,75.33,2
27.5,78.29,2
28,78.25,5
27.4,82.1,5
27.9,78.68,5
26.7,82.26,5
26.7,80.21,5
27.6,78.64,2
28,77.91,2
27.6,80.11,5
28.4,72.53,2
28.5,73.61,0
28.3,74.13,2
28.5,73.06,2
28.6,73.56,2
28.8,74.52,2
28.5,78.44,5
28.5,79.57,5
28.8,76.68,2
29,73.85,2
28.6,75.96,2
28.5,78.41,2
28.5,75.16,2
27.7,75.14,5
28.5,71.09,2
28.3,75.27,5
29.2,73.65,2
28.5,76.87,2
28.8,73.46,5
28.5,78.03,5
28.2,81.53,5
27.8,80.48,5
28.6,74.66,5
28.5,76.71,2
28.7,68.96,2
27.2,81.87,5
28.7,76.19,2
28.6,74.68,2
27,79.27,5
28.5,73.98,2
28.7,72.1,2
28,69.79,0
27.9,69.05,2
28.2,70.66,2
28.5,74.38,5
25.7,87.46,5
27.7,79.34,5
28.2,78.75,2
28.6,78.06,5
28.4,78.42,5
28.7,76.48,2
28.6,75.25,2
27.7,71.25,2
28.3,63.06,2
27.4,68.35,2
27,69.65,2
27.3,68.57,2
27.4,70.75,0
28.1,71.83,0
27.3,77.66,5
27.4,73.27,2
27.6,72.08,2
27.9,74.37,2
27.8,72.41,2
27.2,71.16,2
27.6,66.43,2
26.9,65.1,0
26.8,69.99,0
28,77.58,2
28.2,79.72,2
28.6,79.3,5
28.5,76.63,5
26.9,82.54,5
26.1,84.31,5
27.6,76.98,2
27.2,73.44,2
26.8,73.74,2
27.1,67.74,2
27,71.83,0
27.6,70.11,2
27.6,69.55,0
27.1,72.38,2
27.4,78.99,2
27.6,78.92,5
27.4,73.54,2
26.5,70.19,0
26.2,68.16,0
26.6,66.76,2
26.3,68.8,0
26.5,69.26,0
26.7,69.31,0
26.5,69.69,0
26.1,69.55,2
26.6,64.76,0
27.8,63.05,0
27.1,70.15,0
26.2,70.23,0
25.5,69.42,0
26.3,66.86,0
26.6,73.09,2
27,71.93,2
27,70.47,0
27.2,70.76,0
26.9,71.03,2
26.7,68.35,0
26.9,67.25,2
26.9,72.73,2
27.2,71.45,0
26.6,71.28,0
26.4,67.63,2
26.5,71.37,2
26.4,76.01,2
27,74.26,2
26.4,72.31,0
25.8,71.01,2
25.6,68.72,0
24.8,68.28,0
25.4,72.17,0
25,70.51,2
25.9,69.41,0
26.4,65.56,0
26.5,66.3,2
26.4,68.8,0
25.7,67.7,0
25.6,68.18,0
25.3,69.36,0
26.6,66.95,0
26.3,69.97,0
26.7,70.1,2
26.6,74.05,2
26,72.75,0
26.2,64.19,0
26.4,66.31,0
26.6,67.49,0
27,66.88,2
26.2,70.47,0
26.1,66.58,0
25.7,66.19,0
26.5,59.04,0
25.5,68.25,2
27,64.01,0
26.6,66.19,0
26.3,67.65,0
26.4,68.16,0
26.5,63.75,0
26.1,64.22,0
26.4,63.99,0
26.6,61.63,0
26.3,66.34,0
26.8,67.47,0
27.8,67.64,2
27.4,68.91,2
27.3,67.21,2
27.1,64.88,2
26.8,63.34,0
26.4,64.42,0
26.4,67.91,0
26,68.08,0
26.8,65.98,0
27.2,68.26,0
28,67.52,0
27.2,72.32,0
27.9,71,0
27.9,63.57,0
27.9,65.46,0
27.5,66.97,0
27.4,62.03,0
26.7,66.55,0
27.4,67.34,0
28.1,67.43,0
28.1,68.9,0
28.1,65.4,0
28.3,64.13,0
27.9,73.18,0
28.8,63.78,0
28.3,65,0
27.9,67.49,0
27.9,64.22,0
27.7,64.33,0
28,62.11,0
28,62.72,0
28.1,66.65,2
28.1,65.26,2
28.1,66.51,2
28.1,68.72,0
28.9,65.93,0
29.4,64.53,0
29.2,64.96,0
28.4,64.23,2
28.9,63.18,2
29.6,62.91,2
29.2,63.13,0
28.9,68.81,2
28,66.71,0
29.5,61.06,2
29,65.29,5
28.6,68.11,0
29.5,68.14,0
29.8,67.64,0
30,67.1,2
27.8,71.37,2
28.2,73.18,5
29.1,67.81,2
29.4,65.63,0
29.5,66.14,0
30,62.51,0
29.5,58.36,0
29,60.05,2
29.1,63.2,0
29.1,64.91,2
29.5,64.29,2
29.1,70.43,2
30.3,65.4,2
29.1,71.88,2
30.2,63.52,2
30.2,63.22,0
30.6,59.79,2
29.6,67.84,2
29.9,67.86,2
29.8,64.65,2
30.5,59.41,2
30.2,63.07,2
30.3,62.81,2
29.8,61.93,2
30.9,60.24,2
30.6,63.63,2
30.3,61.31,2
30.2,59.43,2
30.1,62.16,2
29.9,64.73,2
31.4,58.19,2
30,67.26,2
29.1,71.95,5
28.9,70.38,5
28.9,69.26,2
29.2,66.76,2
28.9,70.01,5
27.3,79.36,5
28.3,73.17,2
28.1,73.06,2
29.2,69.98,5
29.3,71.22,5
29,72.75,5
28.6,75.45,2
28.3,74.64,2
29.1,75.29,2
29.9,72.56,5
29.2,75.25,5
28.5,76.05,5
27.6,78.8,5
27.1,78.89,5
27.6,78.54,2
28,79.85,2
29.1,75.27,2
27.8,76.81,5
28.8,74.16,5
28.3,77.19,5
27.4,78.86,5
27.6,79.14,2
27.5,80.75,5
27.2,83.29,5
27.5,79.5,2
27,80.89,5
27.4,79.2,5
28.8,74.42,5
28.5,73.75,2
27.2,79.78,2
28.5,72.77,2
28.7,74.07,2
27.7,78.98,2
28.2,76.83,5
26.9,81.45,5
26.6,84.29,5
26.8,83.85,5
27.5,82.93,5
28.3,76.79,5
27.5,80.52,5
27,82.64,5
26.1,86.91,5
27,82.48,5
26.9,81.89,5
27.1,79.81,5
26.3,82.79,5
27.9,73.88,5
28.4,65.75,2
27.6,71.76,2
29.2,69.05,2
29.1,69.06,2
29,70.81,2
28.1,73.79,5
26.9,79.11,5
26.3,84.76,5
27.3,77.36,5
27.8,74.78,5
27.6,76.84,5
27,78.28,5
26.6,82.35,5
27.2,79.87,5
26.9,81.42,5
28.1,74.97,2
26,83.1,5
27.2,78.73,5
26.6,81.28,5
26.7,79.55,5
26.4,80.11,5
27.1,76.49,5
26.6,81.39,5
27.2,80.06,5
26.8,84.01,5
27,85.26,5
27,83.32,5
28.5,77.84,2
28.5,75.98,2
29.1,71.18,2
28.7,72.71,2
29,71.8,2
28.7,71.96,2
28,73.99,5
27.3,78.32,5
28.2,75.72,5
26.7,81.04,5
27.8,75.45,2
27,76.73,2
26.1,83.94,5
26.9,80.35,5
27.1,79.35,2
27.2,75.71,2
26.7,78.42,2
27.2,75.61,5
28.2,74.15,2
27.1,79.9,5
27.3,82.03,5
27.7,79.75,5
27.3,82.56,5
26.7,83.68,5
27.4,78.97,5
28.1,79.81,2
27.5,79.32,5
27,80.58,5
27.9,76.8,5
26.2,82.02,5
28.3,71.38,5
28.3,74.43,5
27.3,82.61,5
27.3,80.49,5
27,82.9,5
26.8,81.7,5
26.8,81.01,5
26.7,82.36,5
26.5,81.3,5
26.1,82.86,5
25.7,84.18,5
26.4,83.95,5
27.1,83.91,5
27,84.86,5
28.8,76.61,2
28.7,74.31,2
28.8,73.38,2
29.1,75.63,5
28.6,73.3,5
28.9,71.01,5
28.1,77.88,5
27.9,77.83,5
28.8,76.75,2
28,80.49,2
27.8,79.54,5
27.5,80.71,5
28.4,80.82,2
28.5,77.34,2
28.6,76.58,2
28.5,76.82,2
29.1,78.06,5
27.5,84.35,5
26.6,84.91,5
27.2,80.25,5
27,83.63,5
27.7,82.73,5
27.5,79.85,2
27.7,76.74,2
28.3,79.16,5
28.4,82.92,5
27.8,83.02,5
28,80.04,5
28.1,78.75,2
27.1,82.33,5
27.3,80.18,5
27.7,79.34,5
28.1,79.88,5
28.6,75.51,2
27.9,80.13,5
27.8,82.95,5
28.3,74.77,2
28.3,72.38,2
27.8,76.15,5
28.9,74.09,2
28.8,74.03,2
29.6,69.51,2
29,70.9,2
28.2,73.93,2
29,72.07,2
28.9,73.38,2
29.3,72.59,2
29.6,75.34,2
29.5,72.75,2
28.7,76.21,2
28.8,72.81,2
29.5,71.74,2
28.7,79.23,5
29.1,76.78,5
26.5,86.12,5
28.2,77.51,2
27.1,83.11,5
27.9,83.03,2
27.8,82.82,5
27.1,84.07,5
27,83.58,2
27,83.25,5
28.4,76.79,2
28.3,78.97,5
26.2,86.25,5
28.1,78.4,5
27.5,85.26,5
27.2,82.58,5
24.5,91.74,5
27,79.98,2
27.2,80.58,2
26.7,81.7,5
26.7,81.52,5
26.9,85.16,5
26.7,86.16,5
26.7,85.39,5
27.5,81.95,5
27.8,83.36,5
26.3,86.54,5
27,84.73,5
27.2,84.75,5
26,87.59,5
25.9,89.51,5
26.5,86.75,5
28,78.94,5
26.3,85.27,5
25.9,85.73,5
27.3,83.56,5
27.7,82.39,5
25.9,89.18,5
27.7,81.07,2
28.1,82.08,5
27.9,81.11,2
28,76.44,5
27.8,79.75,5
28.3,79.86,5
28.3,77.15,2
28.3,74.3,2
28.4,74.37,2
28.3,73.72,2
27.8,76.96,2
27.6,75.98,2
28.4,77.19,5
27.6,77.19,2
26.5,83.96,5
25.2,88.62,5
27.2,81.38,5
27.3,74.2,2
26.8,73.39,2
26.8,73.42,2
26.6,77.7,2
27.5,75.09,2
26.8,79.19,2
26.5,81.79,5
27.2,79,2
27.3,80.24,5
26.1,83.08,5
26.3,82.37,2
26.7,79.6,2
27.1,71.07,2
26.5,69.36,2
26.1,69.97,2
26.2,73.35,2
26.7,73.68,2
27.2,76.99,5
28.2,74.32,2
27.8,75.82,5
27.5,73.76,2
27,74.59,2
27.3,71.09,2
25.3,73.25,0
25.7,69.24,0
25.5,67.45,2
25.3,68.8,2
26.1,69.62,0
26.1,70.65,0
26.2,69.69,0
27,69.05,2
27.2,70.74,2
27.2,72.06,2
26.5,71.15,0
26.6,70.02,2
26.8,69.84,0
27,70.4,2
25.4,65.53,2
24.3,61.78,2
24.8,64.66,2
26.2,69.43,0
27.1,71.39,2
27.6,71.16,0
26.8,69.92,2
26.2,67.02,0
25.9,67.02,2
26.7,66.26,0
27,63.72,0
27,67.02,0
26.8,67.25,0
26.4,69.42,2
26.8,68.18,2
27.1,67.39,0
27.8,66.11,0
27.5,63.87,0
28.2,70.38,0
28.1,71.09,5
27.9,71.63,2
28.3,66.46,2
27.6,68.74,0
28,66.54,0
27.7,64.25,2
27.4,63.97,2
27.3,67.5,5
27.3,66.14,2
27.3,68.12,2
27.2,64.86,0
26.7,61.88,2
26.6,64.36,0
28.5,64.55,2
28.5,64.73,2
27.8,61.86,0
27.1,63.26,0
27.2,65.95,0
27.4,65.2,0
27.2,66.51,0
27.6,62.21,0
26.8,64.28,0
27.1,64.43,0
27.1,65.26,0
27.3,64.63,0
27.4,63.69,0
27.5,65.17,0
27.2,64.82,0
27.2,65.96,0
27.1,66,0
27.3,66.54,0
27.3,66.66,0
27.5,64.74,0
27.7,64.13,0
28.1,63.42,0
28.3,64.16,0
28.3,64.58,0
28.3,63.25,0
27.8,65.66,0
28.5,59.27,0
28.1,63.3,3
27.7,65.3,0
28.5,62.58,0
28.8,61.84,0
29.1,61.01,0
28.4,61.96,0
28.1,62.09,0
28.9,68.1,2
29.5,72.97,2
28.6,69.74,2
29.4,71.46,5
29.2,65.28,0
29.4,64.47,0
29.4,64.94,2
29.6,64.59,2
29.5,63.2,2
29.6,65.78,0
29.8,64.62,2
29.6,64.43,2
29.3,65.15,2
29,64.51,2
28.4,67.08,5
29.1,60.64,0
29.2,62.08,0
29.2,63.85,0
28.3,71.46,2
29.3,67.57,2
30.1,63.98,2
29.7,65.62,0
29.7,64.74,0
28.9,67.79,2
29.8,64.76,2
30.2,64.65,0
29.8,68.01,2
26.9,76.24,5
27.3,74.08,2
28.3,70.42,2
26.7,79.49,5
26.7,81.93,5
27.1,76.65,5
27.8,73.62,5
26.7,81.45,5
27.5,77.31,5
27.6,70.2,2
28.1,70.13,2
28.5,70.6,2
28.4,71.38,2
26.3,82.49,5
26.9,77.19,2
27.8,73.18,5
27.6,77.71,5
28.1,72.58,2
28.6,65.69,2
27.7,73.14,5
28.9,73.06,5
29.2,71.7,2
28.1,76.46,5
26.5,84.56,5
27.8,77.75,2
28.1,74.59,5
27.9,74.82,5
26.2,85.05,5
27.9,78.4,2
27.7,79.63,5
25.8,85.42,5
27.2,80.71,2
26,84.96,5
25.6,84.78,5
26.6,83.5,2
25.9,85.5,5
25.7,87.02,5
26.7,82.42,2
26.5,82.9,5
26.3,83.72,5
25.9,87.99,5
25.8,81.22,2
27.6,74.85,2
26.1,77.74,2
28.2,68.72,2
28.1,68.05,0
28.8,65.47,2
28.5,64.71,0
27.1,76.26,5
26.9,76.27,2
26.6,79.69,1
28.4,69.47,2
26.6,82.01,5
25.5,86.58,5
25.8,84.3,5
25.6,86.22,5
27.3,77.16,2
27.7,75.09,2
28,73.46,5
27.8,77.48,2
27.7,77.79,5
27,78.66,5
27.2,76.7,2
28.2,68.15,5
27.5,72.02,2
27.6,72.71,2
27.4,73.45,2
27.3,72.22,5
27.1,76.43,4
26.9,76.9,2
25.7,82.8,5
26.6,76.03,5
26.3,77.44,5
26.5,76.4,5
26.2,75.21,5
26.7,74.4,5
27.1,78.1,5
26.7,79.8,5
26.9,77.25,5
27.3,76.67,5
27.2,79.64,4
27.7,78.71,1
25.9,89.23,4
26.1,83.93,5
26.6,78.01,5
27.9,73.54,2
28.4,72.84,2
27.8,75.62,5
27.1,79.85,5
27.3,75.99,5
26.2,79.13,5
27.3,75.83,2
28,73.5,2
27.6,77.58,5
26,81.4,5
25.2,83.48,5
26.3,80.04,5
26.4,78.76,5
26.1,85.44,5
25.7,85.49,5
26.4,83.03,5
26.8,80.57,2
26.2,78.96,5
26.2,75.87,2
27.7,70.91,5
28,71.65,5
27.8,71.16,5
28.4,70.85,2
26.5,80.87,5
26.9,78.76,2
27.4,77.03,5
26.8,79.51,5
26.9,81.51,5
26,87.58,4
27.9,79.71,2
29,75.49,2
28.3,74.56,5
27.1,84.03,4
27.9,81.08,5
26.9,85.34,4
27.8,78.8,5
26.5,83.04,5
26.4,78.74,2
28.7,76.89,5
28.5,75.65,5
26.8,84.13,5
27.4,79.24,5
28.3,73.06,2
27.2,78.65,5
27.8,77.38,5
26.7,81.68,5
28.4,72.77,2
28.2,76.49,5
28.6,69.19,2
27.9,70.01,2
28.8,71.42,2
28.4,73.89,5
28.2,76.53,5
27.9,77.39,5
29.1,72.7,2
28.7,75.84,5
28.8,71.41,2
29.1,72.39,2
30,68.13,5
28.4,74.94,5
27.6,78.34,5
27.9,76.19,5
25.8,81.92,5
26.8,80.41,5
25.6,80.5,5
27.4,80.17,5
26.3,82.46,5
26.2,82.98,5
26.9,81.81,5
27,78.48,5
26.6,83.15,2
27.8,74.69,2
27.7,73.47,2
28.4,73.91,2
27.9,77.65,5
28,78.26,2
27.6,77.59,5
28.2,76.7,5
27.3,83.51,5
28.3,78.89,5
27.6,80.29,5
27.6,81.84,5
28.6,75.73,2
28.7,73.34,2
29,73.95,5
28.4,76.87,2
28.7,75.31,2
28.3,77.43,5
28.6,75.86,5
28.7,74.45,5
29.3,71.59,2
29.3,73.68,5
29.3,71.25,2
29,73.07,2
28.8,71.68,2
29.2,68.88,2
28,73.57,2
28.6,74.6,5
27.9,79.33,5
27.9,77.16,5
29.1,72.47,2
28.3,74.14,5
28.9,70.2,2
28.6,70.01,2
28.4,72.3,5
28.2,74.83,2
28.4,73.62,2
29.1,71.27,2
28.2,76.07,5
28.7,75.99,5
28.2,76.67,5
29.3,70.32,2
29.8,66.91,2
29,70.84,2
28.6,69.48,2
27.9,64.02,2
27.6,68.4,0
28.6,67.31,2
28.6,71.6,2
29.2,70.58,2
29,70.02,2
28.7,69.94,2
28.4,69.92,0
28.4,71.85,5
28.9,72.56,2
28.9,73.47,5
28,77.17,5
27.9,73.13,2
28.1,70.66,2
28.2,70.35,2
27.9,70.72,2
28.3,72.75,5
27.4,81.54,5
28.4,76.06,5
28.5,73.49,5
28.5,71.89,0
28.4,74.06,2
28.5,72.62,2
28,74.24,2
28.9,72.36,2
28.4,73,2
28.7,69.77,2
28.3,70.53,2
27.1,70.51,2
27.1,70.98,5
26.6,71.17,2
27.4,68.22,2
27.8,70.64,2
27.9,70.74,5
27.8,71.36,2
27.7,72.14,2
28.3,69.9,2
28,70.4,5
27.6,68.34,2
26.9,70.12,2
27,71.02,2
27.4,72,2
28.2,71.66,2
27.1,75.29,5
27,71.96,2
26.4,70.11,2
26,67.49,2
26.2,63.6,0
27.2,66.15,2
27.7,68.66,2
27.6,72,2
27.5,73.92,5
27.4,73.76,5
27.3,70.89,2
27,69.87,2
26.7,76.56,5
27.5,68.99,5
26.9,69.13,2
27,69.16,2
26.7,69.3,2
27.5,71.46,5
27.4,70.74,2
28.1,67.29,2
27.6,69,2
27.4,70.91,2
28.2,70.41,2
28.3,69.67,2
28.1,66.45,2
27.2,68.2,2
27,69.22,2
27.3,69.45,2
27.1,70.59,0
27.1,67.74,2
26.1,68.31,2
26.6,65.43,2
26.9,65.95,2
26.4,66.42,2
26,64.39,2
25.7,64.95,2
25.8,68.37,0
26.7,67.49,2
27.3,67.15,0
27.6,69.5,2
27.2,68.84,2
27.2,68.13,2
27.3,66.62,2
26.3,68.04,0
26.5,65.27,2
26.6,66.74,2
27,66.36,2
26.4,66.25,2
26.6,64.03,2
26.4,64.88,0
26.4,70.06,2
27.2,67.83,2
27.2,68.52,2
26.8,63.46,2
27,62.54,2
27.3,60.52,2
26.7,65,2
27,63.97,2
26.3,60.3,2
26.3,61.87,2
26.7,61.95,2
27.4,57.93,0
27.1,60.3,0
27,60.54,2
27.3,59.84,2
26.5,68,2
26.6,68.06,2
28.6,64.05,0
28.2,66.43,2
28.3,64.3,2
27.6,59.06,2
27,60.87,2
27.3,59.31,0
27.1,64.74,0
27.9,57.98,0
27.4,57.25,0
27,63.29,2
27.8,61.64,2
28,64.78,2
28.1,64.97,2
27.8,65.29,2
27.7,62.47,2
27.9,63.34,2
27.6,64.32,2
27.8,64.94,2
28.1,61.55,2
27.6,62.85,2
27.8,60.1,2
28.2,56.6,2
28,60.55,0
28.9,58.99,2
28.9,60.73,2
28.2,65.29,2
28.4,66.2,2
28.8,66.23,2
29.2,65,2
28.7,67.06,2
29.2,59.23,2
28.7,62.93,2
29,66.37,2
29.1,66.79,2
29.3,62.33,2
29.4,59.34,2
28.5,61.85,2
28.6,66.11,2
29.2,60.41,2
29.1,63.05,2
29.4,62.64,0
29.2,60.44,2
29.8,60.01,2
30.4,53.83,2
29.7,60.71,2
29.5,61.58,2
29.4,59.87,0
29.7,57.64,2
29.3,59.55,0
30.1,61.05,2
29.6,63.23,5
30.3,61.67,2
29.5,63.25,2
29.3,64.03,2
29.6,61.57,2
29.9,56.97,2
29.6,60.89,2
29,63.44,2
28.3,67.97,2
28.3,71.82,2
28.5,70.9,5
29.6,65.68,5
29.4,69.36,2
29.7,66.38,2
30.1,62.5,2
30.1,62.97,2
29.6,69.16,5
28.7,69.91,5
28.1,71.65,2
29.3,65.92,2
29,69.41,5
28.3,69.35,2
28.9,68.7,5
28.9,69.22,2
28.1,66.79,2
27.6,70.52,2
26.9,77.98,2
27.7,73.84,5
26,85.32,5
26.5,83.19,5
26.8,78.62,5
28.1,74.83,2
28.9,72.04,2
29,68.55,2
25.4,84.81,5
27.2,76.81,5
28.5,71.05,2
28,74.3,2
28.8,71.75,2
27.5,76.6,5
26.2,82.23,5
26.8,81.51,5
27.4,81.32,5
26.7,82.06,5
27.2,82.77,5
28,78.9,5
28.3,77.35,5
28.6,74.07,2
27.3,82.79,5
27.1,83.83,5
27,82.57,5
27.1,78.61,5
28.2,73.27,2
28,73.7,5
27,76.82,5
26.9,78.33,5
26.9,79.79,5
27.1,78.59,5
27.1,76.42,5
26.9,79.22,5
28.3,69.92,2
28.6,68.75,5
28.9,67.13,2
28.8,63.41,2
28.9,59.78,2
28.6,68.47,2
28.3,70.66,5
25.9,84.04,5
27.6,75.64,2
27.7,72.84,2
27.6,77.14,5
27.1,77.93,5
26.6,82.57,5
27.1,78.69,5
27,78.17,2
27.4,77.3,5
26.6,80.94,5
26.5,83.1,5
26.6,82.8,5
26.9,80.15,5
27.5,73.82,2
27.3,78.83,5
26.2,82.88,5
26.5,82.76,5
26.3,83.6,5
25.4,85.63,5
26.2,83.22,5
26.4,82.23,5
26.5,84.08,5
26.5,83.45,5
26.4,82.01,5
26.2,81.9,5
27.3,76.58,2
27.5,78.05,2
27.2,81.69,5
27.4,77.42,2
26.5,80.53,5
25.7,84.27,5
26,83.23,5
26.8,78.55,5
27.1,77.68,5
27.2,81.14,5
26.8,80.78,5
27,78.84,2
26.5,83.18,5
26.3,80.1,5
27.1,77.91,5
27.9,77.08,2
28,76.08,2
27.4,74.82,2
28,76.33,5
26.5,81.53,5
26.5,82.07,5
27.2,79.72,5
25.9,84.55,5
26.3,80.55,5
26.8,79.4,5
26.5,81.56,5
25.8,85.39,5
26.3,82.66,5
27.2,79.09,2
26.5,83.25,5
27.3,78.47,5
26.6,82.3,5
27.5,77.99,2
27.8,76.46,2
28.2,76.22,2
27.5,78.95,5
26,84.56,5
27.5,77.3,5
27.5,82.08,5
27.2,82.67,5
27.2,78.66,5
28.3,76.37,2
28.3,76.46,5
27.5,80.3,5
27.4,80.82,2
28.9,74.79,2
27.5,79.08,5
28.2,76.63,2
28.3,77.31,5
28.5,77.35,2
28.7,72.51,2
29,75.12,2
29.5,71.05,2
28.9,77.94,5
29.1,74.71,2
26.6,82.8,5
28.1,77.02,2
28.3,79.43,5
27.8,80.26,5
24.9,92.04,5
27.1,78.74,2
28.5,76.6,2
29,70.57,2
28.3,76.84,2
27.5,78.18,2
26.5,83.03,2
26.9,81.05,2
27.5,80.78,2
28.3,77.91,2
26.4,86.18,2
28.1,79.73,2
27.3,79.98,2
27.5,79.6,2
26.8,83.99,2
29.2,73.48,2
27.6,78.97,2
26.2,83.64,2
26.3,84.66,2
27,78.61,2
26.4,83.42,2
26.1,88.69,2
27.9,80.36,5
27.4,82.71,5
26.7,84.79,5
26.5,85.34,5
26.8,83.48,5
26.9,80.07,5
27.4,73.91,2
27.5,75.9,5
27.4,71.23,2
27.2,74.55,2
27.9,73.6,2
28.4,71.57,2
28.7,73.13,2
29.1,70.55,2
29.1,74.33,2
28.9,73.87,2
28.9,69.87,2
28,71.81,2
27.9,68.35,2
27.4,70.97,5
26.7,69.35,2
26.8,72,2
26.5,74.34,2
27.7,71.38,5
28.3,72.69,2
28.3,75.97,5
28.4,76.14,5
28.1,77.17,5
28.5,76.86,5
28.3,73.77,5
28.2,71.77,2
28.6,73.59,2
28.8,73.41,2
28.8,70.49,2
28.8,70.97,2
29.1,70.85,2
29,69.92,2
28.5,69.97,2
28.4,71.92,2
28.9,70.43,2
28.4,72.14,2
28.2,74.38,2
28,73.16,2
27.4,70.58,2
26.9,67.68,0
26.9,68.45,2
26.9,69.25,2
26.2,68.23,2
26.2,67.2,0
26.5,67.8,2
26.8,70.16,2
27,69.87,2
26.9,72.16,2
27.8,68.19,2
26.4,67.14,0
26.5,65.45,0
26.3,68.42,0
26.4,69.25,0
27.4,69.99,2
27.9,74.37,2
27.8,69.97,2
26.8,69.19,2
25.2,76.37,2
27.4,70.03,2
26.8,67.09,2
27.1,64.54,2
26.2,63.25,2
25.7,66.24,0
25.8,69.12,0
26.3,69.21,2
25.9,69.76,0
26.4,65.55,2
26.4,64.28,2
26.8,71.19,2
28.1,70.63,2
28.2,69.08,2
27.5,69.94,2
27.5,70.51,2
27,71.81,2
27.3,68.59,2
26.8,71.55,0
26.3,73.7,2
26.9,73.6,5
27,72.67,2
27.6,71.8,2
27,70.64,2
27.1,71.91,2
26.9,70.01,2
27.1,66.84,2
27,69.42,2
27.5,67.9,2
26.8,71.91,2
27.7,71.79,2
27.3,71,2
26.8,65.8,2
25.6,63.38,2
25.7,67.8,2
26.8,65.98,2
26.4,68.62,2
26.6,74.97,5
26.5,78,5
26.6,74.68,5
26.7,75.5,5
27.8,70.41,2
27.6,71.64,2
27.9,70.54,2
27.3,67.53,2
27.4,71.25,2
27.5,71.37,2
27.3,69.82,2
26.6,70.78,2
26.6,67.41,2
26.9,67.39,2
25.5,65.75,2
25.9,61.79,2
25.6,64.11,2
26,66.49,2
26.7,64.35,0
26.8,67.53,2
27.4,67.55,2
27,67.83,2
27.4,65.41,0
27.4,67.73,2
27.1,67.15,2
27.3,62.9,2
26.7,64.99,0
26.9,65.84,2
26.5,67.78,0
26.7,66.2,2
26.6,66.23,2
26.8,64.24,2
26.8,66.75,2
27.3,64.21,2
26.6,64.06,0
27.2,65.45,2
27.5,63.94,2
27.3,67.62,2
27.5,62.09,2
26.3,60.97,2
26.6,60.48,0
26.7,65.12,0
27.3,68.76,2
28.1,67.4,2
27.9,67.28,2
28.3,63.02,2
28.4,58.52,0
27.2,64.56,0
27.4,66.93,2
27.5,63.67,0
27.1,62.28,2
27.3,65.57,2
27.5,65.91,2
28.1,63.08,2
28.1,65.23,2
28.1,66.77,2
27.9,71.26,2
28.1,69.61,2
28.4,66.06,2
28.6,60.61,2
28.1,64.82,2
28,62.85,2
28.1,66.18,2
27.9,65.63,2
28.2,64.75,2
28.5,65.99,2
28.5,66.83,2
28.3,66.17,2
29,65.42,2
28.6,65.73,2
28.2,62.57,2
28.3,63.25,2
28.5,63.97,2
28.9,62.49,2
28.8,62.37,2
28.8,66.85,2
28.9,59.82,2
28,62.62,2
27.7,63.4,2
28.2,61.9,2
28.5,64.78,2
28.9,62.93,2
28.9,67.73,2
29.5,62.78,2
29.1,66.6,2
29.6,67.14,2
29.7,62.51,2
29.9,61.24,5
29.9,60.01,2
30.7,57.2,2
29.9,60.94,2
29.7,64.39,2
29.3,68.2,2
30.1,66,2
29.9,65.13,2
29.6,68.19,2
28.8,72.2,2
29.2,69.11,2
29.4,67.93,2
30.1,66.21,2
30.4,63.98,2
29.6,64.68,2
30,62.89,2
30.4,62.14,2
30.8,61.88,2
30.8,63.74,2
30.2,64.56,2
30.3,64.42,2
30.2,65.36,2
30.9,59.92,2
30.8,62.54,2
28.9,71.9,5
29,70.62,2
28.6,74.14,5
29.9,67.69,2
29.8,67.43,5
30.4,63.05,2
30,65.97,5
30.1,64.46,2
30.2,65.14,2
28.9,72.7,5
29.1,73.18,5
26.7,85.16,5
28.3,77.07,2
28.9,73.04,5
29.5,68.58,2
29.6,70.64,2
29,71.18,2
29.3,70.46,2
29.4,69.69,2
26.9,81.13,5
27.4,79.23,2
27.6,73.85,2
27.3,76.16,2
27.2,75.09,5
27,76.12,2
28.1,73.19,5
27.2,76.63,5
27.9,76.44,5
28.1,75.06,5
27.8,75.7,5
28.7,70.61,2
29.2,69.87,5
27.4,78.86,5
27.7,77.2,5
27.8,78.07,5
28.2,73.9,2
28.5,75.85,5
29.3,72.51,5
29,75.01,5
28.3,74.31,5
28.6,78.86,2
29.1,73.14,2
29.5,69.85,2
30.1,65.29,2
29.8,69.95,2
29.5,70.59,2
28.9,73.61,5
28.1,76.58,2
28.8,72.15,2
29.3,71.44,5
29.8,70.69,2
30.4,67.99,5
29.9,66.7,2
29.4,71.5,5
28,79.87,5
28.3,77.84,5
27.2,82.9,5
27.5,81.96,5
27.9,78.15,5
26.6,85.18,5
26.2,83.02,5
26.5,82.72,5
26.5,82.75,5
26.9,78.39,5
29.3,67.69,2
29.4,70.49,5
29.3,74.6,5
28.5,76.95,5
28.6,74.73,5
27.4,81.4,5
27.1,81.45,2
28,79.94,4
26.9,87.05,5
28.2,80.86,2
26.9,86,5
26.5,88.73,5
27.1,88.22,2
26.4,89.97,5
26.6,88.79,5
26.6,84.9,5
28.1,79.97,5
28.3,79.01,5
27.3,83.49,5
27.1,85.34,5
28,80.2,5
28.3,79.88,5
29.1,75.56,2
28.2,78.43,5
27,85.99,5
27.9,80.23,5
26.8,83.21,5
26.5,85.96,5
27.6,79.86,5
26.8,85.49,5
26.4,87.23,5
27.9,79.66,2
28.2,76.25,2
27.7,77.98,5
27.7,79.82,5
27.1,88.08,5
27.7,84.5,2
27.4,88.71,5
27.5,87.11,5
28.4,82.45,2
29,82.31,2
28.8,82.92,2
29.5,81.91,2
28.4,84.8,5
28.2,80.89,2
29.2,79.92,5
28.2,84.02,5
29.2,77.59,2
29.2,79.77,5
29,79.66,5
28,85.36,5
28.5,84.12,2
29.6,80.14,2
29.1,82.59,5
29,80.21,2
28.4,81.73,5
29.1,80.13,5
28.9,81.9,5
28.9,79.01,5
29.3,77.93,5
28.7,80.49,5
28,83.69,2
27.6,87.11,5
27.7,84.74,5
27.2,86.5,5
28.5,81.23,2
28.9,81.22,5
29.3,79.16,5
29.1,80.85,5
28.5,82.87,5
28.8,85.11,5
28.8,84.81,5
27.4,88.29,5
27.7,85.81,2
29,82.32,5
28,86.8,5
27.6,86.49,5
28.6,82.85,5
27.4,89.92,5
29.3,83.01,5
28.2,84.7,2
28.7,83.1,2
28.6,82.36,5
28.7,80.56,5
28.6,81.63,2
28.1,82.33,5
29,78.56,2
29.6,78.22,2
30,75.05,2
29.1,76.41,2
29.4,73.63,2
30,74.95,2
29.8,76.17,2
29.5,77.86,2
29.3,79.91,5
29.1,80.86,5
29,82.5,5
29.2,82.81,5
29.5,78.99,2
29.1,81.35,5
28.8,82.57,5
27.8,87.56,5
28.1,85.68,5
29,83.48,2
28.9,84.01,5
29.4,81.32,5
29.9,78.4,2
29.7,81.35,5
29.6,81.1,5
29.1,81.28,5
29.1,80,5
30.2,72.49,2
29.6,78.97,2
29.3,81.9,5
28.4,82.67,5
29.2,80.46,2
29.4,75.86,5
29.5,77.15,5
29.3,77.56,2
29.9,76.8,2
28.6,79.3,2
28.4,82.76,5
28.8,83.97,5
27.1,87.78,5
27.1,84,5
28.3,83.01,5
28.7,79.61,5
29.1,77.15,2
29,75.13,2
28.9,78.79,2
29,79.42,2
28.7,82.32,5
29,77.84,2
28.6,80.99,2
28.7,80.22,2
29.3,75.41,2
29,77.85,2
28.8,80.16,2
27.8,83.05,5
27.8,84.08,2
28.9,80.36,5
28.3,84.06,5
27.6,85.97,5
26.2,87.22,5
27.8,78.84,2
28.2,80.59,2
28.2,81.09,5
27.6,82.76,5
28.6,78.93,5
28.6,78.38,2
28.8,74.43,2
27.9,80.27,5
26.8,86.86,5
27.3,88.64,5
26.2,91.71,5
27.9,82.27,2
28.1,81.9,2
28.6,81.07,5
28.7,77.35,2
28.7,77.3,2
28.6,78.07,2
28.7,76.88,5
28,74.49,2
28.6,78.44,2
28.4,80.18,2
28.6,80.92,5
28.4,82.1,2
28.3,81.54,2
28.1,83.89,5
28,84.6,5
27.2,86.03,5
28,84.92,5
27.3,86.27,5
28.2,77.43,2
26,90.46,5
26.8,86.93,5
28,83.39,5
27.8,82.64,5
28,77.83,5
27.8,76.81,2
27.7,74.51,5
27.7,76.62,2
28.6,73.91,2
28.5,72.84,2
28.1,74.42,2
27.2,78.86,5
27.3,77.09,2
27.2,71.62,2
27.3,75.28,2
27.6,80.38,2
27.7,82.17,5
27.7,82.67,2
27.7,83.11,5
28.4,82.05,2
28.4,77.63,2
27.7,78.53,5
27.9,72.4,2
28.5,76.04,5
28,80.02,5
28.1,76.38,5
28.1,77.65,2
28.1,76.01,2
28.4,79.05,2
28.1,74.89,2
27.9,69.1,2
27.3,69.25,2
26.9,69.12,2
27.2,67.98,2
27.2,71.06,2
27.1,72.85,2
27.3,72.27,2
27.9,76.03,2
28.6,81.26,5
29.2,76.19,2
28.9,76.99,2
28.9,77.22,2
29.2,72.73,2
29.2,72.5,2
29.3,70.68,5
28.4,75.79,2
28.5,77,5
28.9,75.96,5
28.8,75.08,2
29.1,72.63,2
29,69.52,2
28.9,69.35,2
28.8,69.98,2
28.3,68.2,2
28.4,70.92,2
28.1,71.71,2
28.3,72.68,2
28.6,75.78,2
28.7,78.13,5
29,75.39,2
28.9,78.42,5
29.1,77.05,2
29.3,75.84,2
28.7,78.94,5
29.3,76.24,2
28.9,78.01,5
26.3,89.02,5
27.6,83.89,2
27.1,84.12,5
28.3,80.56,2
28.4,78.76,5
28.5,79.79,5
28.3,82.97,5
27.8,82.49,5
27,87.51,5
28.2,79.84,2
28.1,83.73,5
28.8,80.81,2
29.2,76.19,5
28.8,77.56,2
28.1,83.71,5
26.9,89.35,5
27.1,86.87,5
27.6,81.97,5
28.2,83.03,5
26.7,89.4,5
28.3,81.71,2
28.9,76.99,2
29.2,73.32,2
29.8,66.75,2
29.1,70.91,2
29.2,72.66,2
30.1,72.78,2
27.9,79.75,2
27.9,82.59,5
25.3,93.19,5
27.1,83.37,5
26.6,87.43,2
28,82.02,5
28.3,79.21,5
29.3,74.41,5
28.6,76.5,2
28.8,76.57,2
29.2,76.05,2
29.7,72.15,2
30.2,69.39,2
29.6,72.89,5
28.5,77.09,2
28.6,74.9,1
30.5,73.84,5
30.1,70.77,2
28,82.34,5
26.1,89.14,5
27.7,76.08,1
28.3,77.73,5
29.2,74.2,2
27.5,84.08,5
27.1,87.48,2
26.9,87.41,5
28.3,80.88,2
27.9,82.74,5
27.4,84.62,5
30,72.61,2
29.8,76.1,2
29.9,75.85,5
28.2,81.6,2
27.7,84.18,5
27.6,82.45,5
26.4,92.6,5
29,78.06,2
28.9,82.15,5
28.6,81.65,5
28.3,82.53,5
26.8,87.72,5
27.5,83.83,5
27.3,84.24,5
26.9,86.21,5
27.3,85.07,5
26.5,90.58,5
27.1,86.07,5
27.7,83.25,5
28,81.46,2
28.1,85.09,5
28.3,78.83,2
28.3,78.04,2
27.1,85.09,2
26.2,89.67,5
27.5,82.24,2
27.2,82.26,5
27.6,82.44,5
27.6,82.53,2
28.2,81.76,2
27.8,84.99,5
28.5,81.44,2
29.4,73.16,2
29.7,68.64,2
28.8,76.17,5
29.5,72.44,2
29.3,72.19,2
28.4,79.29,5
28.1,83.85,5
28,81.82,5
28.4,81.38,5
26,92.86,5
27.1,85.73,5
28.2,85.74,5
27.9,84.94,5
27.8,86.57,2
28.3,81.42,5
27.9,82.26,5
27.7,85.53,2
28.1,82.49,2
29.4,75.6,2
27.9,82.66,2
28.5,78.69,2
28.3,80.98,5
27.2,85.61,5
27.3,82.84,5
27.3,82.68,5
26.7,88.11,5
26.1,89.84,5
26,90.71,5
27.4,84.13,5
26.8,90.34,5
27.2,86.42,5
26.9,89,5
26.3,89.03,4
26.6,89.8,5
27.4,87.27,5
27.1,86.82,5
25.9,89.03,5
26.5,89.7,5
27.3,84.24,5
26.7,86.2,5
27.7,82.72,2
26,91.67,5
26,90.85,5
26.5,83.71,5
26.5,83.47,5
27.6,80.26,2
28.6,71.56,2
29.2,76.02,2
28,79.78,5
27.2,83.72,5
27.3,82.31,2
27.4,80.83,2
26.9,85.36,5
26.3,88.72,5
26.7,87.79,5
26.1,90.55,5
26.7,85.89,5
26.5,88.65,5
26.9,87.7,5
27.9,83.59,2
27.3,87.77,5
27.9,85.44,5
26.8,90.34,5
27.9,83.22,2
28.7,79.79,2
28.5,82.06,5
27.7,82.36,5
26.8,88.11,5
26.9,90.24,5
27.2,86.43,5
28.7,77.36,2
27.9,80.83,2
27.8,82.02,2
29.2,75.36,5
29.4,74.1,2
27.4,83.15,5
27.8,79.52,2
27.6,79.9,2
28.6,78.61,2
28.5,78.64,5
28.5,80.31,2
26.8,86.33,5
26,89.4,5
26.8,86.56,5
27.8,84.17,2
28,85.54,5
28.2,84.54,5
27.7,82.77,2
27.6,83.4,2
27.3,85.38,5
26.5,87.71,5
28.1,81.5,5
28,80.74,2
27.9,79.5,2
27.6,80.29,5
25.7,90.76,5
27.2,83.68,2
27.3,85.85,2
27.5,82.13,2
27.9,79.72,2
27,82.93,5
27.2,81.73,2
27.3,85.13,4
26.8,86.13,5
27,82.56,5
27.6,83.96,5
26.9,89.12,5
27.3,86.26,5
25.6,91.87,5
27.5,84.57,2
28.5,80.2,5
28.9,76.08,2
29.1,74.16,2
28.6,78.09,5
27.3,86.33,5
27.9,80.15,5
28.5,75.94,2
28.2,80.95,5
27.9,86.14,5
27.6,84.36,5
28.3,81.52,2
27.5,85.18,5
27.7,84.86,2
27.8,82.66,2
28.2,81.06,2
28.2,82.27,5
28.5,79.53,5
28.3,78.56,2
28.1,78.33,2
28.1,78.01,2
28.2,78.24,5
28.9,78.47,5
29,78.67,5
27.8,85.34,5
28.3,82.15,2
28.3,80.77,5
28.7,77.33,2
28.4,79.04,2
28.4,77.12,2
28.9,75.75,5
28.8,73.56,2
28.7,74.15,2
28.6,75.51,2
28.6,71.99,2
28.4,74.16,2
28.3,78.6,2
29.1,76.21,2
28.7,73.78,2
28.4,69.71,2
28.1,70.88,2
28.1,71.35,0
28.3,73.63,2
28.4,74.18,2
28,70.7,2
27.4,68.03,0
28.1,71.72,0
28.3,78.18,5
28.8,76.4,2
28.3,81.02,5
26.5,89.2,5
28.5,81.74,2
29.1,78.18,5
28.6,80.05,2
28.2,79.31,2
28.1,75.67,2
27.2,73.31,2
27.4,76.1,2
28.4,78.21,5
28.9,78.35,5
28.6,78.91,2
28.5,76.44,5
28.4,75.06,2
28.6,74,2
26.6,87.91,5
26.7,87.71,5
28,81.92,2
28.5,79.1,5
28.6,78.52,2
27.6,76.15,2
26.6,69.43,0
27,73.84,2
27.9,71.71,2
26.8,83.69,5
27.3,81.76,5
28,76.87,2
27.4,77.97,2
27.8,79.66,2
27.5,83.61,5
27.6,80.95,5
27.7,77.29,2
27.3,73.1,2
27.3,73.43,0
28.1,74.87,2
28.5,76.67,2
27.6,76.32,2
27.8,74.75,2
27.5,72.96,2
27.8,71.1,2
27.1,74.98,2
27.2,75.46,2
27.4,74.47,2
27.5,73.23,2
27.6,71.77,2
27.2,74.3,2
27.7,75.6,2
27.9,76.31,2
27.7,73.29,2
26.6,69.35,2
26,71.73,2
26.9,75.59,2
27.2,80.06,5
27.7,75.65,2
27.8,74.44,2
27.7,74.81,2
27.2,69.67,2
26,69.72,0
26.3,68.87,2
27.1,71.19,2
26.3,82.7,5
27.6,82.93,5
28.1,75.71,2
27.6,75.35,2
27,70.11,2
26.6,71.16,2
26.8,71.6,2
26.9,70.79,2
26.7,71.42,2
26.6,72.42,2
26.5,75.45,2
27,75.36,2
27.7,74.03,2
27.9,70.7,2
27.5,71.79,2
27.3,69.77,2
27.4,73.01,2
28,72.98,2
27.6,71.18,2
27,68.19,2
26.7,69.19,2
26.8,66.19,2
27.2,71.79,2
27.7,72.2,2
27.9,70.35,2
27.1,69.23,2
27.1,69.89,2
27.2,69.13,2
27.8,70.34,2
27.8,67.92,2
27.3,68.47,2
27.4,68.92,2
28,66.49,2
28,65.75,2
27.1,69.47,2
27.8,64.75,2
27.6,64.51,2
27.3,67.96,2
27.8,69.24,2
28.6,68.23,2
27.9,71.4,2
28.2,69.05,2
28.2,72.03,2
29,68.09,2
28.9,70.59,2
27.8,73.64,2
28.5,65.44,2
27.2,66.26,2
28.1,63.98,2
28.6,66.55,2
27.6,71.97,2
28.8,69.92,2
28.1,73.91,2
28.6,64.77,2
27,67.89,2
27.3,67.85,2
28.6,60.41,2
28.9,62.77,2
29.1,66.51,2
28.1,75.42,2
28.1,77.53,5
28.2,77.48,2
29.1,72.62,2
28.9,71.81,2
29.1,73.01,2
28.7,72.01,2
30.2,67.06,2
29.4,69.35,2
29,68.86,2
28.8,71.19,2
30.5,64.88,2
28.7,73.77,2
30.3,67.65,2
29.2,71.26,2
29.8,68.26,2
31,65.01,2
30.9,62,2
30.6,64.83,2
30.2,65.88,2
30,64.43,2
30.5,65.36,2
28.8,74.65,5
27.9,79.48,5
29.1,73.27,2
29.8,67.98,2
30.1,68.11,2
29.6,67.45,2
29.5,64.66,2
27.9,75.76,5
28.5,75.97,2
28.7,74.23,2
29.8,69.68,2
30,71.34,2
30.2,68.27,2
29.7,68.43,2
29.7,60.65,2
29.1,64.01,2
29.7,64.21,2
30.1,65.72,2
30,67.98,2
29.8,67.93,2
28.9,74.35,5
29.5,73.92,2
29.3,74.61,2
29.6,71.3,2
30.2,67.42,2
29.3,70.96,2
29.8,71.33,2
29.3,73.07,2
27.4,81.08,2
28.1,78.5,5
27.1,83.82,5
26.4,85.56,5
27.1,82.71,5
27.2,82.88,5
27.2,84.1,2
27.5,83.01,5
28,81.3,2
28.9,77.05,2
27.6,83.67,5
25.8,91.58,5
27.4,84.27,5
27.2,86.47,5
27,88.29,5
27,85.69,5
26.8,86.7,5
27,86.36,5
26.3,88.96,5
29.4,76.02,2
29.1,76.54,5
29,77.69,2
29,79.2,5
28,83.96,5
28.5,79.9,5
27.7,84.99,5
28.9,77.02,5
28.2,81.2,5
27.3,84.63,5
27,84.44,5
27.7,82.41,5
26.9,84.34,2
27.2,83.31,5
28.4,76.99,5
26.4,87.11,5
26.5,86.55,5
27,83.99,5
26.9,84.05,5
28.3,78.78,5
26.2,86.52,5
28.3,73.93,2
29,64.22,2
28.5,67.31,5
27.9,82.63,5
28,80.7,5
28.1,79.45,2
29,75.66,2
28.2,79.54,2
27.7,81.95,2
26.9,87.46,5
27.3,86.26,5
28.1,83.59,5
26.9,86.13,5
27.1,83.68,2
26.3,87.31,5
26.6,85.95,5
27.3,83.28,5
27.7,82.45,5
27.5,80.03,5
26.6,83.19,5
27,80.43,2
27.4,81.33,5
27.7,78.67,2
27.5,79.99,2
27.8,79.68,2
28.3,76.98,5
26.4,88.27,5
26.2,87.12,5
26.5,83.32,5
27.4,79.09,2
27.8,79.89,5
26.6,85.92,5
27.1,85.64,5
26.4,86.18,5
26.8,84.55,5
28.6,77.02,2
28.2,78.78,2
28.4,76.31,2
27.6,80.2,5
27.1,83.58,5
26.1,88.67,5
26.9,85.36,2
26.8,86.81,5
27.6,82.24,5
27.5,81.91,2
26.6,81.96,2
26.4,85.05,5
25.9,89.78,5
26.7,85.26,5
26.6,86.03,5
27.6,80.78,5
27.5,81.33,2
27.1,83.28,5
28.4,78.4,2
26.8,82.1,5
26.9,83.46,5
28,80.3,5
28.5,79.06,2
26.5,86.01,5
26.6,86.01,5
26.9,87.66,5
27.1,84.33,5
26.3,86.71,5
26.4,88.21,5
27.3,81.51,2
26.4,85.44,5
27.9,79.32,5
27.4,86.65,5
27.7,84.58,2
27.9,81.29,5
28,85.68,4
28.2,83.95,4
26.9,87.5,4
28.5,76.74,1
26.7,85.98,4
27.3,83.43,5
27.6,83.34,1
27.1,85.17,4
27.8,82.59,4
27.9,79.77,1
27.1,86,4
28.4,77.55,2
28.9,76.41,2
27.4,83.1,5
26.1,87.35,4
26.8,86.19,5
27.9,81.08,1
28.6,77.87,2
28.5,78.07,2
26.7,84.44,4
28,77.72,2
28.2,78.59,4
27.6,80.81,1
28.3,78.68,1
27.1,82.05,5
28.7,75.66,2
28.5,80.69,4
27.3,85.43,4
27.5,82.98,4
27.4,78.57,5
27.1,84.31,5
28.5,78.93,2
29.3,76.37,2
29.9,70.59,2
30,73.23,2
28.3,78.61,4
29.3,74.54,2
29.5,73.74,5
29.6,67.85,2
30.1,69.83,2
29.6,76.05,5
30,74.21,2
29.7,78.7,2
30.5,69.91,2
30.1,73.16,2
29.2,76.18,4
29,75.99,5
29.5,74.28,2
29,79.88,5
28.7,80.8,4
29.8,75.7,4
28.8,80.94,4
29.5,76.25,2
29.6,72.95,1
29.1,78.63,5
29.5,75.57,2
30.1,68.15,1
28.7,68.8,2
28.7,67,2
28.7,71.69,2
27.8,71.72,2
28.4,69.17,2
28.5,66.08,2
28.8,71.8,2
30.5,67.62,2
29.4,72.53,2
29.7,70.91,2
28.8,72.72,2
29.4,70.58,2
29.4,69.41,2
29.2,70.12,2
29,72.05,2
29.5,72.93,2
29.7,74.45,2
29.6,75,2
29.3,75.19,4
29.2,73.55,2
28.9,72.26,2
29.5,69.31,2
29,75.4,1
30.2,72.01,2
30,74.64,2
29.6,73.94,2
29.2,74.74,2
29.3,74.68,2
29.3,70.2,2
28.8,70.68,2
29.3,67.6,2
28.2,71.36,2
28.2,70.23,2
27.3,70.7,2
27.8,73.11,5
28.8,74.74,5
29,75.72,2
28.9,78.77,5
29.3,74.46,5
29,75.75,2
29,73.2,2
28.4,72.49,2
28.6,70.58,2
28.8,73.02,2
28.9,73.63,2
28.1,70.97,1
27.9,67.62,2
27.3,72.12,2
27.8,71.66,2
28.5,69.96,2
28.8,70.91,2
28.6,72.08,2
27.1,80.66,4
27.9,80.24,5
27.6,80.42,2
27.8,76.52,2
28.5,74.18,2
28.1,74.33,2
27,77.05,2
27.8,71.65,5
28,67.33,2
27.5,68.37,2
27.5,71.97,2
26.5,74.06,2
27.8,70.04,2
27.3,74.15,2
27.6,72.11,2
27.3,62.92,2
25.2,70.56,2
26.7,69.2,2
27.4,69.51,2
27.2,71.43,2
26.9,71.53,2
26.5,70.53,2
26.5,71.12,2
25.8,73.29,2
26.3,69.09,2
26.9,64.9,2
26,69.68,2
26.8,71.64,2
27.4,72.79,2
27.1,73.01,2
28.4,68.35,2
27.7,70.85,2
28.1,72.65,2
28,73.22,2
27.4,69.47,2
26.8,68.77,2
25.6,71.41,2
26.7,67.85,2
26.8,69.32,2
26.7,70.16,2
28.1,68.26,2
27.2,72.2,0
27.5,68.98,2
26.8,64.36,5
25.2,63.57,2
24.8,66.12,2
25.9,64.56,2
25.9,61.52,2
26.4,64.84,2
27.2,69.55,2
27.8,70.13,2
27.3,68.92,2
27.1,70.83,2
26.6,75.04,2
27.1,73.82,2
27.4,70.55,2
27.4,62.94,2
25.1,65.25,2
25.9,61.12,2
26.8,64.46,2
26.2,73.44,2
26.6,75.22,2
27.5,70.25,2
27.5,69.76,2
27.2,66.65,2
26.7,66.28,2
26.7,62.09,2
26.5,71.8,2
27.1,74.11,2
28.2,68.81,2
27,72.34,5
28.1,65.63,5
27.4,72.17,2
27.9,72.01,2
28.2,66.95,2
27.9,57.81,2
28,61.38,2
28.1,64.32,5
27.9,66.32,2
28.3,66.95,2
28.9,65.19,2
28.3,64.9,2
28.8,60.73,2
27.9,66.99,2
28.1,62.28,2
26.9,60.46,2
27.3,63.28,2
27.3,60.97,2
27.2,66.65,2
28.2,65.35,2
27.7,69.72,2
28,71.08,2
28.1,71.21,2
28.8,68.71,2
28.3,70.94,2
28.8,63.91,2
28.2,66.94,2
28.7,65.59,2
28.1,69.98,2
27.8,63.78,2
28.1,63.42,0
28,68.18,2
28.6,68.85,2
28.4,71.37,2
28,72.6,2
29.3,67.62,2
28.8,67.81,2
28.9,68.81,2
28.6,65.74,2
29.3,61.13,2
29.8,59.09,2
28.4,67.3,2
28.6,65.67,0
28.9,63.7,0
29.1,65.01,2
29.8,61.2,2
29.6,60.39,2
29.4,66.51,2
29.5,62.17,2
29.6,64.29,2
29.6,62.26,2
29.1,61.51,2
29,60.74,2
29.5,64.54,2
29.9,63.92,2
28.5,70.68,2
30.7,62.31,2
30.6,65.07,2
29.8,64.57,2
29.9,64.6,2
29.8,66.41,2
29.4,66.8,2
29.2,66.43,2
29.3,64.29,2
29.6,64.59,5
29.6,66.91,2
30.5,68.65,2
30.5,67.76,2
31,63.7,2
29.4,72.05,2
29.1,73.41,5
28.1,81.58,5
27.9,81.84,5
29.1,74.17,2
29.8,69.97,2
30,68.71,2
29.5,72.7,5
30,68.73,2
30,70.24,2
31,63.18,2
30.7,65.44,2
30.4,68.23,2
29.7,68.31,2
29.5,70.53,2
29.2,69.42,2
29.3,66.2,0
30,58.71,2
29.2,67.22,5
27.6,81.09,5
26.8,86.25,5
27.6,81.61,2
27.4,84.29,5
28,81.33,2
26.9,86.59,5
28,78.46,2
28.8,73.78,2
27.7,81.64,5
28.8,76.66,5
28.5,79.53,2
28.9,76.42,2
30,72.54,2
29.7,76.64,5
28.2,79.23,2
29.5,76.62,2
30.3,73.92,2
28.7,81.16,5
27.6,86.84,5
27.7,81.8,5
27.8,84.31,5
28.5,79.74,2
29.3,70.65,2
28.2,76.91,5
28.2,81.87,5
27.7,85.37,5
27.5,85.07,5
28,82.86,5
28.4,79.42,5
27.9,77.33,2
26.5,87.56,5
26.9,85.09,5
28.5,77.16,5
28.8,70.55,2
29.8,67.21,2
28.7,70.43,2
28.7,74.55,2
28.7,74.34,2
27.8,79.88,5
25.8,89.62,5
27,85.82,5
28.7,79.16,2
28.6,82.84,2
28,84.38,5
28.5,80.91,2
28.7,78.05,2
28.8,79.29,2
28.4,82.27,5
28.2,82.92,5
28.6,78.72,2
28.1,81.86,5
27.3,84.19,5
26.3,90.79,5
26.7,91,5
27.4,85.67,5
26.7,93.33,5
27,89.7,5
27.3,86.98,5
27.2,85.36,5
26.2,86.84,5
26.7,85.11,5
26.6,90.25,5
27.3,86.38,5
26.7,88.32,5
26.8,89.56,5
27.6,83.88,2
27.7,85.68,5
26.5,86.17,5
26.4,87.03,5
26.3,89.29,5
26.5,89.67,5
26.5,87.76,5
26.9,86.59,5
27.5,86.6,5
27.1,86.97,5
27,90.08,5
28.2,83.46,2
27.2,89.36,5
27.6,84.2,5
27,89.76,5
27.9,84.59,5
27.8,85.25,2
28,83.29,5
27.7,83.6,5
28.2,80.91,2
27.2,85.54,5
26.9,91.89,5
27.9,86.36,2
27.7,85.66,2
27.6,85.05,5
28,82.45,2
28.5,80.7,2
28.4,82.05,2
29.4,77.96,2
29.6,79.65,2
29.3,78.86,5
28.1,85.15,5
27.5,86.98,5
26.9,89.78,5
28.1,84.17,5
27.7,87.79,5
25.8,94.2,5
26.2,86.87,5
28.4,73.82,2
28,78.9,2
27.6,83.92,2
28.4,81.83,2
27.4,86,5
26.6,86.17,5
27.6,84.33,5
27.9,78.25,2
27,84.34,5
25.5,92.86,5
25.9,92.28,5
26,92.23,5
28.7,77.31,5
28.3,83.83,2
27.8,85.98,5
28,81.27,5
26.6,84.88,2
28.2,83.01,5
28.2,84.05,5
28.7,82.03,5
27.5,86.82,5
28.3,80.97,2
28.2,80.32,2
29,75.25,5
27.8,83.61,5
27.2,87.21,5
27.5,84.9,2
28.7,80.86,2
26.7,91.15,5
27.2,90.34,5
29.1,80.31,2
28.8,83.66,5
27.9,87.89,5
28.8,86.57,5
28.1,85.9,5
28.6,84.39,5
27.8,87.48,5
28.2,81.94,5
28.6,83.95,5
27.9,88.73,5
29.2,84.41,2
29.4,83,5
30,74.74,5
28.8,77.11,5
28.9,80.45,2
29.4,76.94,5
29,76.8,2
29.8,73.61,2
29.6,74.1,2
29.2,76.05,2
29.1,78.49,2
28.3,82.88,5
26.5,93.46,5
27.9,87.65,5
27.9,85.18,5
28.3,82.36,5
28.8,80.94,5
29.5,74.49,2
29.1,74.96,2
28.5,81.17,5
28.8,77.55,2
29.3,72.36,2
28.8,73.07,2
28.5,76.39,2
28.3,78.16,2
28.4,74.34,2
28.7,73.53,2
29,74.63,2
28.9,79.13,2
28.6,76.83,2
28.5,71.01,2
28,73.37,2
27.7,73.2,2
28.2,74.04,2
28.9,71.43,2
29.5,69.5,2
29.2,72.69,2
29.4,68.92,2
28.1,72.64,2
29,69.02,2
28.6,74.1,2
28.9,73.59,2
29.7,71.48,2
28.5,72.58,2
28.8,70.12,2
27.8,73.22,2
27.6,74.74,2
27.8,76.35,2
28,76.2,2
29.1,74.14,2
28.6,76.17,2
28.9,74.77,2
27.6,77.18,2
27.8,73.74,2
28.7,72.22,2
28.5,74.12,2
28.4,71.04,2
28.2,74.34,2
28.9,74.5,2
28.6,73.77,2
27.7,72.43,2
26.8,73.19,2
27.4,71.95,2
26.9,69.92,2
26.6,70.65,2
26.6,72.56,2
26.9,75.99,2
27.2,72.74,2
27.1,71.51,2
27.6,70.11,2
27.1,76.55,2
26.9,72.67,2
26.1,70.34,2
25.7,68.82,2
25.8,68.84,2
26.2,70.82,2
27.1,71.29,2
28,74.66,2
27.7,82.46,4
28.1,77.69,2
27.6,73.23,2
27.4,71.44,2
26.8,74.09,2
26.2,71.79,2
27.8,63.84,2
26.2,74.06,2
26.8,70.49,2
26.4,65.62,2
25.9,67.09,2
26.2,65.75,2
26.1,66.98,2
26.2,67.68,2
27.4,69.06,2
27.7,73.89,1
28.2,73.39,2
27.4,73.76,2
26.7,71.22,2
26.7,70.92,2
27.1,71.2,2
26.4,71.09,2
27.1,74.29,2
27,73.81,2
26.5,72.93,2
26.6,67.86,2
26.7,71.06,2
26.9,70.83,2
26.8,69.95,2
27.5,69.71,2
26.7,68.86,2
25.1,70.26,2
26,62.12,2
26.8,57.1,2
25.8,66.14,2
26.4,66.77,2
26.7,68.51,2
26.8,69.21,2
27.5,68.48,2
27.9,70.34,2
27.9,73.55,2
27.4,74.15,2
27.9,73.86,2
26.9,72.53,2
27.2,68,2
26.3,66.57,2
26.7,65.28,2
27.6,63.8,2
27.3,74.8,2
28.2,70.21,2
26.9,69.48,2
27,69.78,2
27.6,69.08,2
27.9,68.89,2
27.5,68.83,2
26.8,67.02,1
27.4,68.97,2
26.9,69.8,2
27.2,67.38,0
27,70.71,3
27.3,71.74,2
27.9,66.67,2
26.7,70.17,2
26.2,63.79,2
26.9,65.48,2
26.8,67.74,2
27.8,64.94,2
27.4,70.26,0
28.6,58.94,0
27,71.39,2
26.5,63.32,2
26.6,62.73,0
27.7,66.4,2
27.7,70.39,2
28.3,69,2
27.6,69.9,2
26,76.13,2
27.6,66.3,2
27.5,65.21,2
26.7,71.16,2
27.4,70.5,2
27.5,70.71,2
28.5,69.17,2
28.5,69.09,2
29.1,70.51,2
28.5,71.19,2
28.9,68.78,2
28.6,68.78,2
28.1,68.47,2
28.1,67.85,5
28.7,68.2,2
29.3,66.65,2
25.1,81.19,2
28.2,62.6,2
28.2,65.97,2
28.5,66.91,2
29.2,64.85,2
28.9,67.82,2
29.7,65.07,2
29.3,64.13,2
29.2,62.98,2
29.1,65.83,2
29.1,65.04,2
28.8,66.87,2
28.7,67.45,2
28.6,66.9,1
29.1,63.05,2
29.3,68.01,2
29.4,64.68,2
29.3,65.23,2
28.6,69.08,2
29.3,66.27,2
29.4,62.21,2
29.1,66.01,2
29.3,66.95,2
29.4,64.55,1
29.7,63.9,2
29.7,64.41,2
29.6,63.59,2
30,66.19,2
29,72.46,1
26.6,82.35,4
28.8,73.01,1
29.9,65.01,2
29.4,66.94,2
29.8,63.15,2
30.3,63.03,2
30.7,66.3,2
30.5,65.31,2
30.5,63.46,2
30.6,66.43,2
29.9,69.51,2
29.5,75.11,1
30.7,68.97,1
30.3,61.26,2
30.1,61.68,0
30.1,64.72,2
30.4,66.75,2
30.3,65.98,2
30.6,63.02,2
30.2,64.03,2
30.6,61.62,2
30.5,64.62,2
30.9,64.62,2
30.8,63.11,2
30.4,68.51,5
29.7,71.38,1
30.5,65.79,2
30.8,65.89,2
31.2,69.66,2
31,64.47,2
31.3,67.56,2
30.1,73.48,4
30.1,70.91,1
29.4,76.64,4
29.9,74.35,2
30.3,70.48,2
31.3,66.26,1
30.5,69.01,5
30,72.55,5
29.9,71.43,2
29.8,69.72,2
29,73.09,4
29,76.7,1
28.6,77.44,4
27.5,83.16,4
27.8,79.7,2
29.6,74.44,1
30.1,72.86,1
29.7,72.4,5
30.5,73.16,5
28.9,76.62,1
28.5,77.97,4
29.7,74.71,4
28,83.54,4
28.5,77.44,4
27.8,83.82,4
28.5,78.21,4
28.9,78.77,4
27.6,83.22,4
28,82.13,4
27.2,82.68,4
28.2,78.24,4
28,81.49,4
28.2,79.26,4
27.7,79.85,4
27.1,84.99,4
27.4,85.01,4
26.7,89.38,4
27.8,82.29,5
27.1,85.59,4
27.3,80.74,4
28.2,77.74,2
29.2,73.03,2
29.8,74.17,2
28.8,78.95,5
27.9,83.93,5
29.4,74.73,2
29.3,75.25,4
29,77.54,5
27.5,86.62,5
28.3,84.48,4
29.3,78.68,5
28.5,81.33,1
29.2,78.62,4
28.7,80.13,4
29.1,76.69,5
28.9,79.25,4
29.4,79.45,2
29.1,78.59,2
27.3,85.8,4
27.1,83.05,4
27,86.85,4
27.3,84.19,4
26.9,84.76,4
28.3,81.33,2
28.7,76.38,4
28.4,79.43,2
27.6,82.91,5
28,80.34,4
28.7,73.5,1
29,79.54,4
27.4,89.16,4
27.2,88.64,4
28.5,82.2,2
28.3,83.11,1
27.6,85.01,4
26.9,86.14,4
25.9,91.04,4
26.5,86.59,4
27.3,83.63,5
26.9,84.16,4
27.8,80.74,4
27.2,88.03,4
27.8,85.49,4
27.4,86.23,4
27.5,85.9,5
27.2,88.17,4
27.9,84.45,4
27.9,84.68,4
27.9,83.4,4
27.5,84.11,4
28,83.71,5
27.8,86.69,4
27.6,86.27,4
27.6,85.57,4
27.5,83.6,4
26.3,88.89,4
27.4,84.07,4
27.9,82.42,4
28.8,80.65,1
29.8,76.27,1
29.7,79.93,1
28.5,82.71,5
28.5,80.82,5
29.2,79.13,2
29.1,77.62,4
28.4,83.49,4
28.2,81.01,4
28.8,78.47,5
28.5,79.53,2
29.1,79.74,1
29.1,77.93,4
26.9,85.42,4
27.7,84.12,2
28.7,80.46,5
29.2,75.63,2
28.6,80.86,4
27.9,86.91,4
27.8,85.3,4
28.8,79.66,1
29,79.79,5
29,79.42,2
28.8,81.03,1
28.7,81.27,1
28.5,84.31,4
28,85.53,4
27.3,87.08,4
27.6,84.07,2
27,86,4
28.5,77.98,2
28.6,79.94,4
28.1,83.12,4
28.2,79.35,5
28.5,80.64,5
28,82.75,5
29,82.16,4
28.9,81.97,4
28.2,85.8,4
28.3,84.48,2
28.2,84.39,5
29.7,78.39,2
29.3,78.28,5
30.2,76.99,5
30.7,73.84,2
30,72.06,2
29.4,75.63,5
29.3,75.79,4
29.7,71.52,2
29,77.66,1
27.8,82.71,4
28.7,77.36,4
29.3,74.5,5
29.3,71.38,5
28.9,78.96,4
29.3,76.02,1
28.9,83.82,5
29.4,76.45,2
29.4,76.68,2
30.1,78.91,2
28.2,82.14,4
29,80,4
27.7,86.43,4
29.1,75.19,2
29.6,74.43,5
29.2,75.87,2
28.9,76.1,2
29.4,76.77,2
29.6,77.1,2
28.6,82.03,1
27.8,81.96,1
28.3,83.42,5
27.3,88.57,4
28.2,86.26,4
29,81.81,5
29.4,77.74,2
29.7,78.22,2
27.6,86.79,4
27.9,83.84,2
25.9,91.44,4
27.7,82.17,4
28.9,80.19,2
28.3,86.82,4
28.3,84.39,1
28.3,80.41,4
29.2,73.7,2
28.6,73.59,2
28.1,77.15,2
28.3,77.86,2
28.1,78.02,1
28.2,77.4,2
28.4,74.52,2
28.2,73.02,2
28.3,72.36,2
28.2,73.31,2
28.5,73.56,2
28,82.45,4
28.8,81.26,5
28.7,76.95,5
28.8,72.46,2
28.8,76.02,2
28.7,75.79,2
27.6,76.91,2
28.2,75.77,2
28.7,73.63,2
28,74.55,2
28,75.75,2
27.7,74.35,2
27.3,73.01,2
27.4,72.14,2
27.5,74.22,2
28.4,75.03,2
27.8,73.41,2
28.2,74.04,2
28.1,73.08,2
27.6,73.49,2
27.5,71.48,2
28,71.93,2
27,81.13,4
27.3,78.53,5
28.1,75.67,2
27.7,76.66,1
27.7,73.8,2
28.1,70.95,2
28.3,74.29,2
28.1,74.5,2
28.6,72.33,2
27.8,78.47,1
28,75.13,2
28.8,74.05,2
28.4,70.8,2
28.4,72.95,2
28.4,73.79,2
28.5,77.29,2
28.7,73.5,2
28.1,72.84,2
27.4,73.01,2
26.6,67.7,2
26.4,67.69,2
26.5,70.49,2
27.2,71.62,5
27.2,65.97,2
26.3,64.97,2
26.6,71.86,2
26.9,70.24,2
26.8,73.26,2
27,73.2,2
27.9,73.68,2
28,72.98,2
27.9,72.27,2
27.2,73.72,2
27.5,74.98,2
28.4,74.12,2
28.3,77.7,5
27.7,81.07,4
27.8,77.34,5
28.5,76.39,2
28.3,78.17,2
28.4,77.14,2
28.9,74.2,2
28.1,73.12,2
28.1,71.98,2
28.1,70.4,2
28.4,68.28,2
28.2,72.57,2
28.9,65.04,2
28.2,72.2,2
28.2,71.98,2
27.8,70.9,0
28.1,69.56,0
27.3,66.07,2
28,69.86,2
28.3,72.02,2
27.8,68.46,0
28,69.05,2
28.5,70.71,2
29,70.83,2
28.9,71.89,2
29.4,72.89,2
28.8,70.34,2
28.7,67.52,2
28.7,68.56,2
28.6,69.5,2
28.3,71.5,2
28.7,68.79,2
28.4,67.85,2
28.5,69.5,2
29,65.2,2
28.5,68.9,2
28.3,66.15,2
28.1,65.54,2
28.3,69.73,2
28.6,73.17,2
29.5,69.92,2
29.4,71,2
29.5,69.17,2
29.5,74.42,2
29.4,72.35,2
29.7,69.08,2
29.7,68.22,2
29.4,69.86,2
29.7,66.98,2
29.4,68.64,2
29.4,68.34,2
29.2,67.76,2
29.9,68.42,2
29.8,70.77,2
29.7,68.23,2
29.9,64.19,2
29.3,64.06,2
29.7,63.47,2
28.7,68.66,1
29.3,68.15,2
28.8,70.18,2
27.8,77.78,4
28.7,75.37,2
29.5,71.83,2
29.5,68.52,2
30.1,67.19,2
29.7,66.6,2
30,66.15,2
28.7,70.13,1
28.6,70.56,1
27.3,80.1,1
27.8,80.11,4
28.1,80.08,2
29.1,73.99,2
29.2,74.82,5
30.1,73.09,2
30.4,70.57,2
29.2,75.09,1
27.9,78.15,4
29.3,72.52,2
29.6,73.17,2
28.2,81.23,4
26.6,86.45,4
27.7,80.91,4
27.8,82.29,4
27.6,83.2,5
29.3,76.85,2
29.4,76.1,2
30.2,71.21,2
30.3,67.18,2
29.9,72.27,2
29.9,69.61,2
30.3,66.46,5
29.2,74.16,2
29.8,74.44,2
30.3,75.13,2
30.2,71.42,2
29.8,72.68,2
30.5,71.03,2
30.8,68.76,2
30,70.44,2
30.2,73.37,2
29.1,77.96,4
30.2,72.85,2
28.4,78.76,4
28.4,76.79,1
28.2,80.55,4
28.5,77.37,1
28.1,79.58,1
28.1,80.33,4
27,86.78,4
26.7,87.88,4
26.7,86,1
28.6,76.81,1
27.3,87.6,4
26.7,90.83,4
27.6,84.22,4
26.3,88.95,4
26.5,87.39,4
26,87.77,4
27.7,81.84,4
26.1,92.07,4
26.4,88.18,4
26.9,86.95,4
26.2,90.16,4
26.5,84.6,4
26.9,85.15,4
26.4,89.76,4
26.3,89.72,4
26.6,86.9,4
26,87.67,4
26.7,85.7,4
28.2,75.48,2
28.7,72.87,5
29.1,73.21,2
29.4,72.45,2
28.1,77.24,5
27.7,81.98,4
27.8,83.12,5
27.8,85.58,5
26.6,88.97,5
26.7,90.22,5
25.4,92.85,5
26.6,86.81,5
26.9,88.93,5
26.6,91.23,5
26.8,88.91,5
27,90.06,5
25.9,93.9,5
27,84.58,5
26,90.46,5
26.7,89.16,5
27.6,85.42,5
26.4,90.81,5
26.8,88.05,5
27.3,87.38,2
27.3,86.28,5
27.7,80.66,2
27.6,79.99,5
26.9,86.11,5
26.4,88.14,5
26,89.55,5
25.9,89.01,5
26.7,85.62,5
27.3,84.87,5
26.4,90.29,5
27.5,85.47,2
26.3,88.48,5
25.2,90.69,5
26.3,87.19,5
26.1,90.99,5
26.3,88.15,5
26.5,86.2,2
25.9,88.01,2
26,89.62,2
